# vtk DataFile Version 4.2
vtk output
ASCII
DATASET POLYDATA
FIELD FieldData 1
time 1 1 double
0.5 
POINTS 5838 double
-4.0078201294 -2.2928600311 -10.924699783 -4.0034298897 -2.317209959 -10.903100014 -3.9986000061 -2.3213000298 -10.935899734 
-4.0111098289 -2.2889299393 -10.890899658 -4.0154600143 -2.2629599571 -10.912099838 -4.0066800117 -2.3138799667 -10.869700432 
-3.9943799973 -2.3431799412 -10.914299965 -3.9987399578 -2.3409199715 -10.881999969 -3.9897499084 -2.3450000286 -10.94149971 
-3.9901099205 -2.3303198814 -10.970899582 -4.0169801712 -2.2590000629 -10.877900124 -4.012819767 -2.2852900028 -10.857099533 
-4.0086598396 -2.3104000092 -10.835800171 -4.0021400452 -2.3380100727 -10.848400116 -4.0132899284 -2.2817399502 -10.82349968 
-4.0171098709 -2.2556500435 -10.844200134 -4.009540081 -2.3063900471 -10.802000046 -4.0044999123 -2.3343400955 -10.814200401 
-4.0126399994 -2.2776200771 -10.790100098 -4.0159401894 -2.2523701191 -10.81099987 -4.0093598366 -2.3016300201 -10.768400192 
-4.0057902336 -2.3298900127 -10.780099869 -4.0109801292 -2.2726800442 -10.757200241 -4.0137600899 -2.2484800816 -10.778499603 
-4.0081801414 -2.2960400581 -10.735099792 -4.0060501099 -2.3247001171 -10.746199608 -4.0082302094 -2.2667500973 -10.724699974 
-4.01060009 -2.2434198856 -10.746600151 -4.0058398247 -2.2895200253 -10.702400208 -4.005300045 -2.3187000751 -10.712900162 
-3.6196000576 -2.6165399551 -11.055600166 -3.5895600319 -2.6238799095 -11.052200317 -3.5978999138 -2.6047899723 -11.075400352 
-3.6119298935 -2.6339600086 -11.034600258 -3.6315300465 -2.59781003 -11.076499939 -3.6451599598 -2.6103999615 -11.055800438 
-3.6384499073 -2.62616992 -11.037099838 -3.5643799305 -2.6121098995 -11.069800377 -3.5831899643 -2.6421399117 -11.029600143 
-3.5577399731 -2.6308000088 -11.046699524 -3.5713400841 -2.5926001072 -11.093700409 -3.6080200672 -2.5823700428 -11.102100372 
-3.537250042 -2.5991899967 -11.085900307 -3.5311501026 -2.6179199219 -11.062700272 -3.5431199074 -2.5800600052 -11.109399796 
-3.5758600235 -2.5731699467 -11.117500305 -4.0042800903 -2.259829998 -10.692799568 -4.0062799454 -2.2372200489 -10.715000153 
-4.0021700859 -2.2820100784 -10.670200348 -4.0033202171 -2.3117499352 -10.679900169 -3.6079699993 -2.6513600349 -11.012599945 
-3.6308000088 -2.641299963 -11.019300461 -3.5779600143 -2.6604299545 -11.00660038 -3.5517098904 -2.6491200924 -11.02369976 
-3.5250499249 -2.6362099648 -11.03979969 -3.9990301132 -2.2519299984 -10.661499977 -4.0008502007 -2.2300999165 -10.683899879 
-3.9967401028 -2.2734599113 -10.638699532 -3.9995601177 -2.3037800789 -10.647500038 -3.6380701065 -2.6570100784 -10.995400429 
-3.6043999195 -2.6700599194 -10.988599777 -3.5725600719 -2.6789600849 -10.982999802 -3.5459499359 -2.6673901081 -11.000599861 
-3.5189599991 -2.6543500423 -11.016900063 -3.9923200607 -2.2429099083 -10.631500244 -3.9942998886 -2.2222599983 -10.654000282 
-3.9895200729 -2.263710022 -10.608300209 -3.9935600758 -2.2947900295 -10.615799904 -3.9796700478 -2.4508500099 -10.736700058 
-3.9755499363 -2.4714400768 -10.713299751 -3.9693300724 -2.4777998924 -10.747900009 -3.9737899303 -2.4569299221 -10.771300316 
-3.9842200279 -2.4448399544 -10.701800346 -3.9839799404 -2.4297399521 -10.759699821 -3.9881000519 -2.4240300655 -10.724900246 
-3.9802799225 -2.4650800228 -10.67840004 -3.9649300575 -2.4984800816 -10.724100113 -3.9713900089 -2.4918498993 -10.689499855 
-3.9567599297 -2.5054700375 -10.758199692 -3.9614500999 -2.4846100807 -10.781900406 -3.6621899605 -2.6685700417 -10.968899727 
-3.6300699711 -2.6793498993 -10.967700005 -3.6735699177 -2.6477100849 -10.992600441 -3.6534700394 -2.6886799335 -10.944700241 
-3.6836800575 -2.6775999069 -10.944399834 -3.6933898926 -2.6576299667 -10.967300415 -3.6229500771 -2.6988899708 -10.943099976 
-3.5983400345 -2.6893599033 -10.963999748 -3.6556398869 -2.6362700462 -11.016799927 -3.5667099953 -2.6974000931 -10.959300041 
-3.5401299 -2.6856400967 -10.977199554 -3.5129299164 -2.6724898815 -10.993700027 -3.9836599827 -2.2321100235 -10.603099823 
-3.9865698814 -2.2134299278 -10.626199722 -3.9799399376 -2.2528998852 -10.578800201 -3.9855899811 -2.2848899364 -10.584799767 
-3.9872701168 -2.4384200573 -10.666999817 -3.9910700321 -2.4180400372 -10.690199852 -3.9827899933 -2.4581201077 -10.643300056 
-3.9758501053 -2.4850099087 -10.654600143 -3.6458799839 -2.7075400352 -10.921299934 -3.6751298904 -2.6969799995 -10.921199799 
-3.6166000366 -2.7172598839 -10.919500351 -3.5921900272 -2.7079598904 -10.940099716 -3.560849905 -2.7155799866 -10.935700417 
-3.5341999531 -2.7037799358 -10.953700066 -3.5069301128 -2.6905899048 -10.970299721 -3.9768400192 -2.2004599571 -10.601599693 
-3.9723598957 -2.2192599773 -10.575099945 -3.9756600857 -2.274490118 -10.554499626 -3.9684100151 -2.2420198917 -10.54940033 
-3.9877998829 -2.4310901165 -10.631999969 -3.9923899174 -2.4113099575 -10.655599594 -3.9818899632 -2.4501700401 -10.608200073 
-3.9770998955 -2.4774401188 -10.619400024 -3.6393499374 -2.7250599861 -10.898900032 -3.6665999889 -2.7153000832 -10.899200439 
-3.6113300323 -2.7349300385 -10.89620018 -3.5864601135 -2.7260301113 -10.916399956 -3.5552101135 -2.7335801125 -10.911999702 
-3.5282299519 -2.7218399048 -10.930000305 -3.5007801056 -2.7085900307 -10.946700096 -3.9848399162 -2.4226500988 -10.597399712 
-3.9908399582 -2.4034800529 -10.621199608 -3.9782500267 -2.4415099621 -10.57349968 -3.9750199318 -2.4693200588 -10.584500313 
-3.9557800293 -2.5395200253 -10.675800323 -3.9498300552 -2.5606400967 -10.651800156 -3.9425001144 -2.567150116 -10.685500145 
-3.9605898857 -2.5188200474 -10.700099945 -3.9668900967 -2.5119400024 -10.665599823 -3.9476699829 -2.5463900566 -10.709500313 
-3.9612300396 -2.5322599411 -10.641300201 -3.9540500641 -2.5524098873 -10.617199898 -3.9358301163 -2.589099884 -10.662699699 
-3.9411399364 -2.5842900276 -10.627099991 -3.9267001152 -2.5947499275 -10.694399834 -3.9324800968 -2.5738399029 -10.717700005 
-3.6359899044 -2.7417500019 -10.875900269 -3.6585400105 -2.7306199074 -10.881099701 -3.6068799496 -2.7524800301 -10.872300148 
-3.5812599659 -2.7438499928 -10.89260006 -3.5499999523 -2.7514998913 -10.887900352 -3.5224099159 -2.7400000095 -10.905799866 
-3.4943799973 -2.7266800404 -10.922800064 -3.9799599648 -2.4134399891 -10.563199997 -3.9861199856 -2.3946099281 -10.587200165 
-3.9740300179 -2.4325098991 -10.53880024 -3.9716899395 -2.4614300728 -10.549699783 -3.9703299999 -2.5045700073 -10.630599976 
-3.963269949 -2.5241699219 -10.606699944 -3.9554100037 -2.5432600975 -10.583200455 -3.9458699226 -2.5712399483 -10.592700005 
-3.6328999996 -2.7593998909 -10.850999832 -3.665899992 -2.7446200848 -10.855600357 -3.6021900177 -2.7702100277 -10.847900391 
-3.5764501095 -2.7615499496 -10.868599892 -3.5456299782 -2.7691800594 -10.863599777 -3.5173399448 -2.7584500313 -10.880800247 
-3.4879701138 -2.7453598976 -10.897600174 -3.9748599529 -2.4035899639 -10.529100418 -3.980230093 -2.3849699497 -10.553600311 
-3.9699599743 -2.4226400852 -10.504099846 -3.9684300423 -2.4537000656 -10.513999939 -3.9701399803 -2.4966199398 -10.595700264 
-3.9626700878 -2.5162599087 -10.572899818 -3.9473099709 -2.5622899532 -10.559599876 -3.9553101063 -2.5355899334 -10.551300049 
-3.9372999668 -2.5901100636 -10.56910038 -3.9353599548 -2.597219944 -10.599699974 -3.5717999935 -2.7790300846 -10.844400406 
-3.5417599678 -2.7862799168 -10.839699745 -3.515360117 -2.7761600018 -10.856399536 -3.4818100929 -2.7661099434 -10.869199753 
-3.9321000576 -2.1942799091 -10.486499786 -3.9302899837 -2.2142500877 -10.460800171 -3.9433500767 -2.2235898972 -10.489800453 
-3.9182300568 -2.1857099533 -10.459300041 -3.9200398922 -2.1670498848 -10.484499931 -3.9454200268 -2.2013199329 -10.515000343 
-3.9332399368 -2.1727499962 -10.509900093 -3.9165699482 -2.2040500641 -10.432499886 -3.9410500526 -2.2437798977 -10.46380043 
-3.9284300804 -2.2329499722 -10.434300423 -3.9530200958 -2.2540700436 -10.493900299 -3.9559900761 -2.2324900627 -10.519499779 
-3.9696400166 -2.3929300308 -10.495300293 -3.9740700722 -2.3746299744 -10.520199776 -3.9657099247 -2.4114599228 -10.469900131 
-3.9654901028 -2.4432098866 -10.47840023 -3.6272699833 -2.7778298855 -10.82559967 -3.5969600677 -2.7878100872 -10.823300362 
-3.6214799881 -2.7955100536 -10.800900459 -3.6514298916 -2.7844200134 -10.802200317 -3.6581499577 -2.765889883 -10.827400208 
-3.5915100574 -2.8050398827 -10.798899651 -3.5669000149 -2.7961699963 -10.820199966 -3.5371499062 -2.8029100895 -10.816100121 
-3.5132100582 -2.7923600674 -10.833600044 -3.4920899868 -2.7828500271 -10.847100258 -3.9034600258 -2.175909996 -10.432499886 
-3.9053399563 -2.1580998898 -10.459699631 -3.9021999836 -2.193500042 -10.404999733 -3.9151198864 -2.2215800285 -10.405799866 
-3.9639799595 -2.3815600872 -10.461799622 -3.9675199986 -2.3636200428 -10.487099648 -3.9608199596 -2.3997499943 -10.436599731 
-3.9621798992 -2.4304499626 -10.444899559 -3.6158299446 -2.8126699924 -10.77630043 -3.6455299854 -2.8017799854 -10.777799606 
-3.5858500004 -2.8220000267 -10.774299622 -3.5615398884 -2.8130500317 -10.795999527 -3.5314700603 -2.819439888 -10.792200089 
-3.50770998 -2.8081600666 -10.811100006 -3.8877999783 -2.1658899784 -10.405799866 -3.8892900944 -2.1483299732 -10.434300423 
-3.8874800205 -2.1837699413 -10.377900124 -3.9015100002 -2.2102200985 -10.379199982 -3.9575800896 -2.3698101044 -10.428600311 
-3.9604399204 -2.3520400524 -10.454199791 -3.955149889 -2.3883900642 -10.403699875 -3.9581599236 -2.4190900326 -10.412899971 
-3.610229969 -2.8294999599 -10.75150013 -3.6402499676 -2.8186600208 -10.753100395 -3.5798900127 -2.8388199806 -10.749500275 
-3.5555899143 -2.8298199177 -10.771499634 -3.5250298977 -2.8360300064 -10.767700195 -3.5012199879 -2.8244900703 -10.787199974 
-3.3103299141 -1.871909976 -10.642999649 -3.3074300289 -1.8848700523 -10.616399765 -3.3320701122 -1.8667500019 -10.626700401 
-3.3127601147 -1.8589199781 -10.670700073 -3.2879700661 -1.8790400028 -10.660599709 -3.3359999657 -1.8535300493 -10.652000427 
-3.2853000164 -1.891710043 -10.633000374 -3.2820999622 -1.9047499895 -10.605699539 -3.3294301033 -1.8794699907 -10.601400375 
-3.3040399551 -1.8981599808 -10.590200424 -3.3535499573 -1.8624800444 -10.612700462 -3.3531799316 -1.8524999619 -10.635000229 
-3.8711400032 -2.156140089 -10.378399849 -3.8721299171 -2.1383700371 -10.408499718 -3.8720700741 -2.1770598888 -10.3458004 
-3.8894200325 -2.2004499435 -10.357199669 -3.9502899647 -2.3579199314 -10.395400047 -3.952559948 -2.3399899006 -10.42140007 
-3.9487500191 -2.377409935 -10.370599747 -3.9534699917 -2.4094901085 -10.380599976 -3.9577300549 -2.4771699905 -10.425999641 
-3.9613599777 -2.4621300697 -10.451499939 -3.9590899944 -2.4485399723 -10.421500206 -3.9565000534 -2.4637300968 -10.404000282 
-3.9546399117 -2.4875199795 -10.401499748 -3.9544100761 -2.5056700706 -10.425900459 -3.9579899311 -2.4937698841 -10.452599525 
-3.9624800682 -2.4801299572 -10.486800194 -3.9558498859 -2.4399499893 -10.392399788 -3.6044499874 -2.8462300301 -10.726400375 
-3.6352500916 -2.8352301121 -10.728199959 -3.5734300613 -2.8557100296 -10.723899841 -3.5490100384 -2.8465900421 -10.746399879 
-3.5177400112 -2.8526399136 -10.742500305 -3.4940199852 -2.8409199715 -10.762599945 -3.2637300491 -1.9000300169 -10.650899887 
-3.2604598999 -1.9129500389 -10.623000145 -3.2570099831 -1.9263700247 -10.595199585 -3.2784199715 -1.9182699919 -10.579000473 
-3.8524599075 -2.1446399689 -10.35130024 -3.8536601067 -2.1280500889 -10.382800102 -3.8504400253 -2.1589100361 -10.318900108 
-3.8670299053 -2.1887800694 -10.308300018 -3.8850998878 -2.2070500851 -10.332099915 -3.9419400692 -2.3457899094 -10.361200333 
-3.9436299801 -2.3274199963 -10.388400078 -3.9479401112 -2.3994400501 -10.348099709 -3.9417500496 -2.3672800064 -10.336899757 
-3.9541299343 -2.4654400349 -10.380200386 -3.9516599178 -2.4357700348 -10.358200073 -3.5984399319 -2.8630099297 -10.70059967 
-3.6295800209 -2.8519399166 -10.702799797 -3.5663900375 -2.8729701042 -10.69699955 -3.5413100719 -2.8636600971 -10.720199585 
-3.509540081 -2.868940115 -10.717000008 -3.4857299328 -2.8575201035 -10.73690033 -3.2396700382 -1.922440052 -10.641900063 
-3.2359600067 -1.9358199835 -10.613300323 -3.2323100567 -1.9495500326 -10.585000038 -3.2533700466 -1.9401899576 -10.568200111 
-3.8319900036 -2.1315200329 -10.326100349 -3.833739996 -2.1170599461 -10.357700348 -3.8299500942 -2.1436700821 -10.295000076 
-3.8469700813 -2.1685299873 -10.288499832 -3.9509999752 -2.516769886 -10.399399757 -3.9517099857 -2.4950199127 -10.374699593 
-3.9476599693 -2.5262799263 -10.370400429 -3.9452600479 -2.548789978 -10.397500038 -3.9495298862 -2.5348598957 -10.42689991 
-3.9486999512 -2.5024299622 -10.345999718 -3.9510400295 -2.4709200859 -10.351799965 -3.5926499367 -2.8796699047 -10.673700333 
-3.6237800121 -2.8683700562 -10.677000046 -3.5607299805 -2.8901100159 -10.668399811 -3.5304598808 -2.8822700977 -10.691100121 
-3.4795000553 -2.8738100529 -10.710800171 -3.5004200935 -2.8818399906 -10.696499825 -3.4627799988 -2.8443100452 -10.756199837 
-3.4491300583 -2.86206007 -10.727600098 -3.4570100307 -1.902510047 -10.474699974 -3.4569299221 -1.9172099829 -10.445199966 
-3.4866299629 -1.9080400467 -10.458499908 -3.4280700684 -1.9140599966 -10.461000443 -3.4274199009 -1.900069952 -10.489600182 
-3.4549100399 -1.887740016 -10.503499985 -3.4890100956 -1.8907799721 -10.490699768 -3.4281098843 -1.927579999 -10.431900024 
-3.4849700928 -1.9226700068 -10.428999901 -3.456870079 -1.9304100275 -10.416700363 -3.5149800777 -1.9163199663 -10.440999985 
-3.5169999599 -1.900769949 -10.470700264 -3.8110399246 -2.1190500259 -10.30189991 -3.8126900196 -2.1059000492 -10.333499908 
-3.8094398975 -2.1302499771 -10.270799637 -3.8281300068 -2.1537699699 -10.265299797 -3.9415099621 -2.5592501163 -10.365400314 
-3.9444899559 -2.5343000889 -10.339900017 -3.9383099079 -2.566849947 -10.332500458 -3.9332499504 -2.5923500061 -10.35739994 
-3.93633008 -2.5857300758 -10.395899773 -3.9423599243 -2.5665199757 -10.42800045 -3.8907899857 -2.6916799545 -10.472800255 
-3.8746199608 -2.7195899487 -10.46119976 -3.8750300407 -2.7139399052 -10.496600151 -3.8936500549 -2.6829800606 -10.502900124 
-3.9031500816 -2.667840004 -10.482000351 -3.8895699978 -2.6971600056 -10.440600395 -3.9039399624 -2.668970108 -10.454199791 
-3.8728599548 -2.7256999016 -10.429599762 -3.857170105 -2.7463700771 -10.449099541 -3.8575699329 -2.7415099144 -10.479499817 
-3.8823299408 -2.6986699104 -10.52820015 -3.8646399975 -2.7248599529 -10.527099609 -3.8572900295 -2.7379300594 -10.50549984 
-3.5872700214 -2.8955299854 -10.645700455 -3.6183199883 -2.8841199875 -10.649999619 -3.5562300682 -2.9059100151 -10.638899803 
-3.5297899246 -2.9001998901 -10.65929985 -3.2117400169 -1.9601500034 -10.604200363 -3.2079799175 -1.9743299484 -10.575099945 
-3.1877400875 -1.9861899614 -10.595600128 -3.2157199383 -1.9463700056 -10.633399963 -3.1925199032 -1.9715100527 -10.62539959 
-3.1837100983 -2.0007801056 -10.565199852 -3.2287900448 -1.9634200335 -10.557499886 -3.2048499584 -1.9880100489 -10.546600342 
-3.3999099731 -1.9261800051 -10.448399544 -3.3997199535 -1.9131400585 -10.476699829 -3.399490118 -1.9384499788 -10.420100212 
-3.4278600216 -1.9410799742 -10.40019989 -3.7895898819 -2.1073400974 -10.277899742 -3.7908799648 -2.0951700211 -10.309700012 
-3.7882699966 -2.1174800396 -10.246500015 -3.8079600334 -2.1395699978 -10.240400314 -3.94810009 -2.4787399769 -10.323699951 
-3.9457800388 -2.5094099045 -10.316699982 -3.945389986 -2.4851000309 -10.29529953 -3.9461901188 -2.4568200111 -10.30340004 
-3.9486699104 -2.4489600658 -10.328900337 -3.9430999756 -2.5152599812 -10.286600113 -3.9415500164 -2.5412099361 -10.308699608 
-3.9351799488 -2.5744900703 -10.299900055 -3.9301700592 -2.5993800163 -10.324299812 -3.9256000519 -2.6194999218 -10.38010025 
-3.9236800671 -2.6229801178 -10.346699715 -3.8554699421 -2.7516601086 -10.420700073 -3.8424398899 -2.7667000294 -10.437700272 
-3.8367300034 -2.76989007 -10.466300011 -3.8875300884 -2.7033998966 -10.404999733 -3.8691101074 -2.733809948 -10.400699615 
-3.16147995 -2.0158100128 -10.588700294 -3.1707000732 -1.9966700077 -10.618499756 -3.1605200768 -2.0284600258 -10.553199768 
-3.1816000938 -2.0135400295 -10.534899712 -3.3727500439 -1.938830018 -10.436300278 -3.3722701073 -1.9270199537 -10.46420002 
-3.3731100559 -1.949360013 -10.409799576 -3.3964500427 -1.9493099451 -10.394399643 -3.7675499916 -2.0961298943 -10.254199982 
-3.7684600353 -2.084980011 -10.286399841 -3.7664599419 -2.1050999165 -10.222599983 -3.7867600918 -2.1254599094 -10.21570015 
-3.9435999393 -2.4611599445 -10.275799751 -3.9428899288 -2.4899399281 -10.265800476 -3.9407598972 -2.519949913 -10.255999565 
-3.938970089 -2.5468699932 -10.277199745 -3.8910601139 -2.6987099648 -10.373000145 -3.8787999153 -2.7196800709 -10.381899834 
-3.9028201103 -2.6751201153 -10.38809967 -3.9033300877 -2.6725800037 -10.420700073 -3.8653600216 -2.7408900261 -10.373600006 
-3.8516299725 -2.7590301037 -10.393099785 -3.8787000179 -2.7205901146 -10.357199669 -3.8931601048 -2.6948800087 -10.342200279 
-3.9017500877 -2.6778800488 -10.362799644 -3.4771900177 -2.9020600319 -10.663200378 -3.5031099319 -2.8944098949 -10.674699783 
-3.5009899139 -2.9090099335 -10.648400307 -3.4721798897 -2.9158298969 -10.637499809 -3.4490799904 -2.9069299698 -10.653400421 
-3.4579100609 -2.8950300217 -10.675100327 -3.4785699844 -2.8884599209 -10.686599731 -3.5257799625 -2.914910078 -10.630399704 
-3.496229887 -2.9224200249 -10.62100029 -3.3476200104 -1.9519000053 -10.423899651 -3.3456699848 -1.9416899681 -10.451399803 
-3.3503201008 -1.9610300064 -10.396900177 -3.373939991 -1.9572800398 -10.387599945 -3.7450098991 -2.085340023 -10.231100082 
-3.7455399036 -2.0752999783 -10.263500214 -3.7441799641 -2.0931100845 -10.199399948 -3.7650101185 -2.1117200851 -10.191800117 
-3.94114995 -2.4647901058 -10.246199608 -3.9407300949 -2.4939699173 -10.235500336 -3.9389200211 -2.5237700939 -10.225000381 
-3.9369599819 -2.5509200096 -10.245400429 -3.9327399731 -2.579859972 -10.266200066 -3.9253399372 -2.6130399704 -10.28979969 
-3.9315800667 -2.5816400051 -10.233200073 -3.9247100353 -2.6122300625 -10.25039959 -3.9218599796 -2.6264400482 -10.319499969 
-3.9137198925 -2.648360014 -10.302800179 -3.9127600193 -2.6499900818 -10.264100075 -3.8482100964 -2.7649800777 -10.364299774 
-3.8321299553 -2.7836298943 -10.38560009 -3.8373799324 -2.7753798962 -10.414400101 -3.8630199432 -2.7451200485 -10.345000267 
-3.5500700474 -2.9192700386 -10.608699799 -3.519190073 -2.9267499447 -10.601799965 -3.4667699337 -2.9283399582 -10.609999657 
-3.4904699326 -2.9326899052 -10.593700409 -3.4416699409 -2.9208500385 -10.625699997 -3.3237700462 -1.9654599428 -10.411600113 
-3.3222200871 -1.9562900066 -10.438099861 -3.3262500763 -1.9742200375 -10.382900238 -3.359639883 -1.9683099985 -10.366600037 
-3.7220299244 -2.0749599934 -10.208600044 -3.7221798897 -2.0660998821 -10.241200447 -3.7215299606 -2.08156991 -10.176699638 
-3.7429900169 -2.0985701084 -10.168600082 -3.7850000858 -2.1314098835 -10.184900284 -3.8065700531 -2.1474499702 -10.209400177 
-3.7634899616 -2.1164801121 -10.161399841 -3.8040399551 -2.1523199081 -10.177900314 -3.782959938 -2.1352601051 -10.154500008 
-3.8271400928 -2.1633300781 -10.235600471 -3.8271698952 -2.1732800007 -10.202500343 -3.9390900135 -2.4682500362 -10.21570015 
-3.9390699863 -2.4976100922 -10.20470047 -3.9377200603 -2.5274200439 -10.193699837 -3.9356501102 -2.5541100502 -10.21380043 
-3.8451900482 -2.7695000172 -10.334799767 -3.8293499947 -2.7880599499 -10.355400085 -3.8603498936 -2.7493300438 -10.314599991 
-3.8772599697 -2.723279953 -10.327400208 -3.4366900921 -2.9325399399 -10.596899986 -3.4619600773 -2.9375898838 -10.581600189 
-3.4867300987 -2.9391601086 -10.566699982 -3.5101099014 -2.9341900349 -10.578499794 -3.4111499786 -2.9249000549 -10.610899925 
-3.4131500721 -2.9095098972 -10.642700195 -3.299849987 -1.9701999426 -10.427399635 -3.2986900806 -1.9799499512 -10.400500298 
-3.2991399765 -1.9889400005 -10.370499611 -3.3288600445 -1.982640028 -10.351900101 -3.6986899376 -2.065030098 -10.186599731 
-3.6984500885 -2.0573499203 -10.21930027 -3.6985499859 -2.0704898834 -10.154700279 -3.7206799984 -2.0859799385 -10.146100044 
-3.7418599129 -2.1023499966 -10.138299942 -3.762059927 -2.1195600033 -10.131500244 -3.9360001087 -2.4425199032 -10.19659996 
-3.9375898838 -2.4716200829 -10.184800148 -3.9379498959 -2.4394700527 -10.227399826 -3.9347200394 -2.4455800056 -10.165399551 
-3.931499958 -2.4166500568 -10.177900314 -3.9333000183 -2.4137899876 -10.20909977 -3.9368300438 -2.4750699997 -10.153100014 
-3.9381000996 -2.5013000965 -10.173299789 -3.9372799397 -2.5316801071 -10.161700249 -3.9350299835 -2.5579800606 -10.18200016 
-3.9310801029 -2.5839400291 -10.201800346 -3.9252700806 -2.6100099087 -10.218700409 -3.931030035 -2.5889599323 -10.170100212 
-3.9253900051 -2.6125500202 -10.189900398 -3.9197499752 -2.6315999031 -10.20510006 -3.9169700146 -2.6384699345 -10.229100227 
-3.839099884 -2.7770500183 -10.302300453 -3.8284800053 -2.7895200253 -10.329500198 -3.8591198921 -2.7512300014 -10.282600403 
-3.8748500347 -2.727339983 -10.296899796 -3.4320600033 -2.9400699139 -10.567799568 -3.4064700603 -2.9344201088 -10.58259964 
-3.4581298828 -2.9428200722 -10.552700043 -3.2744300365 -1.9853500128 -10.420499802 -3.2714400291 -1.9962899685 -10.390500069 
-3.2720999718 -2.0047900677 -10.358400345 -3.3006100655 -1.9967900515 -10.338999748 -3.6750600338 -2.055560112 -10.165200233 
-3.6744599342 -2.0491099358 -10.197999954 -3.6752400398 -2.059910059 -10.133299828 -3.6980500221 -2.0739300251 -10.124099731 
-3.7199399471 -2.0888500214 -10.11590004 -3.7409300804 -2.1046700478 -10.108799934 -3.9304299355 -2.4193000793 -10.146699905 
-3.9342000484 -2.448499918 -10.133399963 -3.936909914 -2.4790799618 -10.11950016 -3.9379200935 -2.5056300163 -10.140800476 
-3.9378499985 -2.5371999741 -10.128100395 -3.9352500439 -2.5632801056 -10.149200439 -3.9253098965 -2.6206400394 -10.160300255 
-3.9320499897 -2.5973100662 -10.134400368 -3.9182999134 -2.6405498981 -10.18200016 -3.8419399261 -2.774009943 -10.264300346 
-3.8197300434 -2.7987399101 -10.280099869 -3.8152000904 -2.8037099838 -10.313099861 -3.4846799374 -2.9428799152 -10.538399696 
-3.5126399994 -2.9379599094 -10.554100037 -3.4549000263 -2.9455199242 -10.523300171 -3.4278800488 -2.9438800812 -10.538299561 
-3.5117299557 -2.9411399364 -10.524399757 -3.4823000431 -2.9453299046 -10.508899689 -3.4016699791 -2.939909935 -10.553799629 
-3.6511399746 -2.0465700626 -10.144399643 -3.6503200531 -2.0413899422 -10.177200317 -3.6515800953 -2.049849987 -10.112500191 
-3.6750700474 -2.0624198914 -10.102700233 -3.6976900101 -2.0759599209 -10.093899727 -3.7194700241 -2.090460062 -10.086400032 
-3.7999300957 -2.1571199894 -10.117099762 -3.7997601032 -2.15914011 -10.087599754 -3.8176600933 -2.1776499748 -10.109000206 
-3.8183200359 -2.1750900745 -10.138699532 -3.7813799381 -2.1377899647 -10.12460041 -3.7808101177 -2.1397600174 -10.095000267 
-3.8012599945 -2.1548500061 -10.147000313 -3.7812600136 -2.1414101124 -10.065699577 -3.8179600239 -2.1798400879 -10.079199791 
-3.8008699417 -2.1612598896 -10.058099747 -3.834569931 -2.1995000839 -10.099599838 -3.8348801136 -2.1969099045 -10.13010025 
-3.9176800251 -2.3666000366 -10.110300064 -3.9245500565 -2.3944299221 -10.097399712 -3.9246799946 -2.3928999901 -10.128499985 
-3.9181599617 -2.364579916 -10.140899658 -3.9178500175 -2.3681099415 -10.079799652 -3.9094500542 -2.3412799835 -10.092000008 
-3.9093399048 -2.3388400078 -10.121700287 -3.9300699234 -2.4214000702 -10.114999771 -3.9249999523 -2.3949398994 -10.065999985 
-3.9303500652 -2.4223399162 -10.082699776 -3.9254601002 -2.3906400204 -10.159399986 -3.934499979 -2.4509699345 -10.09980011 
-3.9384601116 -2.4843699932 -10.080599785 -3.9387800694 -2.5114200115 -10.106300354 -3.5404999256 -2.9348599911 -10.540300369 
-3.5389900208 -2.9380199909 -10.509300232 -3.5097200871 -2.9437499046 -10.494299889 -3.4798500538 -2.9474000931 -10.479200363 
-3.4519701004 -2.9472498894 -10.493700027 -3.4240999222 -2.9456601143 -10.508600235 -3.3970599174 -2.9423298836 -10.524399757 
-3.6268401146 -2.0380699635 -10.124199867 -3.6259100437 -2.0341000557 -10.157099724 -3.6275498867 -2.0403699875 -10.092300415 
-3.6517300606 -2.0515201092 -10.081899643 -3.6750500202 -2.0636999607 -10.072600365 -3.6975998878 -2.0769200325 -10.064499855 
-3.7611598969 -2.1215898991 -10.102000237 -3.7611899376 -2.1231200695 -10.072699547 -3.7622499466 -2.1244299412 -10.043499947 
-3.7831699848 -2.1434099674 -10.036399841 -3.9184699059 -2.3686299324 -10.049300194 -3.9101400375 -2.3431899548 -10.062199593 
-3.9258100986 -2.3940799236 -10.034099579 -3.9311599731 -2.4216499329 -10.050299644 -3.9353399277 -2.4504199028 -10.065699577 
-3.9408700466 -2.5190000534 -10.074000359 -3.939620018 -2.4753699303 -10.045399666 -3.942029953 -2.5043299198 -10.049699783 
-3.5371899605 -2.9409799576 -10.47879982 -3.5074899197 -2.9461901188 -10.46420002 -3.4776000977 -2.9491999149 -10.449299812 
-3.4494900703 -2.9487199783 -10.46380043 -3.421020031 -2.9467999935 -10.478500366 -3.3924500942 -2.9432599545 -10.494099617 
-3.362459898 -2.9375500679 -10.512299538 -3.3757901192 -2.9378800392 -10.540200233 -3.6020998955 -2.0301001072 -10.104599953 
-3.6009199619 -2.0271999836 -10.137599945 -3.6030700207 -2.0315299034 -10.072799683 -3.6279699802 -2.0412900448 -10.061800003 
-3.652009964 -2.0521299839 -10.051799774 -3.6752901077 -2.0641100407 -10.043299675 -3.7405600548 -2.106110096 -10.079400063 
-3.7411398888 -2.107170105 -10.050299644 -3.7427399158 -2.1081700325 -10.02120018 -3.7648999691 -2.1262700558 -10.014300346 
-3.9112100601 -2.3443698883 -10.033200264 -3.9191200733 -2.3672199249 -10.018699646 -3.9267499447 -2.3913800716 -10.001399994 
-3.9325199127 -2.4201200008 -10.017700195 -3.9365699291 -2.4474599361 -10.033499718 -3.53489995 -2.9436900616 -10.447999954 
-3.5050199032 -2.9481298923 -10.434000015 -3.4755001068 -2.9502899647 -10.419599533 -3.447619915 -2.9498300552 -10.433899879 
-3.3899199963 -2.943969965 -10.463000298 -3.4189200401 -2.9477300644 -10.44810009 -3.3619101048 -2.9386799335 -10.478899956 
-3.5768499374 -2.022769928 -10.085599899 -3.5753800869 -2.0208399296 -10.118499756 -3.5781099796 -2.0234498978 -10.053999901 
-3.6037700176 -2.0318300724 -10.04240036 -3.6285200119 -2.0413498878 -10.03180027 -3.6525199413 -2.0520699024 -10.022600174 
-3.7195301056 -2.091340065 -10.057200432 -3.7205700874 -2.0919799805 -10.028100014 -3.7226200104 -2.092689991 -9.9989595413 
-3.7460000515 -2.1098599434 -9.9919996262 -3.9122400284 -2.3446500301 -10.008399963 -3.918380022 -2.3599300385 -9.9859304428 
-3.9344499111 -2.418489933 -9.983880043 -3.9278399944 -2.3879299164 -9.9682197571 -3.5315899849 -2.9456601143 -10.417099953 
-3.5019099712 -2.9491200447 -10.404100418 -3.4464900494 -2.9501299858 -10.404299736 -3.4734899998 -2.9503400326 -10.390999794 
-3.4177999496 -2.9481699467 -10.417900085 -3.3585801125 -2.9387600422 -10.447199821 -3.388420105 -2.9444100857 -10.43200016 
-2.9932301044 -2.4965898991 -10.54090023 -2.9989600182 -2.5122900009 -10.568200111 -2.9964699745 -2.5271298885 -10.541500092 
-2.990639925 -2.5115399361 -10.513500214 -2.9885098934 -2.4789299965 -10.513899803 -2.9962201118 -2.4819200039 -10.568099976 
-2.9917600155 -2.4663701057 -10.542499542 -3.0031299591 -2.5417399406 -10.568799973 -3.0063099861 -2.527659893 -10.594900131 
-3.0024399757 -2.4972200394 -10.595299721 -2.9948899746 -2.5427498817 -10.515800476 -3.0014400482 -2.5559699535 -10.543800354 
-3.2483699322 -2.0317800045 -10.281900406 -3.2476599216 -2.0361399651 -10.249400139 -3.2745099068 -2.0225100517 -10.262399673 
-3.2743499279 -2.017469883 -10.294599533 -3.2481000423 -2.0268399715 -10.313300133 -3.2249600887 -2.0417499542 -10.300200462 
-3.223279953 -2.0466599464 -10.269900322 -3.2744998932 -2.0263900757 -10.229100227 -3.2203299999 -2.0513501167 -10.236000061 
-3.2472300529 -2.0392398834 -10.214400291 -3.3021700382 -2.0147099495 -10.241999626 -3.3022799492 -2.0097899437 -10.274700165 
-3.440089941 -1.9988800287 -10.170000076 -3.4381699562 -2.0012199879 -10.138400078 -3.4675199986 -2.0009698868 -10.150400162 
-3.4395198822 -1.9951399565 -10.201100349 -3.4124600887 -1.9981800318 -10.188400269 -3.4721601009 -1.9977600574 -10.184300423 
-3.4110200405 -2.001060009 -10.157899857 -3.4651899338 -2.0026700497 -10.118100166 -3.4096701145 -2.0027298927 -10.126999855 
-3.4359500408 -2.0022799969 -10.107899666 -3.4939599037 -2.0042600632 -10.131400108 -3.4953699112 -2.0019700527 -10.161000252 
-3.5510799885 -2.0161800385 -10.067399979 -3.5494399071 -2.0151500702 -10.099900246 -3.5526599884 -2.0162599087 -10.035900116 
-3.5790801048 -2.023250103 -10.02369976 -3.6045498848 -2.0314700603 -10.012499809 -3.6292300224 -2.0409400463 -10.002599716 
-3.6980400085 -2.0773000717 -10.035300255 -3.6994400024 -2.0775799751 -10.006299973 -3.701800108 -2.0780799389 -9.9769802094 
-3.726350069 -2.0942599773 -9.9695701599 -3.7689499855 -2.1287899017 -9.985250473 -3.7864398956 -2.1459200382 -10.007399559 
-3.7506699562 -2.1124000549 -9.9626197815 -3.7914800644 -2.1496698856 -9.9787302017 -3.7749700546 -2.1328499317 -9.9561901093 
-3.8034100533 -2.1638700962 -10.029000282 -3.8073999882 -2.1672999859 -10.000300407 -3.4468300343 -2.9495000839 -10.375800133 
-3.4178800583 -2.9477798939 -10.387900352 -3.4975500107 -2.9490399361 -10.375200272 -3.471750021 -2.9495899677 -10.366700172 
-3.3885300159 -2.9443099499 -10.401399612 -3.3824100494 -2.0044798851 -10.146300316 -3.3841199875 -2.0022099018 -10.177900314 
-3.3553099632 -2.0076599121 -10.166700363 -3.3539600372 -2.0092101097 -10.133899689 -3.3818399906 -2.005409956 -10.114600182 
-3.3873300552 -1.9984300137 -10.20909977 -3.357530117 -2.004650116 -10.199099541 -3.3285999298 -2.0122098923 -10.187800407 
-3.3269400597 -2.0143499374 -10.154600143 -3.52470994 -2.0104799271 -10.050000191 -3.5228199959 -2.0101799965 -10.082300186 
-3.5268199444 -2.010119915 -10.018500328 -3.5539200306 -2.0157198906 -10.005700111 -3.5800600052 -2.0226099491 -9.9938802719 
-3.6053800583 -2.0308101177 -9.9833602905 -3.676019907 -2.0640499592 -10.013999939 -3.6776800156 -2.0640599728 -9.9849395752 
-3.6802299023 -2.064440012 -9.9553203583 -3.7058899403 -2.0796000957 -9.9471597672 -3.7314798832 -2.0968298912 -9.9397296906 
-3.7573599815 -2.1166100502 -9.9329996109 -3.419549942 -2.9465301037 -10.357500076 -3.4521799088 -2.9481899738 -10.347800255 
-3.3890900612 -2.9432499409 -10.371100426 -3.5550599098 -2.0149099827 -9.9759197235 -3.5809400082 -2.0218300819 -9.964799881 
-3.6534500122 -2.0517098904 -9.9933795929 -3.6552100182 -2.0515499115 -9.9641399384 -3.6577699184 -2.0518798828 -9.9340696335 
-3.6845700741 -2.0660300255 -9.9246797562 -3.7114698887 -2.0823700428 -9.9165496826 -3.7387399673 -2.1012899876 -9.9094400406 
-3.4252300262 -2.9448699951 -10.325799942 -3.3873500824 -2.9406299591 -10.337100029 -3.3614299297 -2.9371600151 -10.358200073 
-3.3615100384 -2.9387199879 -10.385199547 -3.4981799126 -2.0058701038 -10.032799721 -3.5005500317 -2.0051100254 -10.001299858 
-3.4710099697 -2.0023798943 -10.01570034 -3.4951200485 -2.0060799122 -10.065600395 -3.4682600498 -2.0031900406 -10.048100471 
-3.4737300873 -2.001349926 -9.9837703705 -3.5283300877 -2.0093100071 -9.9882001877 -3.5023999214 -2.0041999817 -9.9708499908 
-3.5296099186 -2.008480072 -9.9584302902 -3.5558900833 -2.0141301155 -9.946849823 -3.6302599907 -2.0403800011 -9.973400116 
-3.6319599152 -2.0401198864 -9.9440498352 -3.6341199875 -2.0404200554 -9.9138202667 -3.6619000435 -2.053440094 -9.9020795822 
-3.6907300949 -2.0692400932 -9.8924798965 -3.7195999622 -2.0874700546 -9.8855695724 -3.5039300919 -2.0034799576 -9.9410600662 
-3.5303399563 -2.0078699589 -9.9293498993 -3.6064100266 -2.0301799774 -9.9541797638 -3.6078100204 -2.0299398899 -9.9249000549 
-3.6092998981 -2.0303099155 -9.8951101303 -3.6366798878 -2.0416400433 -9.8820896149 -3.6672799587 -2.0569500923 -9.8646202087 
-3.7010700703 -2.0760500431 -9.8609600067 -3.5818400383 -2.021239996 -9.9357004166 -3.5828199387 -2.0211598873 -9.9066400528 
-3.5838000774 -2.0218400955 -9.8774299622 -3.610519886 -2.0314700603 -9.8652601242 -3.6361100674 -2.0426700115 -9.8510503769 
-3.6568200588 -2.053839922 -9.8305101395 -3.6868999004 -2.0696299076 -9.832909584 -3.4766900539 -2.0004999638 -9.9531497955 
-3.4783799648 -2.0000100136 -9.923620224 -3.5045499802 -2.0031599998 -9.9121398926 -3.4515800476 -1.9983400106 -9.9351501465 
-3.4488298893 -1.9990400076 -9.9648399353 -3.4791400433 -2.0001599789 -9.8957901001 -3.453510046 -1.9982299805 -9.9059801102 
-3.1340100765 -2.8206100464 -10.337800026 -3.1105298996 -2.7986900806 -10.335800171 -3.1187601089 -2.8090200424 -10.364600182 
-3.1591598988 -2.8412599564 -10.338299751 -3.1488900185 -2.8306200504 -10.3125 -3.1446800232 -2.8322999477 -10.366700172 
-3.1257998943 -2.8106200695 -10.310199738 -3.1027500629 -2.7878499031 -10.307999611 -3.0891699791 -2.7762699127 -10.335100174 
-3.0971400738 -2.7869200706 -10.359800339 -3.1019699574 -2.7934501171 -10.38710022 -3.1282200813 -2.819439888 -10.400099754 
-3.5040700436 -2.0034399033 -9.8837604523 -3.5306100845 -2.0077300072 -9.9004497528 -3.530299902 -2.0083301067 -9.8717002869 
-3.5022799969 -2.0045099258 -9.8552904129 -3.4771900177 -2.0008699894 -9.8692102432 -3.5298199654 -2.0099799633 -9.8424501419 
-3.5574600697 -2.0150499344 -9.8599395752 -3.5570600033 -2.0139200687 -9.8889703751 -3.5565600395 -2.0137000084 -9.9178495407 
-3.5584800243 -2.0175499916 -9.8306102753 -3.5302600861 -2.0133600235 -9.8122901917 -3.5002601147 -2.0068700314 -9.8255300522 
-3.5848600864 -2.0236001015 -9.8483695984 -3.5870499611 -2.0269498825 -9.8196001053 -3.5608799458 -2.0218999386 -9.8008003235 
-3.657490015 -2.9570300579 -10.016900063 -3.6842401028 -2.9410998821 -10.02670002 -3.6829500198 -2.9568998814 -9.9960803986 
-3.6536400318 -2.972520113 -9.9876098633 -3.6295099258 -2.9722900391 -10.007599831 -3.632889986 -2.9577200413 -10.03619957 
-3.6597499847 -2.9422500134 -10.046299934 -3.7100598812 -2.9398899078 -10.007599831 -3.6848700047 -2.9267199039 -10.055700302 
-3.7084200382 -2.9252300262 -10.037099838 -3.6775500774 -2.973870039 -9.9649600983 -3.7131500244 -2.956799984 -9.9721298218 
-3.6255400181 -2.9865999222 -9.9796800613 -3.6469500065 -2.9877901077 -9.959280014 -3.6047999859 -2.9726800919 -10.025799751 
-3.600990057 -2.9869000912 -9.997710228 -3.6080400944 -2.9589300156 -10.054100037 -3.6355600357 -2.9439198971 -10.065500259 
-3.5758299828 -2.9867401123 -10.015399933 -3.5797400475 -2.973099947 -10.042699814 -3.8628799915 -2.3128199577 -9.6608200073 
-3.8793900013 -2.3513100147 -9.6581697464 -3.8825600147 -2.3262200356 -9.6891298294 -3.8552000523 -2.3342900276 -9.629650116 
-3.8666300774 -2.293309927 -9.6905698776 -3.846159935 -2.277960062 -9.6653404236 -3.8400399685 -2.2985899448 -9.6346101761 
-3.8980400562 -2.3589100838 -9.6921195984 -3.8977100849 -2.382889986 -9.6689796448 -3.8672599792 -2.3691101074 -9.6246404648 
-3.8842298985 -2.3817300797 -9.6442499161 -3.8982799053 -2.3379700184 -9.7182998657 -3.883409977 -2.3073599339 -9.7169399261 
-3.5974199772 -3.0014200211 -9.9676198959 -3.6227800846 -2.9976100922 -9.956580162 -3.5711801052 -3.0005400181 -9.9882001877 
-3.5460600853 -2.9996199608 -10.005200386 -3.55072999 -2.9862101078 -10.031599998 -3.5297598839 -2.9722099304 -10.074000359 
-3.5011599064 -2.9823999405 -10.062000275 -3.5046799183 -2.9702301025 -10.089300156 -3.5257999897 -2.9848399162 -10.046899796 
-3.5326099396 -2.9606199265 -10.102700233 -3.5578401089 -2.9608500004 -10.086899757 -3.5546500683 -2.9730401039 -10.058699608 
-3.4766900539 -2.9787700176 -10.076899529 -3.4724700451 -2.991230011 -10.050800323 -3.4964599609 -2.9952800274 -10.035900116 
-3.4788799286 -2.9672598839 -10.104399681 -3.5066900253 -2.9593598843 -10.118700027 -3.4517199993 -2.9744501114 -10.090600014 
-3.4496400356 -2.9859800339 -10.065500259 -3.5647799969 -3.0137400627 -9.9617204666 -3.5853800774 -3.0152699947 -9.9423398972 
-3.6087799072 -3.0072200298 -9.9442300797 -3.6331000328 -3.0040099621 -9.9311504364 -3.5407099724 -3.0127100945 -9.9791402817 
-3.5158801079 -3.011179924 -9.9949302673 -3.5211100578 -2.9980399609 -10.020700455 -3.4667599201 -3.0042500496 -10.025300026 
-3.443680048 -2.9984099865 -10.040699959 -3.6883099079 -2.9929099083 -9.9102602005 -3.657130003 -3.0055301189 -9.9040899277 
-3.667550087 -2.9905600548 -9.9349002838 -3.6804199219 -3.0052199364 -9.8810300827 -3.6997499466 -2.9773199558 -9.9390497208 
-3.7179598808 -2.9823000431 -9.9119701385 -3.705149889 -2.9949200153 -9.8895196915 -3.6211400032 -3.0198099613 -9.895359993 
-3.6492400169 -3.0174798965 -9.8711900711 -3.6738801003 -3.0151000023 -9.8510398865 -3.7072501183 -3.0038299561 -9.8593597412 
-3.6036300659 -3.0166900158 -9.9225702286 -3.5576200485 -3.0253100395 -9.9366102219 -3.5352098942 -3.0246798992 -9.9534397125 
-3.5774300098 -3.0258200169 -9.9188404083 -3.5107600689 -3.023649931 -9.9690999985 -3.485519886 -3.0214400291 -9.9843397141 
-3.491050005 -3.008480072 -10.010100365 -3.5511500835 -3.0350399017 -9.9121904373 -3.5306499004 -3.0348300934 -9.928560257 
-3.5067799091 -3.034719944 -9.9430704117 -3.48093009 -3.0334999561 -9.9577703476 -3.4547200203 -3.030299902 -9.9732198715 
-3.46062994 -3.0174100399 -9.9996995926 -3.8706600666 -2.4830200672 -9.5812397003 -3.8609800339 -2.510999918 -9.5633001328 
-3.8816699982 -2.5114901066 -9.5834102631 -3.8485898972 -2.4822700024 -9.558930397 -3.8805599213 -2.4568500519 -9.601770401 
-3.8588900566 -2.4529800415 -9.577870369 -3.8910999298 -2.4881799221 -9.6025495529 -3.8733301163 -2.5386900902 -9.5664300919 
-3.8389101028 -2.5124599934 -9.5426702499 -3.8511400223 -2.539910078 -9.546959877 -3.8984498978 -2.5142600536 -9.600569725 
-3.8940498829 -2.5375800133 -9.586139679 -3.8249599934 -2.4848999977 -9.5355195999 -3.8348999023 -2.4519000053 -9.5528402328 
-3.8639099598 -2.5674800873 -9.5497102737 -3.8874099255 -2.5657100677 -9.5691099167 -3.5055100918 -3.0438399315 -9.9172201157 
-3.4788899422 -3.044260025 -9.930150032 -3.5277900696 -3.042140007 -9.9070396423 -3.4501700401 -3.0426199436 -9.9448404312 
-3.4228100777 -3.0377500057 -9.9619703293 -3.4298601151 -3.0247499943 -9.9894199371 -3.828979969 -2.541189909 -9.5281600952 
-3.8400800228 -2.5683999062 -9.5311002731 -3.5099298954 -3.0502998829 -9.891169548 -3.480809927 -3.0529999733 -9.9015903473 
-3.415430069 -3.0515201092 -9.929019928 -3.4502599239 -3.0536599159 -9.9143896103 -3.3896100521 -3.0423998833 -9.9534702301 
-3.3993899822 -3.0301299095 -9.9799098969 -3.2073500156 -2.9360799789 -10.064599991 -3.2393600941 -2.9405100346 -10.080499649 
-3.2316799164 -2.9561300278 -10.05189991 -3.1997699738 -2.953690052 -10.035200119 -3.1756401062 -2.9314699173 -10.047599792 
-3.216340065 -2.9210600853 -10.093999863 -3.1823699474 -2.9113600254 -10.079799652 -3.2462399006 -2.9258699417 -10.1104002 
-3.2637300491 -2.9580500126 -10.067700386 -3.2716300488 -2.9432499409 -10.097499847 -3.2263200283 -2.9727399349 -10.024600029 
-3.2562000751 -2.9726099968 -10.041000366 -3.4233300686 -3.0622000694 -9.8949098587 -3.3963499069 -3.0609800816 -9.9046401978 
-3.3777599335 -3.0542399883 -9.924949646 -3.4549100399 -3.0619299412 -9.8827400208 -3.1953299046 -2.9725399017 -10.006799698 
-3.1651899815 -2.9505798817 -10.01609993 -3.1461501122 -2.9258499146 -10.032299995 -3.1537599564 -2.9093399048 -10.058199883 
-3.3053400517 -2.0506899357 -9.6655902863 -3.2989299297 -2.0441300869 -9.6943502426 -3.2787299156 -2.0521399975 -9.6802997589 
-3.282720089 -2.0606400967 -9.6471796036 -3.3114700317 -2.0605199337 -9.6317901611 -3.3253400326 -2.0409901142 -9.6874799728 
-3.3340799809 -2.0506498814 -9.6521196365 -3.2772400379 -2.0448999405 -9.7122402191 -3.3074800968 -2.0347700119 -9.7249298096 
-3.2548298836 -2.0624299049 -9.6638298035 -3.252120018 -2.0551600456 -9.6971902847 -3.4278199673 -3.070679903 -9.8585996628 
-3.3963799477 -3.0692100525 -9.8770704269 -3.2584500313 -2.0707399845 -9.6309499741 -3.2861299515 -2.0722999573 -9.6097698212 
-3.2237799168 -2.0673000813 -9.6809902191 -3.2319800854 -2.0733299255 -9.6451997757 -3.3188199997 -2.0722498894 -9.5979404449 
-3.3411700726 -2.0622999668 -9.6179599762 -3.2379100323 -2.0790400505 -9.6187095642 -3.256180048 -2.0807499886 -9.6006097794 
-3.2988801003 -2.0829598904 -9.5768604279 -3.274490118 -2.0840899944 -9.5822896957 -3.3263700008 -2.0850400925 -9.5664901733 
-3.3481600285 -2.0755600929 -9.5851898193 -3.3539400101 -2.0903000832 -9.553730011 -3.3779299259 -2.0816400051 -9.5714101791 
-3.38270998 -2.0988299847 -9.5391101837 -3.3311998844 -2.0985600948 -9.5375299454 -3.3707900047 -2.0664401054 -9.6039896011 
-3.3062798977 -2.0946500301 -9.5482597351 -3.532020092 -3.0583000183 -9.7927799225 -3.4991800785 -3.0651400089 -9.8105401993 
-3.5259099007 -3.0574998856 -9.8306102753 -3.5006299019 -3.065860033 -9.783490181 -3.5702600479 -3.0487999916 -9.7849302292 
-3.5486299992 -3.0533099174 -9.7581701279 -3.5152199268 -3.0621099472 -9.7602596283 -3.564209938 -3.0489699841 -9.8215999603 
-3.4933900833 -3.0631299019 -9.8418502808 -3.4739201069 -3.0714800358 -9.7921304703 -3.4697399139 -3.0699501038 -9.8224802017 
-3.5177600384 -3.0547599792 -9.8626499176 -3.5496399403 -3.0487799644 -9.8542995453 -3.4863801003 -3.0592501163 -9.8722200394 
-3.4627199173 -3.0670800209 -9.8519802094 -2.9054000378 -2.5168800354 -9.9621400833 -2.9216899872 -2.5332899094 -9.9943799973 
-2.9037001133 -2.5490999222 -9.9636297226 -2.8891201019 -2.5308799744 -9.9376001358 -2.8926301003 -2.5005199909 -9.9359302521 
-2.9191598892 -2.4989500046 -9.9844303131 -2.9077000618 -2.4874200821 -9.9589300156 -2.9324700832 -2.5034298897 -10.014399529 
-2.9183700085 -2.569560051 -9.9889097214 -2.9341700077 -2.5608999729 -10.018300056 -2.9391400814 -2.5320498943 -10.03069973 
-2.9014699459 -2.581209898 -9.9618501663 -2.8865199089 -2.5619299412 -9.9383296967 -2.9168798923 -2.4140200615 -9.9421100616 
-2.9129600525 -2.3935599327 -9.9179496765 -2.9284000397 -2.3842899799 -9.946390152 -2.9311699867 -2.404900074 -9.9701004028 
-2.9212300777 -2.4338300228 -9.9645595551 -2.9005100727 -2.4231300354 -9.9140701294 -2.9065001011 -2.4427399635 -9.9378299713 
-2.9087901115 -2.3750100136 -9.8920497894 -2.9272899628 -2.3605399132 -9.919719696 -2.8964600563 -2.4029700756 -9.8911104202 
-2.9406199455 -2.3566000462 -9.9513196945 -2.9418001175 -2.3750500679 -9.9743700027 -3.2799599171 -2.0935800076 -9.556520462 
-2.875950098 -2.5129499435 -9.9125003815 -2.8721299171 -2.543200016 -9.9141902924 -2.8815898895 -2.4829900265 -9.9110898972 
-2.8983299732 -2.4713099003 -9.9355401993 -2.8925900459 -2.3854100704 -9.8683595657 -2.8813900948 -2.4314899445 -9.8834495544 
-2.8831899166 -2.4073300362 -9.8689603806 -2.9037899971 -2.3593800068 -9.8648004532 -2.887419939 -2.3703899384 -9.8429603577 
-2.8770799637 -2.3953399658 -9.8474998474 -2.9205598831 -2.3464000225 -9.8872995377 -2.9155499935 -2.3333199024 -9.8590402603 
-2.8991699219 -2.344990015 -9.8376703262 -2.9372498989 -2.3296699524 -9.90762043 -2.9313099384 -2.3202199936 -9.8789100647 
-2.9120900631 -2.3201301098 -9.8323497772 -2.9276399612 -2.3092799187 -9.8531703949 -3.0151600838 -2.1802299023 -9.7695398331 
-3.0232200623 -2.1701300144 -9.7420902252 -3.0395898819 -2.1596798897 -9.7657299042 -2.9998300076 -2.1895799637 -9.7456598282 
-2.9917299747 -2.201390028 -9.7707796097 -3.0309100151 -2.1703801155 -9.7951202393 -3.0062599182 -2.1930999756 -9.7968502045 
-3.0072300434 -2.1801400185 -9.719499588 -3.0473499298 -2.1516098976 -9.7365903854 -3.0306499004 -2.1622800827 -9.7145795822 
-3.065089941 -2.1400299072 -9.7595396042 -3.0567500591 -2.1484398842 -9.7912902832 -3.2882199287 -2.1051599979 -9.5282402039 
-2.8639400005 -2.4948399067 -9.8875398636 -2.858520031 -2.524600029 -9.8898096085 -2.8896899223 -2.4529099464 -9.9111404419 
-2.8714499474 -2.4646298885 -9.8856496811 -2.8709299564 -2.380769968 -9.8217697144 -2.882529974 -2.355700016 -9.8161201477 
-2.8688900471 -2.4202899933 -9.8533000946 -2.8606200218 -2.4061100483 -9.8272695541 -2.8954899311 -2.3308200836 -9.8104696274 
-2.9696199894 -2.2218499184 -9.7681102753 -2.9781999588 -2.2088398933 -9.7473602295 -2.9821600914 -2.2164399624 -9.7950496674 
-2.9488799572 -2.2404499054 -9.7588796616 -2.961149931 -2.2248799801 -9.7469501495 -2.9583098888 -2.2395200729 -9.7881002426 
-2.9642100334 -2.217279911 -9.7268800735 -2.9847199917 -2.1987600327 -9.7233896255 -2.9913499355 -2.1900000572 -9.6975898743 
-3.0145699978 -2.1723899841 -9.6926698685 -3.2548999786 -3.0714399815 -9.8604097366 -3.229170084 -3.0762300491 -9.8416996002 
-3.2276000977 -3.0629301071 -9.8724002838 -3.2827498913 -3.0783600807 -9.8470096588 -3.2567899227 -3.0834200382 -9.8282403946 
-3.2818500996 -3.0664300919 -9.8800802231 -3.2527499199 -3.0585200787 -9.8906402588 -3.2319600582 -3.0884799957 -9.8093204498 
-3.201980114 -3.0667901039 -9.8546199799 -3.2047100067 -3.080919981 -9.8226299286 -3.2005400658 -3.0502700806 -9.8876600266 
-3.2283599377 -3.0514199734 -9.8968496323 -2.8457200527 -2.5061900616 -9.8649902344 -2.8527200222 -2.4769699574 -9.8621301651 
-2.8512101173 -2.4322199821 -9.8323001862 -2.8611199856 -2.4476599693 -9.8589200974 -2.842869997 -2.4164600372 -9.8062601089 
-2.8537199497 -2.3909199238 -9.8007001877 -2.8655400276 -2.3658800125 -9.7946901321 -2.8785099983 -2.3411400318 -9.7886600494 
-2.8931400776 -2.3166899681 -9.7830295563 -2.9102499485 -2.3064200878 -9.8058004379 -2.9100298882 -2.2921199799 -9.7783002853 
-2.9272699356 -2.2826399803 -9.8038196564 -2.9261798859 -2.2968299389 -9.8284902573 -2.8916699886 -2.303139925 -9.7547397614 
-2.909840107 -2.2791099548 -9.7491197586 -2.9323298931 -2.2641899586 -9.775560379 -2.9479401112 -2.2597899437 -9.810259819 
-2.9402699471 -2.2771799564 -9.8275699615 -2.9692099094 -2.208329916 -9.702170372 -2.9753499031 -2.1999399662 -9.6760396957 
-2.998470068 -2.1824800968 -9.6708803177 -3.0223999023 -2.1660399437 -9.6656799316 -3.0384099483 -2.1559500694 -9.6875400543 
-3.046849966 -2.1508300304 -9.6606702805 -3.0062000751 -2.1762399673 -9.6437997818 -3.0307900906 -2.1610400677 -9.638420105 
-3.0621399879 -2.141119957 -9.6827802658 -3.0541899204 -2.1459701061 -9.7088098526 -3.0559298992 -2.1470398903 -9.633190155 
-3.0718700886 -2.1367800236 -9.6561803818 -3.1079599857 -2.1228299141 -9.6213302612 -3.1165800095 -2.1245000362 -9.5910701752 
-3.135299921 -2.1129500866 -9.6127901077 -3.0980300903 -2.1235799789 -9.6515903473 -3.081690073 -2.1342000961 -9.6278600693 
-3.0909600258 -2.1337800026 -9.5988302231 -3.1255199909 -2.111520052 -9.64523983 -3.099750042 -2.1351299286 -9.5706100464 
-3.1215000153 -2.1283099651 -9.5651798248 -3.1440300941 -2.1175899506 -9.5776596069 -3.1539900303 -2.1010000706 -9.6370801926 
-3.1638300419 -2.1045598984 -9.6039600372 -3.2841598988 -3.0886499882 -9.8138904572 -3.2594599724 -3.0939099789 -9.7952804565 
-3.2355799675 -3.0987401009 -9.7760696411 -3.2084100246 -3.0930199623 -9.7898702621 -3.121639967 -3.0269999504 -9.888299942 
-3.0970098972 -3.0314099789 -9.8682603836 -3.0932500362 -3.0103800297 -9.8954296112 -3.1237499714 -3.0467300415 -9.8582696915 
-3.117470026 -3.0044500828 -9.9173603058 -3.151309967 -3.023070097 -9.9098300934 -3.1486699581 -3.0427799225 -9.8771696091 
-3.0994501114 -3.0503399372 -9.8385000229 -3.0734701157 -3.0346999168 -9.848859787 -3.0714199543 -3.0155398846 -9.8756904602 
-3.0837299824 -2.9841001034 -9.9215898514 -3.0694599152 -2.9976201057 -9.8971500397 -2.8326199055 -2.442800045 -9.810839653 
-2.8422100544 -2.4597299099 -9.8363895416 -2.8241999149 -2.4264199734 -9.7854299545 -2.8354599476 -2.40102005 -9.7797203064 
-2.8477499485 -2.375880003 -9.7733297348 -2.8610899448 -2.3511099815 -9.7670097351 -2.8756599426 -2.3268899918 -9.7608003616 
-2.8738698959 -2.3132300377 -9.7325296402 -2.8912301064 -2.2903599739 -9.7263097763 -2.9097700119 -2.2680499554 -9.7199602127 
-2.9285299778 -2.2559299469 -9.7414598465 -2.9461400509 -2.2355799675 -9.7325601578 -2.9484300613 -2.2272698879 -9.7071800232 
-2.9289300442 -2.2469100952 -9.7132797241 -2.9319899082 -2.2374300957 -9.6864299774 -2.9532198906 -2.2182300091 -9.6811199188 
-2.9592900276 -2.2098500729 -9.6546297073 -2.9823100567 -2.1925699711 -9.6492500305 -2.9898300171 -2.1864700317 -9.6220598221 
-3.0144600868 -2.1713900566 -9.6162099838 -3.0397100449 -2.1574499607 -9.6105298996 -3.0653500557 -2.1448199749 -9.6050100327 
-3.0491199493 -2.155479908 -9.5818796158 -3.0748400688 -2.1443998814 -9.576499939 -3.0847198963 -2.1452701092 -9.5488996506 
-3.1104199886 -2.1372299194 -9.543129921 -3.1372699738 -2.1282200813 -9.5446395874 -3.2628500462 -3.1025900841 -9.7620401382 
-3.2862899303 -3.0973000526 -9.781080246 -3.2392799854 -3.106869936 -9.742650032 -3.2124700546 -3.1025300026 -9.7567195892 
-3.1505401134 -3.0601398945 -9.8469896317 -3.1265699863 -3.0644099712 -9.8267803192 -3.1012299061 -3.0674300194 -9.803899765 
-3.075619936 -3.0518000126 -9.8195400238 -2.8228499889 -2.4701299667 -9.8144903183 -2.8132300377 -2.4526000023 -9.7895298004 
-2.8053100109 -2.4360599518 -9.7654800415 -2.8162300587 -2.4116299152 -9.7596797943 -2.828389883 -2.3862900734 -9.7519702911 
-2.8427801132 -2.3609099388 -9.7453899384 -2.8578701019 -2.3366200924 -9.7390003204 -2.855989933 -2.3225500584 -9.7108402252 
-2.873470068 -2.3000700474 -9.7044401169 -2.8920600414 -2.2783000469 -9.6982402802 -2.9117200375 -2.257349968 -9.6922101974 
-2.9155099392 -2.2470500469 -9.6650695801 -2.9370999336 -2.2279698849 -9.6598501205 -2.9434399605 -2.219399929 -9.6334295273 
-2.9661300182 -2.2025299072 -9.6279497147 -2.9730799198 -2.1967198849 -9.6009502411 -2.9976298809 -2.1818799973 -9.594209671 
-3.02312994 -2.1680300236 -9.5877103806 -3.0323600769 -2.1662399769 -9.5574502945 -3.0594100952 -2.1547899246 -9.5530395508 
-3.0707900524 -2.1542699337 -9.529589653 -3.2663199902 -3.1090199947 -9.7287998199 -3.2895801067 -3.1041100025 -9.7487602234 
-3.2419099808 -3.1124899387 -9.7094497681 -3.2157299519 -3.109639883 -9.7241201401 -3.154129982 -3.0758700371 -9.8152303696 
-3.1316299438 -3.0795199871 -9.7938098907 -3.1116299629 -3.0824201107 -9.7707004547 -3.0870900154 -3.0734601021 -9.7760400772 
-3.0771000385 -3.0629301071 -9.7956199646 -2.8139400482 -2.4985399246 -9.8179302216 -2.8024199009 -2.4802000523 -9.7924499512 
-2.792730093 -2.5096800327 -9.7957696915 -2.8338000774 -2.4880399704 -9.8398504257 -2.8266599178 -2.516890049 -9.8431196213 
-2.8067800999 -2.5274999142 -9.8219299316 -2.7930300236 -2.4618899822 -9.7677001953 -2.7806999683 -2.4911499023 -9.7691497803 
-2.8230099678 -2.3708200455 -9.723400116 -2.8053400517 -2.3994801044 -9.7295703888 -2.7994699478 -2.4226899147 -9.7447500229 
-2.8394100666 -2.3459599018 -9.7172603607 -2.8377199173 -2.3314099312 -9.6892404556 -2.8555800915 -2.3089799881 -9.6829395294 
-2.874530077 -2.2874100208 -9.6766700745 -2.8946800232 -2.2667798996 -9.6707000732 -2.8990399837 -2.2558100224 -9.6433496475 
-2.9211900234 -2.2370500565 -9.6383695602 -2.9502298832 -2.2120399475 -9.607749939 -2.9285199642 -2.2278199196 -9.6126298904 
-2.9554901123 -2.2071399689 -9.5815496445 -2.9797101021 -2.1925499439 -9.5731496811 -3.0052800179 -2.1788599491 -9.5650196075 
-3.293970108 -3.1088199615 -9.7161502838 -3.2689700127 -3.1133298874 -9.6954298019 -3.2422699928 -3.1167099476 -9.6766700745 
-3.2166900635 -3.1148500443 -9.6923599243 -3.1590399742 -3.0890500546 -9.782409668 -3.1380999088 -3.0915699005 -9.7607803345 
-3.1181099415 -3.0930800438 -9.7384901047 -3.0932400227 -3.0840899944 -9.7477703094 -2.7690300941 -2.5254700184 -9.77161026 
-2.786550045 -2.5388200283 -9.8014698029 -2.8203799725 -2.3549199104 -9.6951999664 -2.8027598858 -2.3796899319 -9.7000703812 
-2.8194499016 -2.3402700424 -9.6676101685 -2.837460041 -2.317679882 -9.6615695953 -2.8567399979 -2.2959599495 -9.6552000046 
-2.8774499893 -2.2753500938 -9.6490497589 -2.8823399544 -2.2638399601 -9.6212301254 -2.9057300091 -2.2450299263 -9.6162395477 
-2.9363598824 -2.2200200558 -9.590959549 -2.9604599476 -2.2035200596 -9.5542697906 -2.9333999157 -2.2200798988 -9.5644197464 
-2.9853000641 -2.1901900768 -9.543970108 -3.2979199886 -3.1118400097 -9.682559967 -3.2697501183 -3.1164300442 -9.6614198685 
-3.2397999763 -3.1205699444 -9.6439800262 -3.2140500546 -3.1191899776 -9.6612901688 -3.1644699574 -3.0991199017 -9.7496004105 
-3.1441099644 -3.1008501053 -9.7283096313 -3.1234400272 -3.1020600796 -9.7055101395 -3.097700119 -3.093460083 -9.716799736 
-3.0535700321 -3.0534200668 -9.7969198227 -3.0281400681 -3.0505800247 -9.7768297195 -3.0265300274 -3.0365600586 -9.8077096939 
-3.0500900745 -3.0639600754 -9.7656002045 -3.0500299931 -3.0365800858 -9.8287801743 -3.0677900314 -3.0659499168 -9.7784004211 
-3.0288798809 -3.0617799759 -9.7460899353 -3.0031499863 -3.0346701145 -9.7852602005 -3.0058999062 -3.0480499268 -9.7552700043 
-3.0002698898 -3.0184400082 -9.8157701492 -3.0244300365 -3.0192201138 -9.8376502991 -2.8897900581 -2.9014000893 -9.8457899094 
-2.8690700531 -2.8982999325 -9.8231201172 -2.8728299141 -2.8746500015 -9.8486299515 -2.9082300663 -2.9273099899 -9.8419599533 
-2.887130022 -2.9233400822 -9.8196001053 -2.9128599167 -2.9050300121 -9.8664197922 -2.8959000111 -2.8774499893 -9.8699598312 
-2.8677899837 -2.9192900658 -9.7961196899 -2.8527600765 -2.8729600906 -9.8255996704 -2.8506100178 -2.8952600956 -9.799249649 
-2.8573300838 -2.8478200436 -9.8502397537 -2.8797199726 -2.8487501144 -9.8722400665 -2.8377399445 -2.8474400043 -9.8267297745 
-2.842869997 -2.8210699558 -9.8503398895 -2.8646800518 -2.82062006 -9.8726501465 -2.8350698948 -2.8709900379 -9.8012199402 
-2.8207600117 -2.8465199471 -9.80189991 -2.8239099979 -2.8218200207 -9.8264598846 -2.8508000374 -2.7926199436 -9.8711900711 
-2.8297600746 -2.7945199013 -9.8487701416 -2.8018200397 -2.3637599945 -9.6725502014 -2.8196799755 -2.3270299435 -9.6404104233 
-2.802489996 -2.3495800495 -9.6462602615 -2.8387699127 -2.3049099445 -9.6338100433 -2.8597900867 -2.2836699486 -9.6273202896 
-2.8649599552 -2.272069931 -9.5988502502 -2.890059948 -2.2524800301 -9.5927400589 -2.9637000561 -2.2019300461 -9.5261497498 
-2.9437201023 -2.2127900124 -9.5389604568 -3.1695098877 -3.1067199707 -9.7187900543 -3.1507499218 -3.1085801125 -9.6972999573 
-3.1293799877 -3.1113500595 -9.6683998108 -3.1003100872 -3.1019399166 -9.6850099564 -3.0511500835 -3.0737199783 -9.7361001968 
-3.07062006 -3.07468009 -9.7555904388 -3.029599905 -3.072040081 -9.7152004242 -3.006759882 -3.0592200756 -9.725110054 
-2.9068200588 -2.9475200176 -9.815079689 -2.8865098953 -2.942679882 -9.7920103073 -2.8677699566 -2.9375200272 -9.7684602737 
-2.8501300812 -2.9146900177 -9.7720298767 -2.8192300797 -2.868170023 -9.7764501572 -2.8339400291 -2.8913700581 -9.7748699188 
-2.7551701069 -2.5559000969 -9.7638998032 -2.7642900944 -2.5760099888 -9.7859201431 -2.7483599186 -2.5855000019 -9.7619895935 
-2.7397398949 -2.5678598881 -9.737830162 -2.7473099232 -2.5355401039 -9.7396001816 -2.7707500458 -2.5519299507 -9.7861404419 
-2.7822299004 -2.5671899319 -9.8069801331 -2.777659893 -2.5972299576 -9.808839798 -2.7594199181 -2.606169939 -9.7845897675 
-2.7359600067 -2.5978899002 -9.7377700806 -2.7449100018 -2.6156198978 -9.7595100403 -2.8212599754 -2.315500021 -9.6124696732 
-2.8032400608 -2.3380799294 -9.6201496124 -2.8418400288 -2.2930099964 -9.6054296494 -2.8470699787 -2.2819399834 -9.5761804581 
-2.8725500107 -2.2615599632 -9.5694999695 -3.0530900955 -3.0834000111 -9.7055501938 -3.073800087 -3.084100008 -9.7266101837 
-3.030600071 -3.082159996 -9.6830701828 -3.0064399242 -3.0692000389 -9.6939601898 -2.9839200974 -3.0552799702 -9.7043800354 
-2.9846899509 -3.045249939 -9.7341003418 -2.9066300392 -2.9653298855 -9.7869195938 -2.8864998817 -2.9596400261 -9.7638196945 
-2.8679199219 -2.9532299042 -9.7412996292 -2.850039959 -2.931730032 -9.744720459 -2.8331000805 -2.908960104 -9.748049736 
-2.7282600403 -2.5845999718 -9.7137899399 -2.7318499088 -2.5517001152 -9.7103700638 -2.7401900291 -2.5154299736 -9.7111301422 
-2.759059906 -2.5024800301 -9.7422504425 -2.8243899345 -2.3049800396 -9.5830001831 -2.8045101166 -2.3290801048 -9.5915899277 
-2.789429903 -2.3582100868 -9.6272802353 -2.7874400616 -2.3532400131 -9.6023302078 -2.8299100399 -2.2951900959 -9.5520401001 
-2.854749918 -2.2728300095 -9.5468797684 -3.0960600376 -3.1089599133 -9.6526298523 -3.1194698811 -3.1184699535 -9.6300001144 
-3.1528000832 -3.1201798916 -9.6401100159 -3.1637499332 -3.1152799129 -9.6710195541 -3.0789299011 -3.1004099846 -9.6709899902 
-3.065969944 -3.1035599709 -9.6463699341 -3.0840198994 -3.115639925 -9.6166200638 -3.076679945 -3.0930399895 -9.6966600418 
-3.056210041 -3.093100071 -9.6748199463 -3.0058500767 -3.0792899132 -9.6616296768 -3.0332899094 -3.0937099457 -9.6469202042 
-2.9821200371 -3.0651099682 -9.6736001968 -2.9602100849 -3.0499899387 -9.6845903397 -2.9629399776 -3.0405199528 -9.7140302658 
-2.9828898907 -3.0332000256 -9.7620897293 -2.9641799927 -3.0308599472 -9.7412900925 -2.8075499535 -2.3205299377 -9.5599498749 
-2.9802799225 -3.0745699406 -9.6422300339 -3.0039799213 -3.0885300636 -9.6297197342 -3.0492401123 -3.1070199013 -9.617480278 
-3.0236599445 -3.0995299816 -9.6167001724 -2.9572999477 -3.0592899323 -9.6538696289 -2.9357299805 -3.0427799225 -9.6652898788 
-2.9400699139 -3.0338699818 -9.6955003738 -2.8323500156 -2.9244699478 -9.7207803726 -2.8504199982 -2.9472000599 -9.7179698944 
-2.8321499825 -2.9389901161 -9.6939001083 -2.8137900829 -2.9145998955 -9.6964702606 -2.8160099983 -2.9005599022 -9.7247400284 
-2.8183701038 -2.8866200447 -9.7510404587 -2.8537900448 -2.9652400017 -9.6895503998 -2.8675699234 -2.9652299881 -9.717880249 
-2.7785000801 -2.8164300919 -9.7492704391 -2.7652800083 -2.8100800514 -9.7232999802 -2.767179966 -2.7904798985 -9.7470798492 
-2.7771599293 -2.8359699249 -9.7242603302 -2.7926900387 -2.8202700615 -9.7753896713 -2.7912299633 -2.8416800499 -9.7506599426 
-2.7806999683 -2.7944800854 -9.7731800079 -2.7555000782 -2.7849700451 -9.7221403122 -2.76293993 -2.8269999027 -9.6981296539 
-2.7529299259 -2.801320076 -9.6993703842 -2.7696900368 -2.767950058 -9.7693300247 -2.7569599152 -2.7646000385 -9.7428998947 
-2.7912900448 -2.8613400459 -9.7260799408 -2.7765500546 -2.8547399044 -9.6981697083 -2.7449500561 -2.7773299217 -9.6999797821 
-2.7479801178 -2.7634000778 -9.72012043 -2.9549400806 -3.0689499378 -9.6228399277 -2.9320299625 -3.052079916 -9.6341199875 
-2.9789400101 -3.0843100548 -9.6113500595 -2.7603800297 -2.8423600197 -9.6702098846 -2.7492599487 -2.8137700558 -9.6739997864 
-2.9535400867 -3.0791699886 -9.5919504166 -2.9292800426 -3.0621500015 -9.6028299332 -3.6398499012 -3.0061099529 -9.653550148 
-3.6723001003 -3.0063700676 -9.6616296768 -3.6632800102 -2.9942700863 -9.6285495758 -3.6026699543 -3.0166199207 -9.6512298584 
-3.6273300648 -3.0177199841 -9.6791400909 -3.6526200771 -3.0107998848 -9.6771402359 -3.6223299503 -2.9994199276 -9.622130394 
-3.6752400398 -3.0118000507 -9.6898498535 -3.6993501186 -3.0164899826 -9.6748800278 -3.6973500252 -3.0127298832 -9.6435098648 
-3.6401801109 -2.9818599224 -9.5967998505 -3.6748900414 -2.9869399071 -9.5934000015 -3.6958301067 -3.0072801113 -9.61054039 
-3.9522600174 -2.5258600712 -10.734000206 -3.9373099804 -2.5536499023 -10.742400169 -3.9419300556 -2.5334498882 -10.767499924 
-3.3954699039 -1.8018000126 -10.704400063 -3.4217100143 -1.785220027 -10.717599869 -3.3934600353 -1.78816998 -10.734800339 
-3.3666799068 -1.8055000305 -10.724699974 -3.3676199913 -1.8199800253 -10.691900253 -3.4253299236 -1.7991199493 -10.686699867 
-3.3973801136 -1.8159199953 -10.672800064 -3.4529299736 -1.7832399607 -10.701600075 -3.4463100433 -1.7690500021 -10.733300209 
-3.416079998 -1.7719800472 -10.748399734 -3.3686800003 -1.7904599905 -10.755399704 -3.3919100761 -1.7766400576 -10.760399818 
-3.9679698944 -2.4892001152 -10.561400414 -3.3387699127 -1.8255300522 -10.713100433 -3.3393700123 -1.8393000364 -10.680600166 
-3.3672399521 -1.8358900547 -10.657099724 -3.3366498947 -1.8108700514 -10.750499725 -3.9654099941 -2.4836900234 -10.52670002 
-3.9611699581 -2.5103199482 -10.540699959 -3.3128399849 -1.8465800285 -10.700200081 -3.3103299141 -1.8354300261 -10.732099533 
-3.9588999748 -2.5094900131 -10.508899689 -3.2889800072 -1.86729002 -10.688799858 -3.2876698971 -1.857139945 -10.717700005 
-3.9558498859 -2.5152499676 -10.47630024 -3.9392900467 -2.5822200775 -10.535300255 -3.9486300945 -2.5534300804 -10.527500153 
-3.2661299706 -1.887920022 -10.678899765 -3.2671000957 -1.8773200512 -10.705699921 -3.2431299686 -1.9095100164 -10.670700073 
-3.2467000484 -1.8971600533 -10.697899818 -3.2196199894 -1.9329600334 -10.663299561 -3.2242701054 -1.9192099571 -10.692799568 
-3.2004599571 -1.9446400404 -10.687299728 -3.1960198879 -1.9584399462 -10.656000137 -3.23093009 -1.9042999744 -10.720199585 
-3.2067899704 -1.9292099476 -10.718799591 -3.1833798885 -1.95697999 -10.713700294 -3.175139904 -1.974609971 -10.681099892 
-3.9535200596 -2.5201499462 -10.448699951 -3.5122499466 -1.9320499897 -10.408200264 -3.4817800522 -1.9338099957 -10.405099869 
-3.1398100853 -2.0461099148 -10.571499825 -3.1395499706 -2.0564200878 -10.539500237 -3.1595900059 -2.039730072 -10.522000313 
-3.152889967 -2.0173199177 -10.616499901 -3.1386799812 -2.038079977 -10.603300095 -3.120579958 -2.0748000145 -10.557299614 
-3.1201601028 -2.0843698978 -10.525600433 -3.1208500862 -2.0653100014 -10.589400291 -3.1031000614 -2.0943200588 -10.576000214 
-3.1023099422 -2.1040399075 -10.543700218 -3.1390600204 -2.0662400723 -10.508399963 -3.1016600132 -2.1131699085 -10.51060009 
-3.1200799942 -2.0926299095 -10.494000435 -3.8510699272 -2.2163300514 -10.152600288 -3.867579937 -2.2439498901 -10.145999908 
-3.8660299778 -2.2350099087 -10.177399635 -3.850509882 -2.209690094 -10.181099892 -3.8513700962 -2.221339941 -10.120599747 
-3.8353600502 -2.1930699348 -10.15929985 -3.8859798908 -2.2783899307 -10.143600464 -3.8811199665 -2.2630200386 -10.17440033 
-3.8691198826 -2.2510800362 -10.106300354 -3.8649599552 -2.2258300781 -10.206000328 -3.8800001144 -2.253070116 -10.20359993 
-3.8483500481 -2.2001700401 -10.207099915 -3.8364999294 -2.1895399094 -10.183799744 -3.8875799179 -2.2862799168 -10.106300354 
-3.8993198872 -2.3103599548 -10.131799698 -3.8931000233 -2.2877399921 -10.175299644 -3.901070118 -2.3090400696 -10.163599968 
-3.8931000233 -2.2806699276 -10.20059967 -3.8497600555 -2.2215499878 -10.08769989 -3.8785300255 -2.2698099613 -10.070500374 
-3.8609099388 -2.2390699387 -10.06760025 -3.0278799534 -2.2498500347 -10.537599564 -3.0383799076 -2.2238099575 -10.521699905 
-3.0378699303 -2.2231400013 -10.552800179 -3.0182800293 -2.2774500847 -10.524200439 -3.0267798901 -2.253070116 -10.506799698 
-3.0198800564 -2.274420023 -10.554699898 -3.0285000801 -2.2481899261 -10.567199707 -3.0517499447 -2.1920599937 -10.541399956 
-3.0511898994 -2.1980600357 -10.503800392 -3.037250042 -2.2283899784 -10.48900032 -3.0369000435 -2.2237598896 -10.581999779 
-3.0455899239 -2.2025001049 -10.569000244 -3.0671598911 -2.166260004 -10.517700195 -3.0692698956 -2.1564099789 -10.551699638 
-3.0569200516 -2.1769299507 -10.574500084 -3.0098500252 -2.3045899868 -10.512299538 -3.0161700249 -2.2820401192 -10.493900299 
-3.0118501186 -2.3012499809 -10.541500092 -3.0246899128 -2.2578999996 -10.475500107 -3.0218200684 -2.2700901031 -10.580699921 
-3.0135800838 -2.3007700443 -10.577300072 -3.0063800812 -2.3120100498 -10.483200073 -3.0024800301 -2.3318500519 -10.505000114 
-3.0059800148 -2.3225700855 -10.527899742 -3.0131599903 -2.2876899242 -10.463000298 -3.7823901176 -2.138600111 -9.9270496368 
-3.7981300354 -2.1549999714 -9.9505596161 -3.7652099133 -2.1225800514 -9.9030199051 -3.8064498901 -2.16279006 -9.9224796295 
-3.7911400795 -2.1464700699 -9.8976297379 -3.8196599483 -2.1786000729 -9.9468002319 -3.8125 -2.1715400219 -9.972820282 
-3.7469499111 -2.1076600552 -9.8788900375 -3.774130106 -2.1305999756 -9.8726501465 -3.4404199123 -2.0000801086 -9.9974098206 
-3.4424500465 -2.0014600754 -10.031499863 -3.7284400463 -2.0946600437 -9.8554000854 -3.7556700706 -2.1157999039 -9.847990036 
-3.8004300594 -2.1558799744 -9.8674898148 -3.8158900738 -2.1723599434 -9.8936100006 -3.7830998898 -2.1400799751 -9.8413295746 
-3.8250799179 -2.1835699081 -9.8639202118 -3.8092899323 -2.1671099663 -9.8365097046 -3.8391499519 -2.2008600235 -9.8913497925 
-3.8293399811 -2.188970089 -9.9201402664 -3.8480598927 -2.2130000591 -9.8615102768 -3.8612499237 -2.2319300175 -9.8900699615 
-3.833630085 -2.1956601143 -9.8336296082 -3.868819952 -2.2440900803 -9.8593997955 -3.8555300236 -2.2255599499 -9.8316602707 
-3.8513898849 -2.2183899879 -9.9201803207 -3.881180048 -2.2649199963 -9.8870401382 -3.8742499352 -2.2540400028 -9.9225597382 
-3.7354300022 -2.1019899845 -9.8247098923 -3.7122199535 -2.0850000381 -9.8353796005 -3.7636098862 -2.1250898838 -9.8155498505 
-3.791369915 -2.1516799927 -9.8080396652 -3.8177700043 -2.1799900532 -9.8047599792 -3.8410201073 -2.2090299129 -9.8039398193 
-3.8751399517 -2.2564399242 -9.8295698166 -3.887059927 -2.275769949 -9.8567495346 -3.8615601063 -2.2385001183 -9.8022603989 
-3.8926999569 -2.2884500027 -9.8273496628 -3.88022995 -2.2693998814 -9.7995700836 -3.9023599625 -2.3065900803 -9.8542900085 
-3.8979198933 -2.2973198891 -9.8817100525 -2.9876000881 -2.580919981 -10.407299995 -2.9808700085 -2.5476300716 -10.4041996 
-2.9868700504 -2.5628199577 -10.434200287 -2.9946200848 -2.5953800678 -10.438400269 -2.9972400665 -2.6145000458 -10.410900116 
-2.9902698994 -2.5994200706 -10.378800392 -2.9818100929 -2.5652899742 -10.376899719 -2.9760301113 -2.5319800377 -10.374699593 
-2.9765899181 -2.5141699314 -10.401599884 -2.9814100266 -2.5300199986 -10.431099892 -2.9872000217 -2.5452098846 -10.460499763 
-2.9938900471 -2.577450037 -10.464900017 -3.7412400246 -2.1106801033 -9.7911500931 -3.7697100639 -2.1364700794 -9.780090332 
-3.799380064 -2.1669800282 -9.7702302933 -3.8260600567 -2.1956400871 -9.7759799957 -3.8468799591 -2.2228400707 -9.775639534 
-3.8657801151 -2.2513399124 -9.7735204697 -3.6112101078 -2.0335400105 -9.8368701935 -3.7084701061 -2.0860199928 -9.803609848 
-3.7179899216 -2.09897995 -9.7667598724 -3.7455000877 -2.1218500137 -9.7565698624 -3.7708699703 -2.1484000683 -9.7392396927 
-3.8150200844 -2.1893699169 -9.7510499954 -3.7974100113 -2.1765398979 -9.7322397232 -3.8506500721 -2.2365100384 -9.7485198975 
-3.8323800564 -2.2107799053 -9.7503299713 -3.3982300758 -2.939800024 -10.302200317 -3.4340701103 -2.9431200027 -10.293100357 
-3.4081199169 -2.939150095 -10.270199776 -3.372770071 -2.9335999489 -10.276499748 -3.3635499477 -2.9337799549 -10.309900284 
-3.4615499973 -2.9462099075 -10.317099571 -3.472520113 -2.9439098835 -10.28069973 -3.4399499893 -2.9419000149 -10.261799812 
-3.3861999512 -2.9353098869 -10.240300179 -3.4179499149 -2.9397499561 -10.245499611 -3.6859800816 -2.078150034 -9.7719497681 
-3.6964700222 -2.091919899 -9.7411499023 -3.7231600285 -2.1109700203 -9.7364597321 -3.6730799675 -2.0653400421 -9.8031597137 
-3.7434101105 -2.1298000813 -9.7257299423 -3.7776899338 -2.1678700447 -9.704990387 -3.7545099258 -2.1466200352 -9.7049198151 
-3.7250900269 -2.1199600697 -9.7139101028 -3.7354099751 -2.1322600842 -9.703040123 -3.4789700508 -2.9572501183 -10.133899689 
-3.4519000053 -2.9636499882 -10.117799759 -3.7573299408 -2.2003099918 -9.6222600937 -3.7786800861 -2.2257099152 -9.6193799973 
-3.7808499336 -2.2053399086 -9.6467504501 -3.7547900677 -2.2210800648 -9.596739769 -3.7326600552 -2.1972301006 -9.5984201431 
-3.7347700596 -2.1765699387 -9.6256904602 -3.7586500645 -2.1807498932 -9.6495800018 -3.7734899521 -2.2460100651 -9.5936498642 
-3.7980899811 -2.2541399002 -9.6153297424 -3.8027000427 -2.2328898907 -9.6443099976 -3.8028199673 -2.2117199898 -9.6732301712 
-3.7804300785 -2.1859500408 -9.6752796173 -3.2240400314 -2.9908299446 -9.9974098206 -3.2544701099 -2.9883699417 -10.016200066 
-3.5420300961 -3.0445199013 -9.8852396011 -3.4449400902 -3.0728800297 -9.8325595856 -3.045429945 -2.8874299526 -9.987830162 
-3.072920084 -2.8924601078 -10.007300377 -3.0664300919 -2.9124600887 -9.9828500748 -3.0385000706 -2.9087998867 -9.9636096954 
-3.0527598858 -2.8673400879 -10.01210022 -3.0257899761 -2.8614499569 -9.9917602539 -3.017649889 -2.882529974 -9.967880249 
-3.0802400112 -2.8731100559 -10.032400131 -3.1001501083 -2.8979001045 -10.025600433 -3.0936200619 -2.9161698818 -10.001199722 
-3.0612299442 -2.9339699745 -9.9581899643 -3.0888400078 -2.9361300468 -9.9771299362 -3.0328800678 -2.9317600727 -9.939160347 
-3.0098600388 -2.9053900242 -9.9433498383 -3.0077400208 -2.8347699642 -9.9947395325 -3.0335600376 -2.8412299156 -10.015399933 
-3.0161099434 -2.8146100044 -10.017800331 -2.9824199677 -2.82791996 -9.9745502472 -2.9916601181 -2.8079400063 -9.9969301224 
-2.9988799095 -2.8552401066 -9.9715900421 -3.0598599911 -2.847219944 -10.036700249 -3.0406799316 -2.8213200569 -10.038999557 
-2.8544299603 -2.5546700954 -9.8917503357 -2.8690099716 -2.5739901066 -9.9149103165 -3.1774599552 -3.0714600086 -9.8351602554 
-3.1812500954 -3.0854101181 -9.8029403687 -3.1748099327 -3.0558600426 -9.8658599854 -2.8402500153 -2.5356199741 -9.8678102493 
-3.1858100891 -3.0966498852 -9.7699804306 -2.8722600937 -2.7341001034 -9.9070596695 -2.8843901157 -2.7632598877 -9.9112701416 
-2.8608999252 -2.7632699013 -9.8895998001 -2.8611700535 -2.7050600052 -9.9013204575 -2.8841900826 -2.7056601048 -9.9252595901 
-2.8493099213 -2.7351100445 -9.8849401474 -2.8955099583 -2.7356600761 -9.9300804138 -2.8740200996 -2.7919700146 -9.8926801682 
-2.8987801075 -2.792840004 -9.9146203995 -2.9083199501 -2.7650399208 -9.933549881 -2.8384099007 -2.7652599812 -9.8680400848 
-3.1902499199 -3.1050999165 -9.7375202179 -2.8890900612 -2.8212399483 -9.8943300247 -2.8169300556 -2.575920105 -9.8499603271 
-2.8323600292 -2.5954298973 -9.8716602325 -2.8141601086 -2.605809927 -9.8525400162 -2.8359498978 -2.5654599667 -9.8702497482 
-2.7974898815 -2.5871300697 -9.8303403854 -2.8014600277 -2.5567700863 -9.8264503479 -2.8211700916 -2.5461900234 -9.8466396332 
-2.8508400917 -2.5852999687 -9.892539978 -2.8469800949 -2.6164801121 -9.8907299042 -2.8286399841 -2.6234500408 -9.8705396652 
-2.8141000271 -2.6301300526 -9.8551797867 -2.7952899933 -2.6225399971 -9.8335695267 -3.5323200226 -3.0131800175 -9.540309906 
-3.5296399593 -3.0252299309 -9.575220108 -3.5510599613 -3.010890007 -9.5661802292 -3.5045099258 -3.0340299606 -9.5551900864 
-3.5637500286 -2.9960300922 -9.5462198257 -2.9280700684 -2.970760107 -9.8094797134 -2.9277000427 -2.986700058 -9.7810602188 
-2.9064800739 -2.9811499119 -9.7580604553 -2.9287400246 -2.9521501064 -9.8370704651 -2.9509999752 -2.9754300117 -9.8310203552 
-2.9504001141 -2.9930300713 -9.8021297455 -3.3632500172 -3.0988900661 -9.5313196182 -3.3421499729 -3.1065700054 -9.5594596863 
-3.3721199036 -3.0967199802 -9.5593299866 -3.3948600292 -3.0869500637 -9.5413398743 -3.3665299416 -3.0992801189 -9.5866699219 
-3.3087399006 -3.1162099838 -9.5451498032 -3.3148899078 -3.113820076 -9.5749502182 -3.3369600773 -3.1078000069 -9.5965299606 
-3.3932800293 -3.0898098946 -9.5769796371 -2.7952299118 -2.7962999344 -9.7991695404 -2.8075699806 -2.8218801022 -9.8012399673 
-2.8055400848 -2.8447299004 -9.7764902115 -2.783659935 -2.7696800232 -9.7952699661 -2.7994799614 -2.7696199417 -9.8208398819 
-2.8111600876 -2.7959299088 -9.8244800568 -2.8857500553 -2.9738299847 -9.7355003357 -2.8047199249 -2.8646299839 -9.7519702911 
-2.7593700886 -2.7405700684 -9.7632904053 -2.7731699944 -2.742939949 -9.7896499634 -2.6969499588 -2.6228599548 -9.6028003693 
-2.7052900791 -2.6355600357 -9.6400899887 -2.6980700493 -2.657779932 -9.606710434 -2.6906900406 -2.6449699402 -9.5745000839 
-2.6906700134 -2.6111600399 -9.5695199966 -2.6977500916 -2.5896298885 -9.5949201584 -2.7039399147 -2.5975899696 -9.6281900406 
-2.7060799599 -2.6725900173 -9.6364202499 -2.7117800713 -2.6030900478 -9.6627902985 -2.7149300575 -2.6342699528 -9.6770896912 
-2.711689949 -2.6592199802 -9.6622695923 -2.7009000778 -2.691849947 -9.6074304581 -2.692620039 -2.6792900562 -9.577170372 
-2.6841800213 -2.6328001022 -9.542309761 -2.6931700706 -2.5779099464 -9.563369751 -2.6853199005 -2.5983800888 -9.535900116 
-2.6849501133 -2.6668000221 -9.5462398529 -3.9889199734 -2.3666601181 -10.894900322 -3.9839498997 -2.3666400909 -10.927000046 
-3.9935901165 -2.3648700714 -10.861200333 -3.9974300861 -2.361759901 -10.826800346 -4.0002298355 -2.3576300144 -10.792300224 
-4.0019302368 -2.3528599739 -10.757900238 -4.0026397705 -2.3472599983 -10.723999977 -4.0022802353 -2.3408799171 -10.690400124 
-4.0003399849 -2.3335399628 -10.65719986 -3.9959499836 -2.3251600266 -10.624500275 -3.920429945 -2.5807700157 -10.748999596 
-3.9243400097 -2.5617001057 -10.775099754 -3.9467999935 -2.512650013 -10.791700363 -3.929090023 -2.5410499573 -10.800999641 
-3.9892001152 -2.315860033 -10.592499733 -3.9807798862 -2.3058700562 -10.56099987 -3.4825999737 -1.7657999992 -10.7208004 
-3.4854500294 -1.784340024 -10.685299873 -3.4564800262 -1.7985999584 -10.670200348 -3.4663999081 -1.7530699968 -10.752400398 
-3.437609911 -1.7559299469 -10.7645998 -3.9274799824 -2.6109700203 -10.643799782 -3.9195799828 -2.616410017 -10.673199654 
-3.4282200336 -1.8135999441 -10.656000137 -3.3037800789 -1.8270000219 -10.7645998 -3.3483600616 -1.7904100418 -10.781299591 
-3.3211200237 -1.8067799807 -10.784500122 -3.282959938 -1.849339962 -10.747900009 -3.2982800007 -1.8209199905 -10.79129982 
-3.2752799988 -1.8430900574 -10.782600403 -3.4004299641 -1.8298000097 -10.641699791 -3.9645900726 -2.2641699314 -10.524200439 
-3.9608900547 -2.2848498821 -10.498900414 -3.9502100945 -2.2739400864 -10.468000412 -3.9589099884 -2.2084999084 -10.54529953 
-3.3759000301 -1.8464900255 -10.626399994 -3.9388799667 -2.2625300884 -10.4375 -3.9552900791 -2.5293300152 -10.525300026 
-3.9266901016 -2.2504799366 -10.407600403 -3.9517400265 -2.538369894 -10.499199867 -3.2171499729 -1.908929944 -10.75150013 
-3.1874198914 -1.9437799454 -10.748800278 -3.2426199913 -1.8866599798 -10.741100311 -3.2501399517 -1.8868299723 -10.71930027 
-3.9137101173 -2.2376899719 -10.379300117 -3.3522000313 -1.875 -10.587300301 -3.3761401176 -1.871999979 -10.57310009 
-3.3774199486 -1.8585300446 -10.599699974 -3.326570034 -1.8927799463 -10.57559967 -3.3498599529 -1.8887699842 -10.561200142 
-3.4027900696 -1.8566800356 -10.58520031 -3.4012401104 -1.8710000515 -10.558400154 -3.3743400574 -1.8861900568 -10.546500206 
-3.4029700756 -1.8430299759 -10.612700462 -3.9001400471 -2.2239201069 -10.353699684 -3.3005700111 -1.9116699696 -10.56400013 
-3.3235299587 -1.9066100121 -10.54940033 -3.3475899696 -1.9028099775 -10.534700394 -3.2749500275 -1.9320800304 -10.552599907 
-3.2973399162 -1.9254800081 -10.537699699 -3.3208999634 -1.9203799963 -10.52270031 -3.8589398861 -2.1886000633 -10.281900406 
-3.8702099323 -2.2039399147 -10.288000107 -3.882349968 -2.2167999744 -10.304400444 -3.2500400543 -1.9539200068 -10.541399956 
-3.2719099522 -1.9458299875 -10.526100159 -3.294729948 -1.9390799999 -10.51099968 -3.845510006 -2.1778099537 -10.261500359 
-3.2258899212 -1.9768099785 -10.530099869 -3.2473900318 -1.9670799971 -10.5145998 -3.2696099281 -1.9589099884 -10.499099731 
-3.2026500702 -2.0005300045 -10.518199921 -3.2241399288 -1.9889199734 -10.502799988 -3.2458600998 -1.9788600206 -10.487999916 
-3.1803700924 -2.0248699188 -10.505200386 -3.2021999359 -2.0111598969 -10.489700317 -3.2244799137 -1.9985300303 -10.475899696 
-3.3018600941 -1.9615700245 -10.44810009 -3.3162200451 -1.9477800131 -10.465900421 -3.2917098999 -1.96104002 -10.462900162 
-3.2816400528 -1.9728399515 -10.445599556 -3.3186500072 -1.9339300394 -10.495400429 -3.29260993 -1.9518699646 -10.48429966 
-3.3448400497 -1.9298700094 -10.479499817 -3.1590199471 -2.0499899387 -10.491000175 -3.1811199188 -2.0341200829 -10.474499702 
-3.2047700882 -2.0186600685 -10.460399628 -3.1385500431 -2.0752499104 -10.477899551 -3.159430027 -2.0595500469 -10.455300331 
-3.1854600906 -2.0392899513 -10.443200111 -3.1352300644 -2.0860199928 -10.447799683 -3.1217899323 -2.097039938 -10.467399597 
-3.150769949 -2.0754499435 -10.4229002 -3.1706299782 -2.0565199852 -10.425999641 -3.5663499832 -2.9337699413 -10.492600441 
-3.5673799515 -2.930560112 -10.522800446 -3.5400600433 -2.929970026 -10.575099945 -3.5697600842 -2.9266600609 -10.553600311 
-3.8344199657 -2.2006700039 -10.070199966 -3.8194599152 -2.1821799278 -10.050100327 -3.5651299953 -2.9369399548 -10.461299896 
-3.5620400906 -2.9398400784 -10.429300308 -3.413779974 -1.9947400093 -10.214500427 -3.4656701088 -1.9922699928 -10.21819973 
-3.4336600304 -1.9906599522 -10.231599808 -3.3017199039 -2.0183799267 -10.20870018 -3.2748200893 -2.0288000107 -10.195300102 
-3.0039598942 -2.2992401123 -10.366100311 -3.0153999329 -2.269949913 -10.347499847 -3.0159900188 -2.2715499401 -10.381799698 
-2.9925000668 -2.3296000957 -10.350299835 -3.0014100075 -2.3015499115 -10.333399773 -3.0065898895 -2.296849966 -10.399100304 
-2.9955298901 -2.3270199299 -10.38449955 -3.0096299648 -2.2793500423 -10.313400269 -3.0238499641 -2.2505300045 -10.319499969 
-3.0253300667 -2.2505700588 -10.36989975 -3.0309998989 -2.2386000156 -10.348500252 -3.0186100006 -2.2682099342 -10.412899971 
-3.0281600952 -2.2460899353 -10.395400047 -2.9857900143 -2.358809948 -10.369799614 -2.9821600914 -2.3635299206 -10.331600189 
-2.9911000729 -2.3283400536 -10.317000389 -2.999229908 -2.3037400246 -10.306900024 -3.9123899937 -2.3899900913 -9.6978302002 
-3.9246399403 -2.4195599556 -9.7026996613 -3.9249899387 -2.4001400471 -9.7270002365 -3.9115400314 -2.4124100208 -9.6755104065 
-3.9122200012 -2.3690500259 -9.7222795486 -3.8960199356 -2.4077599049 -9.6480998993 -3.6105799675 -2.9463000298 -10.083600044 
-3.5829000473 -2.9601500034 -10.070899963 -3.5346899033 -2.950799942 -10.133199692 -3.5072100163 -2.9503600597 -10.151000023 
-3.2244598866 -2.91031003 -10.119999886 -3.1976099014 -2.8999300003 -10.112199783 -3.2474501133 -2.9102799892 -10.14470005 
-3.276900053 -2.9289999008 -10.129699707 -2.9622399807 -2.3281900883 -9.9848003387 -2.9664399624 -2.3055698872 -9.9629201889 
-2.9763200283 -2.2992999554 -9.9925298691 -2.9706599712 -2.32468009 -10.016300201 -2.9528899193 -2.3313400745 -9.9564800262 
-2.9506700039 -2.3500199318 -9.9744100571 -2.9557700157 -2.3589100838 -10.003100395 -2.9546499252 -2.3101298809 -9.9298696518 
-2.9727499485 -2.2827699184 -9.9417800903 -2.9796600342 -2.28241992 -9.9695100784 -2.9932100773 -2.2651998997 -9.9934196472 
-2.9856801033 -2.2914700508 -10.024999619 -3.1080100536 -2.8802399635 -10.051099777 -3.1270899773 -2.9038200378 -10.042200089 
-3.1196300983 -2.9200899601 -10.018099785 -3.087980032 -2.8522999287 -10.061100006 -3.1173000336 -2.8652501106 -10.077699661 
-3.1343801022 -2.8880999088 -10.067000389 -2.9822599888 -2.2581698895 -9.9210700989 -2.9892599583 -2.2596900463 -9.9553003311 
-2.9641299248 -2.2819299698 -9.9084196091 -2.9424700737 -2.3376300335 -9.9332799911 -2.9470100403 -2.3035800457 -9.8953399658 
-3.1433999538 -2.9987800121 -9.9400901794 -3.1857700348 -3.0317800045 -9.9138498306 -3.1718900204 -3.0411601067 -9.8912401199 
-3.1735301018 -3.0129599571 -9.9372301102 -3.113519907 -2.9802598953 -9.9453001022 -3.1401000023 -2.9768500328 -9.9664697647 
-3.1677000523 -2.9936299324 -9.9616098404 -3.023900032 -2.9993100166 -9.8652601242 -2.9997599125 -2.9786300659 -9.872130394 
-3.0252699852 -2.9779100418 -9.8907003403 -2.9992699623 -2.9996900558 -9.8453197479 -3.0481300354 -2.998169899 -9.8829803467 
-3.0482599735 -3.0180399418 -9.857339859 -3.001650095 -2.9554901123 -9.8965101242 -2.975039959 -2.978110075 -9.8520298004 
-2.9763400555 -2.9562199116 -9.8773698807 -3.0284600258 -2.9553499222 -9.9149303436 -3.0516901016 -2.978689909 -9.9072904587 
-2.9748001099 -2.9978001118 -9.8235397339 -2.974750042 -3.0157899857 -9.7901601791 -2.905189991 -2.8519499302 -9.8931102753 
-2.9314301014 -2.9309999943 -9.8622503281 -3.3754000664 -1.7743899822 -10.782799721 -3.2645299435 -1.8703000546 -10.731900215 
-2.9989900589 -2.6439499855 -10.139800072 -3.0160698891 -2.6736500263 -10.158399582 -3.0082299709 -2.6763000488 -10.125100136 
-2.9919199944 -2.652960062 -10.105400085 -3.007060051 -2.646780014 -10.177300453 -2.9938800335 -2.6171300411 -10.164899826 
-2.9857499599 -2.6104300022 -10.132599831 -2.9861199856 -2.6287000179 -10.113200188 -3.0255498886 -2.7009100914 -10.142100334 
-3.0317399502 -2.697920084 -10.173500061 -3.0210800171 -2.673500061 -10.190899849 -2.9975199699 -2.6811499596 -10.09319973 
-3.0157599449 -2.7042601109 -10.110099792 -2.980340004 -2.6582000256 -10.074700356 -2.9770100117 -2.6304299831 -10.086400032 
-2.9783899784 -2.3191900253 -10.050499916 -2.9657900333 -2.3527801037 -10.040300369 -3.3641400337 -2.0530700684 -9.6374797821 
-3.3940401077 -2.0580201149 -9.6223697662 -3.3892700672 -2.0447499752 -9.6558599472 -3.3575899601 -2.041079998 -9.6732397079 
-3.400249958 -2.0725600719 -9.5907297134 -3.419490099 -2.051199913 -9.6390895844 -3.4225099087 -2.0650498867 -9.6080503464 
-3.0006000996 -2.7875099182 -10.019800186 -3.0240399837 -2.7951200008 -10.041500092 -2.9679100513 -2.8011898994 -9.9763803482 
-2.9720299244 -2.8480501175 -9.952249527 -2.9581599236 -2.8208398819 -9.9557695389 -2.977339983 -2.7813498974 -9.997879982 
-2.9316799641 -2.7684700489 -9.9555397034 -2.9427599907 -2.7464499474 -9.9770498276 -2.9545900822 -2.7744998932 -9.9768400192 
-2.9192800522 -2.7392098904 -9.9538002014 -2.9450700283 -2.7951800823 -9.9567699432 -2.9226601124 -2.7928500175 -9.9363098145 
-2.9320499897 -2.7131400108 -9.9779100418 -2.9558699131 -2.7292599678 -10.000200272 -2.9648098946 -2.7555599213 -9.997879982 
-3.2603199482 -2.1044900417 -9.5361995697 -2.8731598854 -2.6758799553 -9.9181404114 -2.8501999378 -2.6749799252 -9.8934402466 
-2.8378400803 -2.7061300278 -9.8779802322 -2.8966898918 -2.6761798859 -9.9455795288 -2.907200098 -2.709280014 -9.9498300552 
-2.8268399239 -2.737639904 -9.8627500534 -2.91802001 -2.8240799904 -9.9180002213 -2.8175399303 -2.7677400112 -9.8452100754 
-2.7725200653 -2.6302199364 -9.8063697815 -3.6289598942 -2.5618200302 -11.12349987 -3.6423699856 -2.5413999557 -11.146100044 
-3.6617801189 -2.5547399521 -11.122900009 -3.6471199989 -2.576859951 -11.098999977 -3.6108601093 -2.5483698845 -11.144200325 
-3.6011600494 -2.5644800663 -11.125599861 -3.6212000847 -2.5287799835 -11.166899681 -3.6538600922 -2.5193998814 -11.170599937 
-3.675080061 -2.5319299698 -11.147199631 -3.6931700706 -2.5453801155 -11.121800423 -3.6816999912 -2.5677800179 -11.097599983 
-3.9883100986 -2.4078400135 -10.782500267 -3.9919700623 -2.40260005 -10.747599602 -3.9832699299 -2.4128799438 -10.817700386 
-3.9927899837 -2.3851399422 -10.804900169 -3.978399992 -2.4354701042 -10.794599533 -3.9960401058 -2.3804199696 -10.77009964 
-3.9945499897 -2.397069931 -10.713100433 -3.9981799126 -2.3751599789 -10.735600471 -3.9662299156 -2.4632799625 -10.805500031 
-3.9519701004 -2.4911999702 -10.815099716 -3.9567699432 -2.4702000618 -10.838500023 -3.9709100723 -2.4416000843 -10.829899788 
-3.9959700108 -2.390889883 -10.678700447 -3.9993000031 -2.3694300652 -10.701499939 -3.6858599186 -2.6265399456 -11.015800476 
-3.7048499584 -2.6369099617 -10.989800453 -3.627120018 -1.771510005 -10.701600075 -3.5998899937 -1.7623100281 -10.711899757 
-3.600869894 -1.7801500559 -10.682499886 -3.6294300556 -1.7852300406 -10.680299759 -3.6520700455 -1.782130003 -10.692000389 
-3.6524899006 -1.7666100264 -10.716400146 -3.5733499527 -1.7532199621 -10.725600243 -3.5726699829 -1.7693699598 -10.69810009 
-3.5980799198 -1.7476600409 -10.735899925 -3.5713000298 -1.783100009 -10.67440033 -3.586509943 -1.7951200008 -10.655400276 
-3.6184399128 -1.7960400581 -10.659600258 -3.9954600334 -2.3837099075 -10.644599915 -3.9991099834 -2.3627099991 -10.667699814 
-3.9918599129 -2.3754000664 -10.610799789 -3.9966499805 -2.354929924 -10.634200096 -3.6951100826 -2.7047300339 -10.897000313 
-3.7042200565 -2.685090065 -10.920000076 -3.9809200764 -2.1889901161 -10.623900414 -3.9715399742 -2.1697399616 -10.609399796 
-3.9620699883 -2.1800498962 -10.57460022 -3.9858100414 -2.3661499023 -10.577599525 -3.9912700653 -2.3461399078 -10.601200104 
-3.971159935 -2.2954699993 -10.529899597 -3.9788999557 -2.356169939 -10.544799805 -3.9841001034 -2.3365299702 -10.568799973 
-3.915610075 -2.6003000736 -10.724599838 -3.9093399048 -2.6208798885 -10.702500343 -3.9714500904 -2.3455400467 -10.512200356 
-3.9759299755 -2.326280117 -10.536800385 -3.9635000229 -2.3343400955 -10.479700089 -3.9670600891 -2.3155400753 -10.505000114 
-3.9549899101 -2.3225901127 -10.447400093 -3.9577300549 -2.3043599129 -10.47329998 -3.6810400486 -2.7719700336 -10.802599907 
-3.6744799614 -2.7895300388 -10.778699875 -3.9455900192 -2.3102600574 -10.415300369 -3.9477899075 -2.2926399708 -10.441800117 
-3.4306199551 -1.8423899412 -10.597100258 -3.4286599159 -1.8573199511 -10.569800377 -3.4581599236 -1.8453600407 -10.579999924 
-3.4606599808 -1.8292200565 -10.609399796 -3.4303500652 -1.8279500008 -10.626000404 -3.4266500473 -1.8717800379 -10.543600082 
-3.4531199932 -1.8604099751 -10.553999901 -3.9350700378 -2.29708004 -10.383299828 -3.9369199276 -2.2802700996 -10.410699844 
-3.6691699028 -2.8063099384 -10.754599571 -3.6657299995 -2.8223800659 -10.729700089 -3.3998699188 -1.8852299452 -10.53180027 
-3.9232499599 -2.2823700905 -10.352000237 -3.9333899021 -2.313740015 -10.354599953 -3.9250099659 -2.2669599056 -10.380399704 
-3.3728399277 -1.9003200531 -10.519800186 -3.4264099598 -1.8859000206 -10.517299652 -3.4518699646 -1.8739700317 -10.529700279 
-3.3995099068 -1.8993899822 -10.504599571 -3.9097599983 -2.2652499676 -10.32199955 -3.921489954 -2.2971301079 -10.321700096 
-3.9119699001 -2.2521998882 -10.351599693 -3.9318799973 -2.3329501152 -10.322099686 -3.3457300663 -1.9165699482 -10.507699966 
-3.8932099342 -2.2441999912 -10.292099953 -3.9079198837 -2.2781300545 -10.290800095 -3.8975100517 -2.2351999283 -10.325499535 
-3.9194099903 -2.3104701042 -10.289500237 -3.6549301147 -2.8557400703 -10.67840004 -3.6489500999 -2.8713300228 -10.652500153 
-3.8938000202 -2.2599899769 -10.260899544 -3.8790700436 -2.2312300205 -10.260800362 -3.8781099319 -2.2201399803 -10.281599998 
-3.9069700241 -2.2913401127 -10.258899689 -3.9271700382 -2.3375399113 -10.288200378 -3.9352300167 -2.3615300655 -10.30340004 
-3.9186201096 -2.3265299797 -10.255399704 -3.9295899868 -2.3581800461 -10.270799637 -3.58156991 -2.9095098972 -10.616299629 
-3.6125199795 -2.8982300758 -10.621700287 -3.268239975 -1.9714200497 -10.470100403 -3.2297599316 -2.0037600994 -10.44849968 
-3.210930109 -2.0230200291 -10.429400444 -3.1906700134 -2.0431699753 -10.411800385 -3.8205099106 -2.1727900505 -10.168299675 
-3.1147499084 -2.1104099751 -10.442500114 -3.1291201115 -2.0985701084 -10.417200089 -3.1445400715 -2.0873401165 -10.39220047 
-3.1688001156 -2.0648701191 -10.39509964 -3.5954298973 -2.9277899265 -10.47480011 -3.5933001041 -2.9251499176 -10.505700111 
-3.1017999649 -2.1209199429 -10.472900391 -3.0830500126 -2.1436300278 -10.496100426 -3.0798199177 -2.153840065 -10.460900307 
-3.0944099426 -2.1368501186 -10.43599987 -3.1084399223 -2.1229600906 -10.410200119 -3.1235001087 -2.1096498966 -10.384699821 
-3.5941500664 -2.9312300682 -10.440999985 -3.0749700069 -2.1649301052 -10.42650032 -3.0884599686 -2.1487600803 -10.401900291 
-3.1026699543 -2.1337800026 -10.376199722 -3.822619915 -2.185559988 -10.021499634 -3.2735500336 -2.0116200447 -10.326399803 
-3.3016901016 -2.0037200451 -10.30700016 -3.5004200935 -1.999819994 -10.183099747 -3.4957199097 -1.9958800077 -10.206299782 
-3.3301301003 -2.0087399483 -10.2208004 -3.3311901093 -2.0039200783 -10.25399971 -2.998939991 -2.3233799934 -10.418000221 
-3.009829998 -2.2928500175 -10.431300163 -2.9894199371 -2.3546299934 -10.404100418 -2.9816699028 -2.3863799572 -10.39109993 
-2.9781599045 -2.3914101124 -10.35779953 -2.975399971 -2.3970398903 -10.330400467 -2.9755299091 -2.3877100945 -10.30340004 
-2.9827799797 -2.3529500961 -10.294300079 -3.4725000858 -2.0024199486 -9.8411798477 -3.6379001141 -2.9314899445 -10.096199989 
-3.6619200706 -2.9285700321 -10.075799942 -3.8306899071 -2.3209300041 -9.6041402817 -3.8430500031 -2.3592898846 -9.5966501236 
-3.482929945 -3.0700099468 -9.7622299194 -3.4452400208 -3.0760400295 -9.805150032 -3.4470000267 -3.0780301094 -9.7691402435 
-3.3101599216 -3.0836999416 -9.8315896988 -3.3106200695 -3.0737700462 -9.864979744 -3.3103899956 -3.0920701027 -9.7986898422 
-2.9784998894 -2.9320499897 -9.8996400833 -3.004529953 -2.9305200577 -9.9195404053 -2.9521400928 -2.9552099705 -9.8576097488 
-3.3155899048 -3.1034300327 -9.7380199432 -3.3232998848 -3.1061599255 -9.7069301605 -3.3300700188 -3.1071801186 -9.6713495255 
-3.2999699116 -3.1136701107 -9.6464004517 -3.2679600716 -3.1194400787 -9.6261196136 -2.9635400772 -3.0208499432 -9.7635698318 
-2.9482600689 -3.0060400963 -9.7735795975 -3.8400199413 -2.2040801048 -9.9476900101 -3.8604700565 -2.2333900928 -9.9514503479 
-3.0027399063 -2.6094200611 -10.470000267 -3.0048799515 -2.6276299953 -10.443300247 -3.0092000961 -2.6470301151 -10.416700363 
-3.00289011 -2.6368100643 -10.380000114 -3.5911200047 -2.0323801041 -9.7906799316 -3.6146299839 -2.0378000736 -9.8101396561 
-3.5431799889 -2.0358800888 -9.7203197479 -3.573800087 -2.047260046 -9.7096700668 -3.5699100494 -2.0367200375 -9.7402200699 
-3.546489954 -2.0467801094 -9.6905498505 -3.5176301003 -2.0368800163 -9.7015800476 -3.5377500057 -2.0264000893 -9.7504701614 
-3.5114099979 -2.0268499851 -9.7299900055 -3.5759100914 -2.0596299171 -9.6782102585 -3.6040101051 -2.0607099533 -9.6999101639 
-3.6008601189 -2.0494399071 -9.7305202484 -3.5963900089 -2.0398800373 -9.7609395981 -3.5649600029 -2.0283100605 -9.77064991 
-3.2265501022 -2.0545101166 -9.7458095551 -3.2029399872 -2.0619299412 -9.7611703873 -3.2040200233 -2.0655200481 -9.7313699722 
-3.2271299362 -2.0595300198 -9.7152204514 -3.2511000633 -2.0487599373 -9.7296600342 -3.2491900921 -2.0443201065 -9.7606601715 
-3.2263801098 -2.0506300926 -9.7753000259 -3.2039299011 -2.0582799911 -9.7914600372 -3.1789400578 -2.0714199543 -9.7759799957 
-3.1796700954 -2.0741999149 -9.7449102402 -3.20581007 -2.0687699318 -9.7054796219 -3.1831901073 -2.076390028 -9.7145395279 
-2.937609911 -2.8142499924 -9.9402704239 -2.9167199135 -2.6879398823 -9.9669704437 -2.9517300129 -2.7009899616 -10.007399559 
-2.9330298901 -2.6809999943 -9.9898195267 -3.2505400181 -2.0934801102 -9.5679101944 -3.2353000641 -2.1054899693 -9.5427503586 
-2.8062000275 -2.7407701015 -9.8395395279 -2.8150999546 -2.7094800472 -9.8544597626 -3.1748700142 -1.9837700129 -10.647299767 
-3.1564099789 -2.0069799423 -10.640199661 -3.8935699463 -2.2897799015 -9.9123697281 -3.4573800564 -1.9989900589 -9.8825397491 
-3.4291300774 -1.9982700348 -9.8841695786 -3.4263000488 -1.9977500439 -9.9171304703 -3.0737199783 -2.1470799446 -9.9358501434 
-3.0910999775 -2.1285600662 -9.9068803787 -3.0970900059 -2.1257500648 -9.9457197189 -3.052079916 -2.1690900326 -9.9303503036 
-3.0641200542 -2.1536099911 -9.9053297043 -3.059910059 -2.1641800404 -9.9609203339 -3.0805799961 -2.143009901 -9.9675302505 
-3.1180200577 -2.1071100235 -9.9252300262 -3.1173899174 -2.1064798832 -9.8902397156 -3.0966699123 -2.1217501163 -9.8702297211 
-3.0738298893 -2.1416800022 -9.8770799637 -3.120579958 -2.1066300869 -9.9608602524 -3.1007099152 -2.1247301102 -9.9789199829 
-3.3942298889 -3.0771400928 -9.8439102173 -3.419960022 -3.0777800083 -9.8234796524 -3.0643699169 -2.8272500038 -10.060400009 
-3.1030399799 -2.8420100212 -10.090200424 -3.0829000473 -2.8301599026 -10.079299927 -3.6282498837 -1.9146800041 -10.473199844 
-3.6036300659 -1.9011900425 -10.485799789 -3.6020100117 -1.9178099632 -10.456600189 -3.6291201115 -1.9321700335 -10.443699837 
-3.655009985 -1.9285099506 -10.46420002 -3.6504099369 -1.9099800587 -10.491700172 -3.6272399426 -1.9004900455 -10.49600029 
-3.5746400356 -1.9046200514 -10.471099854 -3.5764200687 -1.8853199482 -10.504500389 -3.6116800308 -1.8866399527 -10.512200356 
-3.5732800961 -1.9216599464 -10.439900398 -3.6012101173 -1.9345200062 -10.425800323 -3.5450599194 -1.9101899862 -10.455200195 
-3.5457799435 -1.8940099478 -10.484399796 -3.5435199738 -1.9259200096 -10.424699783 -3.5721299648 -1.9386700392 -10.406200409 
-3.1930301189 -3.1112999916 -9.7072696686 -3.8916199207 -2.1309599876 -10.462100029 -3.9079999924 -2.140599966 -10.485899925 
-3.8740799427 -2.1211299896 -10.437600136 -3.8945999146 -2.1140499115 -10.488400459 -3.8766999245 -2.1040999889 -10.465600014 
-3.9127600193 -2.1231598854 -10.514200211 -3.9214301109 -2.150249958 -10.504899979 -3.8356399536 -2.1014099121 -10.388899803 
-3.8554599285 -2.1113500595 -10.413100243 -3.8145399094 -2.0912699699 -10.365200043 -3.8168399334 -2.0757699013 -10.396400452 
-3.8379299641 -2.0853300095 -10.418899536 -3.8577001095 -2.094520092 -10.442099571 -3.7923700809 -2.0813500881 -10.341899872 
-3.7941999435 -2.0661098957 -10.374099731 -3.7694699764 -2.0720100403 -10.318799973 -3.7706000805 -2.0572299957 -10.351699829 
-3.7460598946 -2.0632901192 -10.296299934 -3.7465100288 -2.0492300987 -10.329500198 -3.7222399712 -2.0551700592 -10.274100304 
-3.7220199108 -2.0420100689 -10.307600021 -3.6980400085 -2.0476000309 -10.252400398 -3.6972100735 -2.0355598927 -10.286100388 
-3.6735100746 -2.0405600071 -10.231100082 -3.6720600128 -2.029720068 -10.264800072 -3.6490499973 -2.0341699123 -10.21020031 
-3.6463999748 -2.0243799686 -10.243800163 -3.6248300076 -2.02835989 -10.18999958 -3.6224400997 -2.0204899311 -10.222499847 
-3.6000299454 -2.0227599144 -10.170999527 -3.5992898941 -2.0168199539 -10.203399658 -3.5738101006 -2.0173499584 -10.152500153 
-3.573499918 -2.0124700069 -10.187000275 -3.5475900173 -2.0127899647 -10.133199692 -3.543200016 -2.0080399513 -10.169699669 
-3.521490097 -2.008949995 -10.114899635 -3.5199699402 -2.0064899921 -10.14659977 -3.493530035 -2.0056200027 -10.098999977 
-3.5163500309 -2.0033700466 -10.170700073 -3.0434501171 -2.7232201099 -10.157799721 -3.0347299576 -2.7272601128 -10.125800133 
-3.0467700958 -2.718159914 -10.190199852 -3.0336298943 -2.6947898865 -10.200200081 -3.061909914 -2.7446699142 -10.173999786 
-3.0541601181 -2.7485499382 -10.140600204 -3.0431001186 -2.7532300949 -10.108699799 -3.0222098827 -2.7312600613 -10.094599724 
-3.3462200165 -2.339869976 -11.276100159 -3.3262500763 -2.3596100807 -11.240599632 -3.3150401115 -2.3260600567 -11.258600235 
-3.3641300201 -2.3714900017 -11.262200356 -3.1725399494 -2.8554298878 -10.452199936 -3.1691100597 -2.8518199921 -10.482999802 
-3.1903400421 -2.8675200939 -10.472399712 -3.1796700954 -2.8608999252 -10.42140007 -3.1514599323 -2.839509964 -10.428299904 
-3.1471800804 -2.8350200653 -10.461500168 -3.1997199059 -2.8740899563 -10.446800232 -3.1451098919 -2.831029892 -10.493599892 
-3.166779995 -2.8478600979 -10.514100075 -3.1956999302 -2.8697400093 -10.504500389 -3.21585989 -2.8833301067 -10.475999832 
-3.9628100395 -2.5887300968 -9.6411304474 -3.9790999889 -2.6002500057 -9.667599678 -3.9670000076 -2.5705699921 -9.6695299149 
-3.9765200615 -2.618350029 -9.637339592 -3.9488101006 -2.5566799641 -9.6434202194 -3.9552500248 -2.6066300869 -9.6134195328 
-3.9454700947 -2.5805499554 -9.6210803986 -3.9927299023 -2.6296000481 -9.6665096283 -3.9912600517 -2.6126899719 -9.6970796585 
-3.9799399376 -2.5826199055 -9.6984195709 -3.9688100815 -2.5516300201 -9.6999797821 -3.9576299191 -2.5439500809 -9.6728801727 
-3.2160999775 -2.0461199284 -9.9174900055 -3.1900799274 -2.0594100952 -9.9040298462 -3.2137401104 -2.047729969 -9.8859796524 
-3.2208499908 -2.0441000462 -9.948390007 -3.1932599545 -2.0578200817 -9.9378499985 -3.238699913 -2.0360000134 -9.9280996323 
-3.2400999069 -2.0357201099 -9.9005098343 -3.1665000916 -2.0731101036 -9.9229202271 -3.1641099453 -2.0745000839 -9.8895101547 
-3.1870400906 -2.061619997 -9.871720314 -3.2105300426 -2.0504701138 -9.8538703918 -3.2381300926 -2.0376400948 -9.8678102493 
-3.3387699127 -2.932970047 -10.492099762 -3.3318500519 -2.931910038 -10.465600014 -3.3992400169 -2.3831601143 -11.275799751 
-3.3818399906 -2.3995199203 -11.248399734 -3.3496398926 -2.3921198845 -11.231599808 -2.989109993 -2.8769700527 -9.9476804733 
-3.1294999123 -2.024600029 -10.795000076 -3.1282999516 -2.0285000801 -10.759699821 -3.145430088 -1.9986200333 -10.76970005 
-3.1222100258 -2.0408298969 -10.827699661 -3.1135499477 -2.0580201149 -10.798299789 -3.1374399662 -2.0086901188 -10.829999924 
-3.1477000713 -1.9909800291 -10.803700447 -3.1177999973 -2.0479800701 -10.773799896 -3.114180088 -2.0550200939 -10.746199608 
-3.1271700859 -2.0326199532 -10.728699684 -3.1392600536 -2.0115799904 -10.743100166 -3.159250021 -1.9748100042 -10.784899712 
-3.1538600922 -1.990079999 -10.739700317 -3.1647698879 -1.9709500074 -10.760000229 -3.0285298824 -2.2493600845 -10.596500397 
-3.8998200893 -2.3146901131 -10.101599693 -3.8916900158 -2.2964799404 -10.081600189 -3.0025000572 -2.3188700676 -10.451199532 
-2.996819973 -2.3469901085 -10.475000381 -3.3561000824 -2.9342000484 -10.335300446 -2.9551200867 -2.9332499504 -9.8807201385 
-2.9443399906 -3.0254199505 -9.7233400345 -2.946160078 -3.0163199902 -9.7482299805 -3.0846300125 -2.1344799995 -10.530400276 
-3.0860199928 -2.1247200966 -10.563500404 -3.0651199818 -2.174669981 -10.483099937 -3.0491499901 -2.2047801018 -10.470000267 
-3.0618300438 -2.1835401058 -10.449299812 -3.034840107 -2.2341001034 -10.456899643 -3.0458900928 -2.2122199535 -10.437399864 
-3.0218300819 -2.2632300854 -10.44410038 -3.0315999985 -2.2402598858 -10.425499916 -3.8895599842 -2.2840800285 -9.9441900253 
-3.8763899803 -2.2601499557 -9.9550800323 -3.8821799755 -2.2806398869 -9.7701797485 -3.8977100849 -2.3044300079 -9.7948999405 
-3.8676700592 -2.2640800476 -9.7458400726 -3.8937399387 -2.305079937 -9.764670372 -3.8827199936 -2.292069912 -9.7431402206 
-3.9078800678 -2.3209600449 -9.8276195526 -3.9141199589 -2.3394598961 -9.8019104004 -3.9062700272 -2.3294401169 -9.7716798782 
-3.8521199226 -2.2500200272 -9.7223997116 -3.8680300713 -2.2776401043 -9.7187404633 -3.6146399975 -2.0087099075 -10.25660038 
-3.5987000465 -2.0105500221 -10.230500221 -3.5752398968 -2.006759882 -10.219200134 -3.5476698875 -2.0035099983 -10.204999924 
-3.1338799 -2.7920899391 -10.598400116 -3.118999958 -2.7677600384 -10.612000465 -3.1450600624 -2.7848300934 -10.628899574 
-3.110229969 -2.7741799355 -10.579999924 -3.1275599003 -2.7986600399 -10.568300247 -3.1589300632 -2.8093700409 -10.612500191 
-3.147010088 -2.8117699623 -10.586099625 -3.1308000088 -2.7585299015 -10.643400192 -3.094520092 -2.7477600574 -10.592900276 
-3.1055800915 -2.7414700985 -10.625200272 -3.1731700897 -2.8010299206 -10.643899918 -3.1580400467 -2.7742600441 -10.660300255 
-3.10552001 -2.779720068 -10.5479002 -3.0875000954 -2.753289938 -10.558699608 -3.541960001 -1.9383200407 -10.39869976 
-3.5245599747 -1.9460099936 -10.378199577 -3.4925498962 -1.9430600405 -10.382599831 -3.0166599751 -2.6681001186 -10.392900467 
-3.0139400959 -2.6639900208 -10.36590004 -2.9945600033 -2.6162500381 -10.347900391 -3.0069599152 -2.6486001015 -10.344200134 
-3.0172300339 -2.6583499908 -10.448300362 -3.0230100155 -2.6772100925 -10.423100471 -3.0260798931 -2.688149929 -10.369700432 
-3.0309801102 -2.6959400177 -10.399000168 -3.7025699615 -2.7759399414 -10.779100418 -3.6892299652 -2.753070116 -10.826899529 
-3.7089700699 -2.7583899498 -10.802599907 -3.6961801052 -2.7927899361 -10.756099701 -3.7295498848 -2.7600300312 -10.78069973 
-3.7232699394 -2.7784500122 -10.75549984 -3.4638199806 -3.0742399693 -9.7356700897 -3.4973199368 -3.0653100014 -9.7333498001 
-3.9351398945 -2.4118700027 -9.7565402985 -3.9362499714 -2.4309000969 -9.7301597595 -3.9428899288 -2.4249200821 -9.7862100601 
-3.9320499897 -2.3922998905 -9.7834997177 -3.9453101158 -2.4427099228 -9.758769989 -3.9234499931 -2.3802099228 -9.7524003983 
-3.9465401173 -2.4619600773 -9.7315301895 -3.9349899292 -2.4486999512 -9.7040195465 -4.0082201958 -2.1413900852 -10.778900146 
-4.0147099495 -2.1379699707 -10.816599846 -4.0071101189 -2.1077699661 -10.798999786 -4.0151600838 -2.1682999134 -10.801400185 
-4.0055098534 -2.163189888 -10.750599861 -4.0110602379 -2.1719200611 -10.774999619 -3.9993801117 -2.1079499722 -10.765099525 
-3.999119997 -2.133300066 -10.743599892 -4.0193600655 -2.1673099995 -10.833800316 -3.9960598946 -2.0760099888 -10.78180027 
-3.7474598885 -2.0339701176 -10.362500191 -3.7723400593 -2.0413100719 -10.38449955 -3.7220900059 -2.0273299217 -10.341300011 
-3.7492699623 -2.0183699131 -10.394200325 -3.7233300209 -2.0115098953 -10.375100136 -3.77470994 -2.023070097 -10.419099808 
-3.7971000671 -2.0505299568 -10.406000137 -3.6964199543 -2.0218000412 -10.319899559 -3.6959199905 -2.0060300827 -10.354499817 
-3.6707699299 -2.0172700882 -10.298500061 -3.6690499783 -2.0029199123 -10.332099915 -3.6445600986 -2.0131599903 -10.277700424 
-3.6431701183 -2.0007300377 -10.310799599 -3.4614799023 -1.9416300058 -10.389499664 -3.6175699234 -1.9985400438 -10.291700363 
-3.5894799232 -1.9942100048 -10.279399872 -3.5805299282 -2.0007801056 -10.249500275 -3.5890800953 -2.5359799862 -11.162099838 
-3.5649499893 -2.5220799446 -11.179699898 -3.5983500481 -2.5159099102 -11.185799599 -3.5807099342 -2.5547399521 -11.139800072 
-3.5564301014 -2.5418200493 -11.155900002 -3.5738999844 -2.5009000301 -11.204899788 -3.5394001007 -2.5062999725 -11.196700096 
-3.5313200951 -2.5268099308 -11.171899796 -3.6307599545 -2.5078101158 -11.190899849 -3.6078801155 -2.4949700832 -11.210300446 
-3.5491399765 -2.5609400272 -11.132800102 -3.5229299068 -2.5463199615 -11.148099899 -3.5155699253 -2.5657000542 -11.124400139 
-3.5093901157 -2.5849900246 -11.100600243 -3.503880024 -2.6038498878 -11.077300072 -3.4982700348 -2.6220200062 -11.054599762 
-3.492000103 -2.6398699284 -11.031999588 -3.4855000973 -2.6578900814 -11.008899689 -3.4793701172 -2.6761000156 -10.9854002 
-3.4734499454 -2.6941299438 -10.961899757 -3.466919899 -2.7118899822 -10.938400269 -3.4595499039 -2.7297799587 -10.914199829 
-3.452039957 -2.7483799458 -10.888600349 -3.2367999554 -1.8847299814 -10.764900208 -3.221750021 -1.8943400383 -10.785599709 
-3.1979699135 -1.9230200052 -10.781700134 -3.2577199936 -1.8666399717 -10.759200096 -3.2460000515 -1.8684500456 -10.787199974 
-3.2298400402 -1.8766200542 -10.81649971 -3.2051799297 -1.9064400196 -10.813199997 -3.4428100586 -2.7662799358 -10.862999916 
-3.4649600983 -2.7823400497 -10.845299721 -3.8785300255 -2.7000501156 -10.580800056 -3.8685100079 -2.7112300396 -10.60890007 
-3.8880400658 -2.6842300892 -10.60379982 -3.8714599609 -2.7122199535 -10.554400444 -3.8599998951 -2.725509882 -10.581000328 
-3.88793993 -2.6872799397 -10.556200027 -3.8923499584 -2.6789600849 -10.578800201 -3.8785600662 -2.6923799515 -10.635499954 
-3.8466200829 -2.7387099266 -10.610099792 -3.8548998833 -2.7216598988 -10.640299797 -3.9033000469 -2.6603300571 -10.590100288 
-3.9021399021 -2.6594800949 -10.625 -3.3722300529 -1.9140800238 -10.492199898 -3.9404699802 -2.4367699623 -10.257699966 
-3.9433400631 -2.4349300861 -10.286100388 -3.9458599091 -2.4341099262 -10.309100151 -3.8081600666 -2.8098299503 -10.377099991 
-3.816090107 -2.7996399403 -10.41079998 -3.9270200729 -2.3880200386 -10.190699577 -3.9019300938 -2.3200600147 -10.044300079 
-3.9039299488 -2.3228600025 -10.015800476 -3.9008500576 -2.3181300163 -10.07310009 -3.9445400238 -2.4802401066 -9.7014799118 
-3.956799984 -2.4942700863 -9.7321500778 -3.9547300339 -2.4725599289 -9.7622699738 -3.9228899479 -2.4368300438 -9.682510376 
-3.9295198917 -2.4631500244 -9.6767196655 -3.9378700256 -2.4947800636 -9.6710395813 -3.9553000927 -2.5171298981 -9.6955299377 
-2.9156200886 -2.2340500355 -9.5895500183 -2.9015700817 -2.2403299809 -9.5608997345 -3.988120079 -2.1942100525 -10.647000313 
-3.5672299862 -3.0408198833 -9.8732995987 -3.5807199478 -3.0409400463 -9.8525400162 -3.5708799362 -3.0345499516 -9.8953199387 
-3.4392700195 -1.9507399797 -10.371399879 -3.4141099453 -1.9516500235 -10.378499985 -3.0575098991 -2.1926600933 -10.416199684 
-3.0419299603 -2.2197799683 -10.406000137 -3.1887099743 -2.8662800789 -10.390399933 -3.1600699425 -2.8460299969 -10.395299911 
-3.2088000774 -2.8797700405 -10.415499687 -3.124890089 -2.815860033 -10.439299583 -2.9779601097 -2.902299881 -9.9209299088 
-2.958810091 -2.9132099152 -9.8987398148 -3.33156991 -2.5172600746 -11.097399712 -3.3528299332 -2.5441598892 -11.084699631 
-3.3215100765 -2.5346500874 -11.072500229 -3.3615601063 -2.5245599747 -11.110500336 -3.3021900654 -2.5076398849 -11.083200455 
-3.3120400906 -2.4897799492 -11.108699799 -3.3404300213 -2.4987499714 -11.122200012 -3.3785600662 -2.5709199905 -11.071700096 
-3.3394200802 -2.5640900135 -11.055399895 -3.385890007 -2.5491099358 -11.098999977 -3.3104100227 -2.5464398861 -11.052000046 
-3.2940599918 -2.5251700878 -11.059300423 -3.3702199459 -2.5930800438 -11.043199539 -3.3356699944 -2.5892400742 -11.026399612 
-3.3092300892 -2.5648400784 -11.032699585 -3.2886600494 -2.5421199799 -11.038200378 -3.0238099098 -2.6777698994 -10.281499863 
-3.0082900524 -2.6473400593 -10.285900116 -3.0148899555 -2.6638000011 -10.31289959 -3.0170800686 -2.6625499725 -10.256500244 
-3.0341300964 -2.6986300945 -10.306900024 -3.0385499001 -2.7023100853 -10.273599625 -3.0325500965 -2.6910400391 -10.251199722 
-3.0031900406 -2.6325800419 -10.258600235 -2.9948899746 -2.6142499447 -10.287500381 -3.0004200935 -2.6315000057 -10.316399574 
-3.0212900639 -2.6786499023 -10.34070015 -3.0243399143 -2.6757900715 -10.224100113 -3.010999918 -2.649130106 -10.235899925 
-2.9786000252 -2.5566499233 -10.263199806 -2.9755599499 -2.5439500809 -10.293100357 -2.9835300446 -2.5791299343 -10.289500237 
-2.9720199108 -2.5206000805 -10.268699646 -2.989579916 -2.5956499577 -10.254400253 -2.9812500477 -2.5650799274 -10.232999802 
-2.9743199348 -2.5331199169 -10.240699768 -2.9706799984 -2.5103199482 -10.298000336 -2.9796099663 -2.564150095 -10.319700241 
-2.9735600948 -2.5316998959 -10.321100235 -2.9886100292 -2.5980501175 -10.318400383 -3.0638198853 -2.7388899326 -10.213899612 
-3.0824999809 -2.7672901154 -10.187600136 -3.0746400356 -2.7690799236 -10.153900146 -3.0421800613 -2.7066299915 -10.221500397 
-3.0070099831 -2.2351601124 -9.9694299698 -3.0138199329 -2.2327899933 -10.006199837 -3.0024499893 -2.2585799694 -10.032500267 
-2.9935600758 -2.2843999863 -10.063300133 -3.0006599426 -2.2348899841 -9.9339895248 -2.9734199047 -2.2571899891 -9.8852701187 
-2.993819952 -2.2338199615 -9.8991498947 -2.687969923 -2.7018799782 -9.5483903885 -3.406069994 -1.7596199512 -10.782500267 
-3.4946498871 -1.8343299627 -10.590100288 -3.4907999039 -1.8161900043 -10.623999596 -3.4590699673 -1.8137300014 -10.639699936 
-3.4816000462 -1.8523800373 -10.560600281 -3.514179945 -1.8489199877 -10.561200142 -3.5342900753 -1.8344800472 -10.585100174 
-3.5230600834 -1.8194899559 -10.612299919 -3.4879999161 -1.800369978 -10.654299736 -3.5190598965 -1.8042399883 -10.640099525 
-3.1019599438 -2.7874100208 -10.196100235 -3.0897400379 -2.7700800896 -10.225000381 -3.1154000759 -2.7979199886 -10.218500137 
-3.1212899685 -2.8094201088 -10.18599987 -3.0981900692 -2.7932100296 -10.162799835 -3.1063799858 -2.787430048 -10.25039959 
-3.086509943 -2.7659699917 -10.257699966 -3.0693800449 -2.7449700832 -10.251000404 -2.9273700714 -3.0003099442 -9.7535600662 
-3.4175000191 -3.0822100639 -9.7900104523 -4.0144300461 -2.1952600479 -10.786399841 -4.0181498528 -2.1962199211 -10.816900253 
-4.0039801598 -2.185270071 -10.728099823 -3.9978499413 -2.1560299397 -10.720100403 -3.9967598915 -2.1785399914 -10.697400093 
-4.0024900436 -2.2078299522 -10.706000328 -4.0082502365 -2.2143599987 -10.736700058 -4.0098600388 -2.1916201115 -10.757399559 
-3.9890899658 -2.1496100426 -10.689200401 -3.9898400307 -2.1270599365 -10.712100029 -3.9886500835 -2.1723001003 -10.667099953 
-3.9956800938 -2.2008900642 -10.675600052 -3.9794700146 -2.1441400051 -10.658599854 -3.9795799255 -2.1208999157 -10.681300163 
-3.9800000191 -2.1679799557 -10.638199806 -2.9840099812 -2.6863501072 -10.062999725 -3.002710104 -2.7087800503 -10.079600334 
-3.8200600147 -2.0609500408 -10.425700188 -3.9508500099 -2.4526700974 -9.7841501236 -3.0500600338 -2.7184100151 -10.24849987 
-3.1022999287 -2.7935500145 -10.419199944 -3.0785400867 -2.7647600174 -10.433899879 -3.1018500328 -2.7908198833 -10.45320034 
-3.0836598873 -2.7728300095 -10.400799751 -3.086400032 -2.7758901119 -10.377599716 -2.9438500404 -2.395179987 -9.9991197586 
-2.934139967 -2.4260799885 -9.9922304153 -3.0134301186 -2.3170399666 -10.618300438 -3.0222599506 -2.28779006 -10.643099785 
-3.0183498859 -2.3221199512 -10.656299591 -3.0206599236 -2.2790598869 -10.607600212 -3.0073900223 -2.3541100025 -10.614899635 
-3.0063900948 -2.3382499218 -10.584699631 -3.0127599239 -2.3440101147 -10.640299797 -3.029020071 -2.2536699772 -10.629199982 
-3.0317599773 -2.2609601021 -10.668700218 -3.0256700516 -2.2992401123 -10.67650032 -3.0238800049 -2.3310799599 -10.687399864 
-3.017250061 -2.3577699661 -10.668899536 -3.1089200974 -2.0728499889 -10.826899529 -3.1172599792 -2.0565299988 -10.855899811 
-3.1054499149 -2.0906400681 -10.857899666 -3.0975399017 -2.1036601067 -10.823300362 -3.1008300781 -2.0882399082 -10.796500206 
-3.1055800915 -2.0735499859 -10.769100189 -3.1301000118 -2.0253798962 -10.857999802 -3.8394699097 -2.7511401176 -10.579000473 
-3.8276600838 -2.7511999607 -10.644000053 -3.8232400417 -2.7655398846 -10.606800079 -3.8528599739 -2.7375299931 -10.552800179 
-3.8332700729 -2.7615399361 -10.550200462 -3.8182098866 -2.7753601074 -10.574500084 -3.0856099129 -2.7596299648 -10.526200294 
-3.068089962 -2.7325000763 -10.533900261 -3.1037399769 -2.7846999168 -10.516400337 -3.0854001045 -2.7651600838 -10.496899605 
-3.0694100857 -2.7414801121 -10.504400253 -3.0693500042 -2.7212998867 -10.570699692 -3.1248500347 -2.8045198917 -10.536999702 
-3.3583600521 -2.9388298988 -10.41479969 -3.341039896 -2.9331300259 -10.371399879 -3.3356599808 -2.930079937 -10.349499702 
-3.0926299095 -2.1213800907 -9.7508096695 -3.072149992 -2.1344099045 -9.7285203934 -3.0837900639 -2.1277499199 -9.7844696045 
-3.1256999969 -2.1018400192 -9.7434196472 -3.1113600731 -2.1092600822 -9.7768297195 -3.0997600555 -2.1180999279 -9.7125301361 
-3.0749399662 -2.1329898834 -9.7026700974 -3.0717799664 -2.1460499763 -10.584600449 -3.6482200623 -1.84454 -10.591500282 
-3.6262199879 -1.8263299465 -10.612600327 -3.6087200642 -1.8426599503 -10.581000328 -3.6370799541 -1.8599100113 -10.562999725 
-3.6699500084 -1.863139987 -10.572600365 -3.6826899052 -1.8499200344 -10.599300385 -3.6664700508 -1.8296300173 -10.622900009 
-3.5895299911 -1.8237500191 -10.607700348 -3.6396000385 -1.8111799955 -10.641300201 -3.6053700447 -1.8098000288 -10.63409996 
-3.5697100163 -1.8371399641 -10.582699776 -3.5821900368 -1.8538099527 -10.557100296 -3.609639883 -1.8596600294 -10.554300308 
-3.4615700245 -2.0031299591 -10.083100319 -3.9796900749 -2.3626499176 -10.958600044 -3.9743800163 -2.3570399284 -10.992699623 
-3.1412498951 -2.0894899368 -9.9070796967 -3.1690700054 -2.0722799301 -9.9582595825 -3.1430499554 -2.0889799595 -9.9418001175 
-3.1400299072 -2.0899899006 -9.8750896454 -3.1607699394 -2.0769100189 -9.858039856 -2.7051899433 -2.5644700527 -9.61577034 
-2.7000300884 -2.5621800423 -9.5872097015 -3.5202701092 -1.8876199722 -10.494199753 -3.9197099209 -2.3601300716 -9.7775497437 
-3.9267799854 -2.3712899685 -9.8080101013 -3.9386200905 -2.4056899548 -9.8181800842 -3.949559927 -2.4435200691 -9.8124599457 
-3.7499001026 -2.0047399998 -10.418999672 -3.7280600071 -1.9977500439 -10.406000137 -3.6970100403 -1.9873700142 -10.392800331 
-3.6670200825 -1.986379981 -10.366299629 -3.639950037 -1.9860299826 -10.343299866 -3.6155900955 -1.9868099689 -10.32159996 
-3.9861500263 -2.5817399025 -9.7598600388 -3.9951100349 -2.6119999886 -9.7578496933 -3.9899399281 -2.5978300571 -9.7887401581 
-3.9892399311 -2.5965299606 -9.7283096313 -3.9820299149 -2.5679700375 -9.7897195816 -3.9775800705 -2.5522499084 -9.763710022 
-3.9791901112 -2.5656399727 -9.7309398651 -3.9986000061 -2.6285700798 -9.785949707 -3.9998500347 -2.6266698837 -9.7272396088 
-4.0047001839 -2.6422700882 -9.7563695908 -3.9922599792 -2.6172399521 -9.8201503754 -3.9837601185 -2.5811400414 -9.8174600601 
-3.863339901 -2.701210022 -10.667900085 -3.8880798817 -2.669490099 -10.66479969 -3.935849905 -2.411429882 -10.240200043 
-3.8117499352 -2.8072800636 -10.343000412 -3.9101400375 -2.336509943 -10.152500153 -3.9194200039 -2.3622500896 -10.171899796 
-3.3724200726 -2.9327700138 -10.568900108 -3.3860800266 -2.927259922 -10.595700264 -3.9399299622 -2.5451900959 -10.091199875 
-3.1828999519 -2.0649900436 -9.8397703171 -3.1425199509 -2.8751299381 -10.091899872 -3.1265799999 -2.8535299301 -10.104000092 
-2.7572600842 -2.3873200417 -9.5295801163 -2.7551300526 -2.3965899944 -9.5669202805 -2.7394499779 -2.419960022 -9.5374202728 
-2.772190094 -2.3663699627 -9.551440239 -2.7395899296 -2.4285600185 -9.575220108 -2.7502000332 -2.4117500782 -9.5925397873 
-2.7718000412 -2.3719699383 -9.5845899582 -2.7604401112 -2.3933200836 -9.5961198807 -2.7270898819 -2.4513800144 -9.5553197861 
-4.0204901695 -2.2280299664 -10.864199638 -3.1043200493 -2.0850799084 -10.609100342 -3.1217799187 -2.0564799309 -10.622099876 
-3.0876300335 -2.115060091 -10.596300125 -3.7051401138 -2.1060800552 -9.714630127 -3.6780400276 -2.0896399021 -9.7151498795 
-3.6875500679 -2.1048400402 -9.6903896332 -3.7146699429 -2.1225600243 -9.6900100708 -3.6615099907 -2.0724101067 -9.741399765 
-3.4366500378 -3.0116000175 -10.015299797 -3.4063498974 -3.0173499584 -10.005599976 -3.4141900539 -3.0039401054 -10.031399727 
-3.4225299358 -2.9911301136 -10.056400299 -3.9150300026 -2.3363399506 -9.854590416 -3.9094901085 -2.3230800629 -9.8751897812 
-3.9206800461 -2.3520898819 -9.8307504654 -3.5452001095 -1.7617499828 -10.712499619 -3.5454499722 -1.7778199911 -10.684200287 
-3.5472800732 -1.745200038 -10.741000175 -3.5177900791 -1.754799962 -10.729700089 -3.5155498981 -1.7718000412 -10.699700356 
-3.6628499031 -1.9675600529 -10.400400162 -3.7132101059 -1.9799400568 -10.421899796 -3.6886899471 -1.9649499655 -10.426099777 
-3.636480093 -1.9698400497 -10.375900269 -3.6073100567 -1.9707900286 -10.354100227 -2.6897499561 -2.5597300529 -9.5268697739 
-2.6989200115 -2.5449299812 -9.5627403259 -3.4326100349 -2.3958899975 -11.282500267 -3.4121999741 -2.4083099365 -11.258799553 
-3.9041600227 -2.3150498867 -9.9364595413 -3.9102599621 -2.3262898922 -9.9038896561 -3.8995800018 -2.3076300621 -9.9661998749 
-3.8861598969 -2.279900074 -9.9744300842 -3.4179499149 -2.0384099483 -9.6723899841 -3.3860599995 -2.0327498913 -9.6920700073 
-3.3499500751 -2.029779911 -9.7157297134 -3.2161400318 -3.0388400555 -9.9158697128 -3.2036099434 -3.0221099854 -9.9387598038 
-2.7143399715 -2.6865200996 -9.6628303528 -2.7095999718 -2.703979969 -9.6360702515 -3.9687700272 -2.1405398846 -10.627300262 
-3.000289917 -2.6240599155 -10.229399681 -2.969630003 -2.4990799427 -10.243700027 -2.9681799412 -2.4800701141 -10.274299622 
-2.9983699322 -2.6209700108 -10.197899818 -3.0105600357 -2.6488800049 -10.209699631 -3.4478900433 -2.0461900234 -9.6542596817 
-3.4494199753 -2.0603299141 -9.6225004196 -3.1757900715 -1.9515199661 -10.78219986 -3.1700899601 -1.9687700272 -10.734900475 
-3.8402400017 -2.0691099167 -10.446900368 -3.1495599747 -2.8241400719 -10.559200287 -3.172139883 -2.8531899452 -10.364800453 
-3.1235499382 -2.8121199608 -10.472999573 -2.9257900715 -2.4537498951 -9.9844398499 -2.9130899906 -2.4608299732 -9.9596595764 
-3.6614899635 -1.880499959 -10.542300224 -3.6259999275 -1.8741799593 -10.536800385 -3.9294800758 -2.3855099678 -10.222499847 
-3.9215500355 -2.3596200943 -10.203800201 -3.9329400063 -2.3843700886 -10.254500389 -3.9247601032 -2.3573100567 -10.237299919 
-3.9146099091 -2.3310499191 -10.216799736 -3.9119799137 -2.3343100548 -10.183799744 -3.0060799122 -2.3281400204 -10.552700043 
-3.3606300354 -2 -10.232000351 -3.3010900021 -2.0207099915 -10.17539978 -3.5601201057 -2.9503200054 -10.116399765 
-3.7330400944 -2.965460062 -9.9389095306 -3.7499599457 -2.9727499485 -9.9091100693 -3.7313799858 -2.9890799522 -9.8838500977 
-3.5635099411 -2.1043999195 -9.587439537 -3.5523099899 -2.0850698948 -9.6127099991 -3.5329101086 -2.0951099396 -9.586520195 
-3.5852100849 -2.09739995 -9.6110095978 -3.5702700615 -2.1239199638 -9.5632095337 -3.5925400257 -2.1175301075 -9.584810257 
-3.5465700626 -2.1121499538 -9.5673704147 -3.5751299858 -2.0761699677 -9.6426000595 -3.541260004 -2.0697700977 -9.6353702545 
-3.5149400234 -2.0741400719 -9.6147499084 -3.5011200905 -2.089799881 -9.5822601318 -3.5190300941 -2.1110498905 -9.5565700531 
-3.3519399166 -3.0429399014 -9.9500799179 -3.3729100227 -3.0332698822 -9.9723997116 -3.6773200035 -2.9024300575 -10.393199921 
-3.6977701187 -2.8924000263 -10.367400169 -3.6670300961 -2.9075400829 -10.360899925 -3.7065899372 -2.8867199421 -10.397299767 
-3.6451499462 -2.916670084 -10.388299942 -3.6561601162 -2.9106199741 -10.421299934 -3.6884601116 -2.8951499462 -10.422499657 
-3.7264900208 -2.8754999638 -10.372400284 -3.6885800362 -2.8967900276 -10.335599899 -3.7179200649 -2.8808600903 -10.341799736 
-3.6561899185 -2.9109899998 -10.324500084 -3.6338400841 -2.9206500053 -10.354100227 -3.3274900913 -2.9290699959 -10.515399933 
-3.3471798897 -2.9319798946 -10.541799545 -2.9604399204 -2.8689301014 -9.9289703369 -2.9459500313 -2.8390100002 -9.9345197678 
-2.9537799358 -3.1009700298 -9.5311002731 -2.9531600475 -3.0897099972 -9.5612602234 -2.9797201157 -3.1048600674 -9.5507898331 
-2.9261798859 -3.0841100216 -9.5396203995 -3.1985299587 -2.8706800938 -10.361399651 -3.2167201042 -2.8831300735 -10.38409996 
-3.2241899967 -2.8852500916 -10.354399681 -3.1850099564 -2.8598599434 -10.337300301 -3.2072300911 -2.8740301132 -10.337599754 
-3.23781991 -2.8955299854 -10.407400131 -3.2456998825 -2.8980200291 -10.375599861 -3.2516100407 -2.8983800411 -10.343099594 
-3.2280399799 -2.884649992 -10.324999809 -3.8354001045 -2.2248899937 -9.7249403 -3.1905798912 -2.8292000294 -10.623999596 
-3.1690199375 -2.8298699856 -10.590499878 -3.3770298958 -2.0020000935 -9.9837999344 -3.3706600666 -2.0016798973 -9.9513998032 
-3.4004499912 -1.9993499517 -9.9627504349 -3.3423199654 -2.006829977 -9.980050087 -3.4067499638 -2.000109911 -9.9918899536 
-3.3838300705 -2.0026600361 -10.013600349 -3.3587799072 -2.0051999092 -10.00510025 -3.3984599113 -1.998849988 -9.931520462 
-3.3679699898 -2.0018100739 -9.9121398926 -3.3375198841 -2.00654006 -9.9405097961 -3.4250500202 -1.9981600046 -9.9472103119 
-3.4244000912 -1.9989700317 -9.9727602005 -2.9669399261 -2.3947598934 -10.112500191 -2.9644699097 -2.3944299221 -10.090100288 
-2.9692499638 -2.3716599941 -10.095000267 -2.9688999653 -2.3965699673 -10.140299797 -2.9649000168 -2.4214398861 -10.12460041 
-2.9721999168 -2.3698399067 -10.122599602 -2.962460041 -2.416670084 -10.098199844 -2.9601700306 -2.4085099697 -10.0770998 
-2.9630799294 -2.3816699982 -10.065999985 -2.9727098942 -2.3472499847 -10.073399544 -2.9767200947 -2.3443100452 -10.10379982 
-3.7379500866 -2.9355700016 -9.9930400848 -3.7327399254 -2.9229800701 -10.020600319 -3.7124400139 -2.6657600403 -10.942799568 
-3.1449298859 -2.0889899731 -9.9778003693 -3.9421999454 -2.3900699615 -10.316699982 -3.9468801022 -2.4196500778 -10.326800346 
-2.9833600521 -2.3166699409 -10.084199905 -2.9547700882 -2.3866798878 -10.030900002 -2.9546599388 -2.4130399227 -10.052700043 
-3.1294300556 -2.0330300331 -10.691900253 -3.1435399055 -2.0085499287 -10.717499733 -3.1122601032 -2.0597798824 -10.71269989 
-3.1096599102 -2.0664100647 -10.678099632 -3.124350071 -2.0464100838 -10.655099869 -3.1430599689 -2.0188500881 -10.662199974 
-3.1518399715 -2.0020999908 -10.688199997 -3.1625800133 -1.9831600189 -10.712499619 -3.7884399891 -2.0135300159 -10.451899529 
-3.7618598938 -1.9989000559 -10.442199707 -3.8032400608 -2.0374000072 -10.436100006 -3.8052699566 -2.5742499828 -10.992099762 
-3.8184900284 -2.550839901 -11.011500359 -3.8318300247 -2.5580399036 -10.982600212 -3.8181300163 -2.5826098919 -10.963199615 
-3.7915899754 -2.565210104 -11.020899773 -3.7776899338 -2.5889399052 -11.00039959 -3.7926900387 -2.5975499153 -10.971699715 
-3.8441200256 -2.5332899094 -11.003399849 -3.8298099041 -2.5302000046 -11.027999878 -3.8070600033 -2.5411400795 -11.039699554 
-3.8443500996 -2.5662200451 -10.951100349 -3.858809948 -2.5386600494 -10.971899986 -3.7815198898 -2.4667899609 -11.17029953 
-3.7901101112 -2.4801199436 -11.144200325 -3.7615499496 -2.4895401001 -11.155200005 -3.7558701038 -2.4732100964 -11.181200027 
-3.8001799583 -2.4928200245 -11.116900444 -3.7713000774 -2.5043098927 -11.126899719 -3.8172700405 -2.468460083 -11.133700371 
-3.7827401161 -2.5174400806 -11.098500252 -3.8119800091 -2.5038599968 -11.088700294 -3.8264200687 -2.4795598984 -11.10739994 
-3.7528400421 -2.5283999443 -11.108300209 -3.7410399914 -2.5133299828 -11.137200356 -3.7647900581 -2.5422101021 -11.079400063 
-3.7954699993 -2.5294001102 -11.06910038 -2.9842500687 -2.5821299553 -10.348400116 -3.6956400871 -2.9838900566 -9.5326099396 
-3.6855800152 -2.9842600822 -9.5640201569 -3.7062599659 -3.0115699768 -9.5545501709 -3.6756999493 -2.961990118 -9.5435695648 
-3.6962499619 -3.0026700497 -9.5828304291 -3.7164199352 -3.0283300877 -9.5888996124 -3.7242701054 -3.0453100204 -9.5565900803 
-3.7167799473 -3.0315001011 -9.5327596664 -2.9931199551 -2.3505599499 -10.437999725 -2.9854800701 -2.3813300133 -10.424099922 
-3.8966100216 -2.319920063 -9.7435998917 -3.9103500843 -2.3492100239 -9.7475404739 -3.2677500248 -2.024960041 -9.920999527 
-3.3037199974 -2.0138800144 -9.9305000305 -3.278429985 -2.021600008 -9.9568004608 -3.2488799095 -2.0321400166 -9.9524898529 
-3.2664101124 -2.0262999535 -9.8820400238 -3.2972800732 -2.0161800385 -9.8940296173 -3.3092899323 -2.0132200718 -9.9659099579 
-3.3310499191 -2.0079200268 -9.903550148 -3.2574999332 -2.0295801163 -9.9810800552 -3.283839941 -2.0210399628 -9.9879703522 
-3.3230600357 -2.9299499989 -10.429200172 -3.3327300549 -2.9319698811 -10.394599915 -3.2994499207 -2.9220499992 -10.458100319 
-3.3000600338 -2.921900034 -10.397600174 -3.2854199409 -2.9170100689 -10.427399635 -3.3158800602 -2.9256999493 -10.369799614 
-3.6842200756 -1.9445699453 -10.45720005 -3.7163600922 -1.9639899731 -10.451600075 -3.707930088 -1.940179944 -10.481699944 
-3.6784899235 -1.9237200022 -10.486200333 -3.6582899094 -1.9478900433 -10.433400154 -3.7367999554 -1.9566899538 -10.480799675 
-3.7477300167 -1.9774600267 -10.460000038 -3.7361700535 -1.9867600203 -10.433400154 -3.7305901051 -1.9357000589 -10.505800247 
-3.7015900612 -1.9186700583 -10.509200096 -3.1487898827 -2.0987300873 -10.190500259 -3.1487801075 -2.0989499092 -10.222599983 
-3.1294400692 -2.1145999432 -10.206700325 -3.1701200008 -2.0834100246 -10.20759964 -3.1477301121 -2.0984499454 -10.157099724 
-3.1712501049 -2.08239007 -10.175200462 -3.1266300678 -2.116050005 -10.175600052 -3.1694700718 -2.0830800533 -10.241499901 
-3.1444399357 -2.1015501022 -10.257900238 -3.1312301159 -2.11322999 -10.233400345 -3.1086599827 -2.1329400539 -10.195099831 
-3.1133799553 -2.1292901039 -10.225899696 -3.1740601063 -2.0793399811 -10.137299538 -3.1977601051 -2.0658700466 -10.165399551 
-3.2067699432 -2.060090065 -10.13160038 -3.1885199547 -2.0687599182 -10.102899551 -3.144589901 -2.0990400314 -10.123299599 
-3.1633501053 -2.0846500397 -10.104999542 -3.1899700165 -2.0706100464 -10.193499565 -3.123239994 -2.1172499657 -10.142700195 
-3.6927399635 -2.8076899052 -10.733400345 -3.7135601044 -2.7943499088 -10.737400055 -3.3471500874 -2.9270501137 -10.248900414 
-3.3342599869 -2.9246799946 -10.286499977 -2.7306900024 -2.8210999966 -9.6044502258 -2.7205901146 -2.8184499741 -9.5732698441 
-2.7176699638 -2.7924799919 -9.5926599503 -2.7268600464 -2.7932100296 -9.6246795654 -2.734869957 -2.8464999199 -9.5844497681 
-2.7454299927 -2.8493499756 -9.6143398285 -2.7431399822 -2.8248500824 -9.6406497955 -2.7247700691 -2.8445100784 -9.5548000336 
-2.7094600201 -2.8144600391 -9.5405902863 -2.7090499401 -2.7897400856 -9.5651302338 -2.7138900757 -2.7609200478 -9.6104202271 
-2.7086400986 -2.7705600262 -9.5818300247 -3.0743598938 -2.1369199753 -10.618000031 -3.0896499157 -2.1063799858 -10.629799843 
-3.6813399792 -2.898900032 -10.304400444 -3.7086100578 -2.8853099346 -10.311599731 -3.6223299503 -2.9233300686 -10.321499825 
-3.6370699406 -2.9167599678 -10.296699524 -3.659539938 -2.9079899788 -10.294699669 -3.6714100838 -1.9031499624 -10.513500214 
-3.8224999905 -1.9055900574 -10.636199951 -3.8457698822 -1.9052200317 -10.665499687 -3.8187599182 -1.88191998 -10.663999557 
-3.853509903 -1.9345300198 -10.636699677 -3.7940099239 -1.8819999695 -10.637200356 -3.7939600945 -1.9047900438 -10.605400085 
-3.8253800869 -1.9278000593 -10.60929966 -3.8400199413 -1.8806200027 -10.690999985 -3.8642699718 -1.9023400545 -10.694399834 
-3.8728299141 -1.9287099838 -10.671999931 -3.7920300961 -1.8612200022 -10.66479969 -3.8148798943 -1.8597300053 -10.690500259 
-3.6288099289 -1.9509899616 -10.408900261 -3.6120800972 -1.9586800337 -10.383399963 -3.6003599167 -1.9473500252 -10.400400162 
-3.1774699688 -2.8466200829 -10.565199852 -3.1643199921 -2.841919899 -10.540300369 -3.1448400021 -2.8270499706 -10.524900436 
-3.1962299347 -2.8501000404 -10.594400406 -3.204969883 -2.8663899899 -10.567899704 -3.1863899231 -2.8600199223 -10.538499832 
-3.1686799526 -2.0788300037 -10.072400093 -3.1841800213 -2.0674901009 -10.04279995 -3.2008800507 -2.0600199699 -10.070400238 
-3.1416599751 -2.098870039 -10.08920002 -3.1419000626 -2.0960900784 -10.053899765 -3.162430048 -2.0808899403 -10.041399956 
-3.2114300728 -2.052380085 -10.037799835 -3.1919999123 -2.061150074 -10.01309967 -3.1709499359 -2.0740199089 -10.021499634 
-3.2354300022 -2.0429000854 -10.065899849 -3.2183001041 -2.0527598858 -10.099300385 -3.0801200867 -2.7630200386 -10.309900284 
-3.0943899155 -2.7763600349 -10.28069973 -3.0728600025 -2.7514500618 -10.282299995 -3.0562999249 -2.7332499027 -10.315999985 
-3.0699899197 -2.75364995 -10.338999748 -3.1212201118 -2.8032500744 -10.278100014 -3.2237401009 -2.8390901089 -10.645299911 
-3.2032299042 -2.8146700859 -10.65929985 -3.2332599163 -2.82427001 -10.67539978 -3.2549200058 -2.8461399078 -10.662699699 
-3.2484400272 -2.8634700775 -10.630000114 -3.2162001133 -2.8510301113 -10.618599892 -3.186619997 -2.7888700962 -10.675499916 
-3.2153499126 -2.8011701107 -10.689599991 -3.2628099918 -2.8307700157 -10.690899849 -3.2429299355 -2.8102400303 -10.702899933 
-3.9087500572 -1.9795900583 -10.666999817 -3.8978600502 -1.9512399435 -10.683400154 -3.8844199181 -1.9579900503 -10.652299881 
-3.920140028 -1.9730199575 -10.696299553 -3.897589922 -1.987869978 -10.636599541 -3.9201200008 -2.0083498955 -10.653300285 
-3.9291501045 -1.9998600483 -10.68200016 -3.8879699707 -1.9238500595 -10.7020998 -3.9108099937 -1.9455200434 -10.712900162 
-3.8722200394 -1.9678599834 -10.620599747 -3.22687006 -2.0504300594 -10.157500267 -3.2176699638 -2.0546300411 -10.195699692 
-3.3442599773 -3.0576000214 -9.9145803452 -3.3700499535 -3.0650799274 -9.8949403763 -3.3401100636 -3.0692400932 -9.8814001083 
-3.3151299953 -3.0477199554 -9.9330997467 -3.3117499352 -3.0618801117 -9.8990097046 -3.3670899868 -3.0743401051 -9.8628797531 
-3.3380100727 -3.0790998936 -9.8479099274 -3.7336499691 -2.8696498871 -10.40320015 -3.7141299248 -2.8807399273 -10.422200203 
-3.7340900898 -2.5518100262 -11.089300156 -3.722990036 -2.5367801189 -11.117099762 -3.7464900017 -2.5666298866 -11.059700012 
-3.7779901028 -2.554500103 -11.050100327 -2.7883000374 -2.7428600788 -9.8148202896 -3.2772901058 -3.124409914 -9.5349397659 
-3.2861399651 -3.1205699444 -9.5681295395 -3.2537899017 -3.1273899078 -9.5566997528 -3.261879921 -3.1231400967 -9.5907897949 
-3.3002200127 -3.1157100201 -9.6051101685 -3.3113899231 -3.0987401009 -9.7676095963 -3.4423599243 -2.4200000763 -11.262800217 
-3.4091498852 -2.0032100677 -10.097599983 -3.7607400417 -2.8512899876 -10.166399956 -3.7852699757 -2.8388900757 -10.147399902 
-3.7626900673 -2.8569600582 -10.134200096 -3.7609899044 -2.8494200706 -10.196800232 -3.783080101 -2.8347899914 -10.179200172 
-3.7424499989 -2.8618400097 -10.184399605 -3.732929945 -2.8691599369 -10.156599998 -3.7905099392 -2.846460104 -10.116399765 
-3.8103499413 -2.8267199993 -10.13010025 -3.8059000969 -2.8196399212 -10.16079998 -3.7693800926 -2.8652100563 -10.101599693 
-3.7398099899 -2.8741500378 -10.119099617 -2.7906401157 -2.3397300243 -9.5386600494 -2.7882299423 -2.3461999893 -9.5713596344 
-2.724750042 -2.7650101185 -9.6463499069 -2.7363200188 -2.7933299541 -9.6565599442 -3.6058700085 -2.9092400074 -10.592000008 
-3.5749499798 -2.9201700687 -10.585499763 -3.9556601048 -2.4123899937 -10.959199905 -3.9649400711 -2.3854799271 -10.975799561 
-3.9711399078 -2.3894400597 -10.94260025 -3.9447801113 -2.440089941 -10.943400383 -3.9383499622 -2.4331800938 -10.975899696 
-3.962460041 -2.4165101051 -10.925499916 -3.9484400749 -2.4078500271 -10.991299629 -3.95739007 -2.3816599846 -11.009799957 
-3.9770200253 -2.3917899132 -10.909199715 -3.6727399826 -3.0192799568 -9.7190704346 -3.6489500999 -3.0185499191 -9.700340271 
-3.6993200779 -3.0187499523 -9.70470047 -3.6435799599 -3.0261900425 -9.7291698456 -3.6665399075 -3.0245599747 -9.7504301071 
-3.700799942 -3.0196199417 -9.7396097183 -3.6207399368 -3.0271999836 -9.7081403732 -3.2350800037 -2.0458300114 -10.125 
-3.2541799545 -2.0380899906 -10.146100044 -3.2493400574 -2.0398499966 -10.178899765 -3.5973498821 -2.931910038 -10.346199989 
-3.6114399433 -2.9284501076 -10.381699562 -3.0047199726 -2.4477899075 -10.622400284 -3.011480093 -2.4256100655 -10.652099609 
-3.0136399269 -2.4644300938 -10.651599884 -3.007119894 -2.4813299179 -10.623000145 -3.0036098957 -2.4156498909 -10.618700027 
-2.9997799397 -2.465929985 -10.595000267 -2.9987399578 -2.4348099232 -10.593099594 -3.0210700035 -2.4140799046 -10.685899734 
-3.0220499039 -2.4490399361 -10.681599617 -3.0142199993 -2.3916599751 -10.662799835 -3.0080299377 -2.3977100849 -10.638299942 
-3.0172400475 -2.499049902 -10.649700165 -3.0251400471 -2.4842801094 -10.67840004 -3.1447501183 -1.9939800501 -10.860500336 
-3.1538600922 -1.9779399633 -10.833399773 -3.137360096 -2.0113399029 -10.888899803 -3.12458992 -2.0425999165 -10.883999825 
-3.1098399162 -2.3513200283 -10.934300423 -3.1239199638 -2.3719699383 -10.953499794 -3.1116600037 -2.3812799454 -10.924099922 
-3.0976400375 -2.3316099644 -10.913599968 -3.1090300083 -2.3208301067 -10.944299698 -3.0985400677 -2.3606901169 -10.904800415 
-3.1224000454 -2.3424499035 -10.964799881 -3.1276400089 -2.4021599293 -10.944299698 -3.1350400448 -2.3646199703 -10.979100227 
-3.1403698921 -2.3919200897 -10.973500252 -3.0993199348 -2.389359951 -10.894100189 -3.1147999763 -2.4122600555 -10.913999557 
-3.6148600578 -2.0954799652 -9.6344804764 -3.6075000763 -2.0751399994 -9.668299675 -3.5462899208 -2.0587999821 -9.6609897614 
-3.6105499268 -2.1111700535 -9.6057901382 -3.6319499016 -2.1158299446 -9.6142196655 -3.6395599842 -2.091039896 -9.6644601822 
-3.6498000622 -2.1107099056 -9.6374998093 -3.0756499767 -2.1356298923 -9.8208398819 -3.046900034 -2.1600000858 -9.8224201202 
-3.7309999466 -2.2211298943 -9.5730199814 -3.7519700527 -2.2402598858 -9.575920105 -3.9014101028 -2.4654400349 -9.6257200241 
-3.8899099827 -2.4320099354 -9.6249799728 -3.9208199978 -2.4782400131 -9.6492204666 -3.9111199379 -2.4415900707 -9.6543102264 
-3.9122600555 -2.501830101 -9.6232099533 -3.8691599369 -2.4255199432 -9.5996904373 -3.8779699802 -2.4007599354 -9.6229095459 
-2.7946999073 -2.7139000893 -9.830499649 -2.977159977 -2.5488500595 -10.347800255 -2.9727299213 -2.5169200897 -10.346199989 
-2.9728000164 -2.4977500439 -10.371500015 -2.9706199169 -2.504940033 -10.322699547 -2.9702301025 -2.4850699902 -10.340800285 
-3.0859100819 -2.9582500458 -9.9514904022 -3.1133699417 -2.9576699734 -9.9714698792 -3.6617801189 -2.4976398945 -11.195599556 
-3.6895000935 -2.5055999756 -11.17539978 -3.5562500954 -1.9499800205 -10.377099991 -3.2569899559 -1.8484799862 -10.815299988 
-3.2111001015 -1.8903399706 -10.848400116 -3.2406299114 -1.8546299934 -10.850999832 -3.7621200085 -2.5787799358 -11.029600143 
-3.7301700115 -2.5911400318 -11.03730011 -3.7480299473 -2.6023900509 -11.007499695 -3.7096500397 -2.5765600204 -11.070899963 
-3.6964800358 -2.603760004 -11.041199684 -3.7170100212 -2.6148200035 -11.012999535 -2.9688100815 -2.4800701141 -10.309700012 
-2.9686300755 -2.4477000237 -10.295700073 -2.9697198868 -2.452270031 -10.328700066 -2.968280077 -2.4407300949 -10.265000343 
-2.9677400589 -2.4634699821 -10.241800308 -3.8959100246 -2.3021399975 -9.9955596924 -3.8833301067 -2.2766499519 -10.004699707 
-3.8696699142 -2.2506198883 -9.9843502045 -3.9116799831 -2.336810112 -9.9608802795 -3.9073300362 -2.3289299011 -9.9886198044 
-3.1231598854 -2.8239500523 -10.149999619 -3.1124899387 -2.8316299915 -10.117300034 -3.0974800587 -2.8085799217 -10.129699707 
-3.1461100578 -2.8341999054 -10.177700043 -3.1329200268 -2.8441700935 -10.127699852 -3.1510999203 -2.8494400978 -10.147000313 
-3.0902400017 -2.8196299076 -10.101699829 -3.075920105 -2.7967000008 -10.110699654 -3.0823800564 -2.7880599499 -10.13599968 
-3.1403000355 -2.8218998909 -10.21020031 -3.131829977 -2.8120100498 -10.242699623 -3.3817501068 -1.7580900192 -10.810799599 
-3.3566799164 -1.7738800049 -10.807499886 -3.3324398994 -1.7890599966 -10.80850029 -3.283479929 -2.8495700359 -10.678999901 
-3.2811000347 -2.8647499084 -10.654299736 -3.2693800926 -2.815089941 -10.717599869 -3.2951300144 -2.83604002 -10.706199646 
-3.8393199444 -2.7270998955 -10.672699928 -3.802380085 -2.7797000408 -10.634200096 -3.8149800301 -2.748529911 -10.680399895 
-3.8039600849 -2.7677299976 -10.661899567 -3.8503201008 -2.2625799179 -9.6952600479 -3.0215799809 -2.1837201118 -9.824640274 
-3.0606100559 -2.1509900093 -9.8504104614 -3.0365400314 -2.1739599705 -9.8530797958 -3.1035900116 -2.1145401001 -9.8084096909 
-3.0996899605 -2.1182100773 -9.8396100998 -3.0811200142 -2.1334600449 -9.8513498306 -3.0093500614 -2.7651898861 -10.046299934 
-3.031840086 -2.7802400589 -10.063699722 -3.0277500153 -2.7578299046 -10.078000069 -3.0067300797 -2.7358999252 -10.064399719 
-2.9857599735 -2.7614300251 -10.019100189 -2.9889400005 -2.7393400669 -10.036899567 -3.0467700958 -2.8024699688 -10.06289959 
-3.0513501167 -2.7817399502 -10.090100288 -3.5554099083 -1.8216400146 -10.607600212 -3.5485200882 -1.8498899937 -10.558899879 
-3.5719900131 -1.8086800575 -10.630999565 -3.5441100597 -1.8094300032 -10.628800392 -3.4216499329 -2.4303600788 -11.241700172 
-3.4499800205 -2.4427499771 -11.242500305 -3.4730300903 -2.4324998856 -11.262499809 -3.4885098934 -2.5488100052 -11.138899803 
-3.4976000786 -2.5293600559 -11.163299561 -3.4812700748 -2.5687301159 -11.114199638 -3.4759600163 -2.5883901119 -11.090100288 
-3.4718799591 -2.6069400311 -11.067500114 -3.4661800861 -2.6240398884 -11.045900345 -3.4584200382 -2.6413400173 -11.023300171 
-3.4515299797 -2.6598200798 -10.999300003 -3.4460799694 -2.6784698963 -10.975199699 -3.4410600662 -2.6962399483 -10.9520998 
-3.4240698814 -2.7305600643 -10.904399872 -3.4331099987 -2.7129399776 -10.929200172 -3.4168000221 -2.7490398884 -10.878700256 
-3.3644299507 -3.0822999477 -9.8293600082 -3.3363099098 -3.0872900486 -9.8145303726 -3.3611700535 -3.0890901089 -9.7950201035 
-3.3906900883 -3.0835599899 -9.8089895248 -3.3342900276 -3.0938799381 -9.7826099396 -2.7501900196 -2.872179985 -9.5952196121 
-2.7402698994 -2.8717598915 -9.5655097961 -3.6837899685 -2.7240200043 -10.875699997 -3.7242200375 -2.6917700768 -10.89470005 
-3.7135601044 -2.7125198841 -10.871500015 -3.7083699703 -2.556139946 -11.099499702 -3.4794499874 -2.4556601048 -11.240099907 
-3.5038199425 -2.4450199604 -11.258999825 -3.2131500244 -2.8741300106 -10.213199615 -3.1929299831 -2.8647201061 -10.193900108 
-3.1872301102 -2.8564300537 -10.224399567 -3.2097899914 -2.8698101044 -10.244199753 -3.2361400127 -2.8852500916 -10.23029995 
-3.2146499157 -2.8793900013 -10.188300133 -3.235640049 -2.8886299133 -10.19960022 -3.1666300297 -2.8447499275 -10.201800346 
-3.1731700897 -2.8571898937 -10.170499802 -3.2007501125 -2.8769500256 -10.166500092 -3.1592299938 -2.8351800442 -10.234000206 
-3.1800100803 -2.8501598835 -10.260000229 -3.5670099258 -2.4618599415 -11.250499725 -3.5967299938 -2.4600300789 -11.253000259 
-3.5852200985 -2.4797899723 -11.22990036 -3.546489954 -2.4815599918 -11.225999832 -3.5354199409 -2.4558799267 -11.253700256 
-3.617650032 -2.4737999439 -11.234700203 -3.8054800034 -2.6026399136 -10.94849968 -3.8273599148 -2.5950798988 -10.930999756 
-3.3011200428 -2.6322600842 -10.956500053 -3.2697200775 -2.6084599495 -10.956000328 -3.301429987 -2.6089100838 -10.981399536 
-3.3282699585 -2.6303799152 -10.977499962 -3.2757799625 -2.6357400417 -10.932900429 -3.3027598858 -2.655299902 -10.933199883 
-3.3292000294 -2.6520800591 -10.954400063 -3.2460100651 -2.5776700974 -10.96420002 -3.2749700546 -2.5830700397 -10.986000061 
-3.2376899719 -2.597039938 -10.93710041 -3.2526400089 -2.619410038 -10.929300308 -3.3047299385 -2.5862600803 -11.007499695 
-3.3304700851 -2.6099801064 -11.000900269 -3.7541298866 -2.8565199375 -10.376999855 -3.7465400696 -2.8623700142 -10.3458004 
-3.761879921 -2.8489599228 -10.40929985 -3.7368099689 -2.8644900322 -10.439200401 -3.7731599808 -2.8422899246 -10.350399971 
-3.7807199955 -2.835340023 -10.379899979 -3.1610600948 -1.96104002 -10.917499542 -3.1578700542 -1.9695800543 -10.949299812 
-3.1453299522 -1.996639967 -10.924900055 -3.1760699749 -1.9324300289 -10.913299561 -3.1702599525 -1.9424099922 -10.940299988 
-3.1681699753 -1.9484299421 -10.888400078 -3.1522700787 -1.9788299799 -10.890199661 -3.1475698948 -1.9983099699 -10.964599609 
-3.1583900452 -1.9728000164 -10.981200218 -3.1679399014 -1.9482400417 -10.968799591 -3.1308400631 -2.0328900814 -10.914999962 
-3.1359701157 -2.0277199745 -10.949399948 -3.7578599453 -1.9540499449 -10.503700256 -3.7605099678 -1.9708000422 -10.482600212 
-3.7742700577 -1.9901599884 -10.469499588 -3.6215100288 -2.9242799282 -10.41629982 -3.8801500797 -2.0880498886 -10.491800308 
-3.8602800369 -2.0773200989 -10.469900131 -3.8646099567 -2.0615100861 -10.497099876 -3.8965198994 -2.0986099243 -10.509300232 
-3.8862500191 -2.0747699738 -10.517700195 -3.8403499126 -2.0490899086 -10.474300385 -3.8363099098 -2.20333004 -10.04279995 
-3.8468999863 -2.217979908 -10.061499596 -3.5201599598 -2.0471799374 -9.6743297577 -3.9291601181 -2.5057299137 -9.6466903687 
-3.9078800678 -2.6833999157 -10.148599625 -3.9089100361 -2.6698799133 -10.177300453 -3.9175701141 -2.6520700455 -10.153900146 
-3.896600008 -2.6998999119 -10.173500061 -3.8951299191 -2.7148299217 -10.144300461 -3.9101500511 -2.6972899437 -10.118800163 
-3.9192399979 -2.6648700237 -10.124799728 -3.900069952 -2.6856100559 -10.201800346 -3.9118800163 -2.6562299728 -10.204400063 
-3.9260299206 -2.6327700615 -10.130399704 -3.9424800873 -2.5410399437 -10.062999725 -3.9434199333 -2.5275099277 -10.050000191 
-4.0213098526 -2.1972799301 -10.849599838 -3.2068998814 -2.0540699959 -9.8223400116 -3.1797599792 -2.0685400963 -9.8075799942 
-3.2346699238 -2.0410199165 -9.8351202011 -3.2296299934 -2.0459399223 -9.8040704727 -3.1547899246 -2.0829999447 -9.7903900146 
-3.1525599957 -2.0826499462 -9.8248996735 -3.3972599506 -2.4197700024 -11.238499641 -3.3716099262 -2.4211299419 -11.220499992 
-3.7240200043 -3.008480072 -9.8266000748 -3.6925799847 -3.0150198936 -9.8281202316 -3.7434899807 -2.996710062 -9.8530702591 
-3.738120079 -3.0137200356 -9.7960796356 -3.7065498829 -3.0167899132 -9.7999601364 -3.7570400238 -3.0043599606 -9.8216695786 
-3.6766600609 -3.0222699642 -9.8035402298 -3.6675100327 -3.0215499401 -9.82654953 -3.7644500732 -2.9813599586 -9.8784704208 
-3.7779200077 -2.9912199974 -9.8468599319 -3.0376598835 -2.7075600624 -10.343500137 -3.0531899929 -2.7249600887 -10.279600143 
-3.0411100388 -2.7142000198 -10.374799728 -3.053730011 -2.7326800823 -10.352499962 -3.4282898903 -2.4516999722 -11.22329998 
-3.4011099339 -2.439029932 -11.221599579 -3.68343997 -2.128950119 -9.6391496658 -3.669549942 -2.1063599586 -9.6648702621 
-3.6566400528 -2.1323299408 -9.6096801758 -3.6942501068 -2.1191101074 -9.6686096191 -3.6852900982 -2.1524100304 -9.6070404053 
-3.7109999657 -2.1535599232 -9.6307697296 -3.7131700516 -2.1367399693 -9.6600103378 -3.6605501175 -2.0897600651 -9.690030098 
-3.6130399704 -2.9244999886 -10.295200348 -3.592799902 -2.9310500622 -10.310099602 -3.5793800354 -2.9371399879 -10.376099586 
-3.5672399998 -2.9377501011 -10.325799942 -3.5679700375 -2.9389500618 -10.351699829 -3.8796899319 -2.6477499008 -10.735099792 
-3.8659698963 -2.6526100636 -10.759200096 -3.884360075 -2.6300899982 -10.757599831 -3.897660017 -2.625180006 -10.730500221 
-3.8914599419 -2.644370079 -10.709799767 -3.8736100197 -2.6654999256 -10.715800285 -3.8639700413 -2.6660299301 -10.738100052 
-3.8694899082 -2.6351099014 -10.78429985 -3.8496499062 -2.6587400436 -10.783200264 -3.8480598927 -2.6752800941 -10.75549984 
-3.8886899948 -2.6121098995 -10.781299591 -3.9027299881 -2.6061899662 -10.753800392 -2.7725999355 -2.3794798851 -9.6182899475 
-3.444920063 -2.9473900795 -10.177100182 -3.4147899151 -2.9434199333 -10.189800262 -3.4414999485 -2.9432899952 -10.206899643 
-3.4699599743 -2.9447100163 -10.197299957 -3.4765200615 -2.9493598938 -10.16590023 -3.449379921 -2.954449892 -10.14659977 
-3.4142000675 -2.9505600929 -10.155099869 -3.3862600327 -2.9378299713 -10.204400063 -3.4147000313 -2.9401700497 -10.220399857 
-3.3853399754 -2.9428501129 -10.173700333 -3.4404900074 -2.9417500496 -10.233799934 -3.4613099098 -2.9429900646 -10.221300125 
-4.0038499832 -2.6423900127 -9.6967401505 -4.0107097626 -2.6570100784 -9.726770401 -4.007540226 -2.6587300301 -9.6665802002 
-4.0166301727 -2.6724300385 -9.6970100403 -2.932320118 -2.8588500023 -9.9117698669 -3.6396000385 -2.4865999222 -11.215200424 
-3.1563999653 -2.8942298889 -10.08010006 -3.2758200169 -2.0296299458 -10.162400246 -3.4138898849 -2.0011799335 -10.021400452 
-3.3894898891 -2.0036399364 -10.047599792 -3.419670105 -2.001940012 -10.046199799 -3.3580799103 -2.0065500736 -10.032899857 
-4.0128898621 -2.2196500301 -10.767399788 -4.0163297653 -2.2232000828 -10.798600197 -4.0189099312 -2.2256200314 -10.830800056 
-3.5619599819 -1.866230011 -10.5333004 -3.5404798985 -1.878090024 -10.510899544 -3.5947399139 -1.8704099655 -10.532999992 
-3.6686298847 -2.5934400558 -11.069199562 -3.6655600071 -2.6165099144 -11.039500237 -3.8750998974 -2.6154201031 -10.808199883 
-3.8925099373 -2.5963900089 -10.80150032 -3.9064099789 -2.5882499218 -10.778800011 -3.9170200825 -2.3472700119 -9.9333600998 
-3.2818300724 -2.9182898998 -10.163900375 -3.3119199276 -2.9239799976 -10.181599617 -3.3085699081 -2.9322199821 -10.149000168 
-3.2871599197 -2.911839962 -10.198800087 -3.2574400902 -2.9030900002 -10.181699753 -3.3361198902 -2.934210062 -10.168000221 
-3.3202900887 -2.9207599163 -10.21819973 -3.3369100094 -2.9288299084 -10.193799973 -3.3401300907 -2.9451398849 -10.136599541 
-3.3046200275 -2.9445099831 -10.116000175 -3.3584399223 -2.9217898846 -10.596099854 -3.3357899189 -2.9238500595 -10.570300102 
-3.2849400043 -2.8824100494 -10.627900124 -3.25812006 -2.8843500614 -10.600299835 -3.2256000042 -2.8680000305 -10.597399712 
-3.8269999027 -2.2426800728 -9.6739702225 -3.8374700546 -2.2389199734 -9.7030696869 -3.8227899075 -2.2643198967 -9.6399497986 
-3.4532101154 -2.5495901108 -11.127900124 -3.4475200176 -2.5707299709 -11.102199554 -3.4439299107 -2.5913798809 -11.077400208 
-3.4449899197 -2.6089200974 -11.057700157 -3.4332499504 -2.6224200726 -11.038100243 -3.4234600067 -2.6411399841 -11.012800217 
-3.4175100327 -2.6613399982 -10.98690033 -3.4150700569 -2.681030035 -10.962599754 -3.4090199471 -2.7664000988 -10.853899956 
-3.4328000546 -2.7828800678 -10.838500023 -3.6793100834 -2.8572199345 -10.653400421 -3.6612401009 -2.8390300274 -10.704000473 
-3.6865999699 -2.8414099216 -10.678099632 -3.6737699509 -2.8707699776 -10.626899719 -3.6431000233 -2.885299921 -10.625100136 
-3.1600000858 -1.9968999624 -10.663900375 -3.6213300228 -2.0447900295 -9.7822999954 -3.6423699856 -2.0501599312 -9.8047399521 
-3.6325600147 -2.0429899693 -9.8266401291 -3.0099799633 -2.3712100983 -10.640800476 -3.0211400986 -2.3846900463 -10.6875 
-3.0041799545 -2.3853199482 -10.615300179 -3.0255200863 -2.3624100685 -10.701800346 -3.2803900242 -2.9143800735 -10.484499931 
-3.3118100166 -2.9253499508 -10.488400459 -3.247989893 -2.9002299309 -10.479800224 -3.263240099 -2.9060399532 -10.51210022 
-3.267070055 -2.9094200134 -10.453300476 -3.295730114 -2.9187700748 -10.5145998 -3.0594699383 -2.1684799194 -10.607299805 
-2.9708299637 -2.4142799377 -10.283699989 -2.968460083 -2.4290499687 -10.237099648 -2.9704198837 -2.4116001129 -10.257599831 
-2.9714400768 -2.4201900959 -10.314499855 -3.7349600792 -2.6251900196 -10.984999657 -3.7665200233 -3.0124099255 -9.7939996719 
-3.7550799847 -3.0213799477 -9.7630901337 -3.7200798988 -3.0187699795 -9.7694196701 -3.6879899502 -3.021889925 -9.7741603851 
-3.7020699978 -1.8685100079 -10.582400322 -3.6900999546 -1.8795100451 -10.559000015 -3.3483200073 -3.0268599987 -9.9820404053 
-3.3180301189 -3.0321700573 -9.9656095505 -3.7540400028 -1.9334700108 -10.528300285 -3.7261600494 -1.9144699574 -10.532500267 
-3.8247001171 -2.7875199318 -10.438899994 -3.2799899578 -2.9093599319 -10.327500343 -3.3065900803 -2.9176800251 -10.309300423 
-3.2810099125 -2.9071099758 -10.296099663 -3.2805900574 -2.9127700329 -10.364899635 -3.3081600666 -2.9209001064 -10.340499878 
-3.2545499802 -2.8967900276 -10.310899734 -3.3037600517 -2.9148900509 -10.282799721 -3.3337500095 -2.9272398949 -10.321800232 
-3.2841899395 -2.9067299366 -10.265999794 -3.2574698925 -2.8958199024 -10.279500008 -3.2943999767 -2.4617800713 -11.119400024 
-3.2839300632 -2.4790298939 -11.093700409 -3.2679998875 -2.44968009 -11.104399681 -3.2788500786 -2.4333899021 -11.129799843 
-3.3042600155 -2.4454200268 -11.143500328 -3.3212599754 -2.4719901085 -11.133399963 -3.2715599537 -2.4977300167 -11.064599991 
-3.2565600872 -2.4659500122 -11.078100204 -3.2423400879 -2.4366400242 -11.08769989 -3.2530300617 -2.420140028 -11.113599777 
-3.2514300346 -2.5559198856 -10.990400314 -3.2785999775 -2.5580999851 -11.013699532 -3.2183299065 -2.5690100193 -10.943599701 
-3.2249701023 -2.5483000278 -10.970100403 -3.9308700562 -2.687969923 -10.064599991 -3.9346499443 -2.6568300724 -10.07310009 
-3.942209959 -2.6657800674 -10.043499947 -3.923719883 -2.6771199703 -10.095199585 -3.9407598972 -2.6991899014 -10.03069973 
-3.9160299301 -2.7094500065 -10.08769989 -3.9244399071 -2.7203500271 -10.056699753 -3.936850071 -2.6287000179 -10.080300331 
-3.9425799847 -2.6369800568 -10.05340004 -3.9291200638 -2.6460399628 -10.101799965 -3.9500899315 -2.6432499886 -10.024299622 
-3.9508600235 -2.671380043 -10.014499664 -3.9330899715 -2.6164200306 -10.106300354 -3.9385800362 -2.603219986 -10.08370018 
-3.9419898987 -2.614989996 -10.062700272 -3.9478099346 -2.6149199009 -10.036899567 -3.8716900349 -2.5458500385 -10.937199593 
-3.8560800552 -2.5747001171 -10.917599678 -3.9266500473 -2.6175301075 -10.414899826 -3.9345300198 -2.5940699577 -10.428899765 
-3.3062400818 -2.8534400463 -10.687999725 -3.3020699024 -2.862940073 -10.671199799 -3.9367799759 -2.5683000088 -10.116399765 
-3.1218099594 -2.1077198982 -9.996049881 -3.3331100941 -3.1078701019 -9.6329603195 -3.2283499241 -3.1288199425 -9.5772800446 
-3.2348399162 -3.1243400574 -9.6107702255 -3.7132799625 -1.855880022 -10.608599663 -3.6967499256 -1.8407399654 -10.621299744 
-3.5270299911 -2.9465799332 -10.38710022 -3.5567400455 -2.9418900013 -10.397899628 -3.6329200268 -2.0752398968 -9.6926298141 
-3.6305699348 -2.0639100075 -9.7215299606 -3.0569500923 -2.9572200775 -9.9326896667 -3.9680900574 -2.1152100563 -10.650500298 
-3.9529299736 -2.1067299843 -10.617099762 -3.9681899548 -2.092099905 -10.674200058 -3.9571199417 -2.0888500214 -10.646900177 
-3.9320299625 -2.0798499584 -10.595499992 -3.9399299622 -2.1129100323 -10.579099655 -3.9420599937 -2.0701498985 -10.628899574 
-3.9574100971 -2.1422801018 -10.594200134 -3.3828599453 -2.916960001 -10.619000435 -4.0322299004 -2.7224600315 -9.7301197052 
-4.0214500427 -2.6876399517 -9.7268896103 -4.0290198326 -2.703150034 -9.6972703934 -4.0443201065 -2.7572000027 -9.7185297012 
-4.0355601311 -2.7535400391 -9.7517900467 -4.041079998 -2.7340400219 -9.6938800812 -4.0222802162 -2.6999399662 -9.7530498505 
-4.0258698463 -2.7245700359 -9.7674102783 -4.0141201019 -2.6728699207 -9.7554101944 -4.0221400261 -2.6880099773 -9.6668796539 
-4.0355200768 -2.7163000107 -9.6671800613 -2.966039896 -2.6642599106 -10.045100212 -2.9500598907 -2.6719200611 -10.016799927 
-2.9489099979 -2.6426401138 -10.025699615 -2.9685499668 -2.6926100254 -10.034700394 -2.9640500546 -2.6349000931 -10.055500031 
-2.9324901104 -2.6515300274 -9.9980401993 -2.9324901104 -2.6216800213 -10.005299568 -2.948029995 -2.612459898 -10.03429985 
-3.1546499729 -2.0850400925 -9.7592496872 -3.9567799568 -2.6210401058 -9.9995002747 -3.943559885 -2.5926299095 -10.059100151 
-3.9499900341 -2.582570076 -10.024100304 -3.9566700459 -2.6517899036 -9.9997997284 -3.2163000107 -1.855880022 -10.985699654 
-3.2038800716 -1.8790700436 -10.96570015 -3.2207899094 -1.8547899723 -10.9520998 -3.2002398968 -1.8823800087 -10.998200417 
-3.207269907 -1.8782600164 -10.933899879 -3.1919500828 -1.9012000561 -10.947500229 -3.189209938 -1.9040199518 -10.977999687 
-3.2238900661 -1.8568099737 -10.92179966 -3.2410299778 -1.8311799765 -10.93500042 -3.1896500587 -1.921200037 -10.838500023 
-3.2216999531 -1.8698300123 -10.877900124 -3.2020900249 -1.895179987 -10.882200241 -3.1926600933 -1.9124200344 -10.863400459 
-3.1835699081 -1.9353899956 -10.809800148 -3.6361000538 -2.896709919 -10.596400261 -3.5992999077 -2.9167499542 -10.562199593 
-3.6286799908 -2.905189991 -10.567299843 -3.1190500259 -2.1042900085 -9.8584899902 -3.1389400959 -2.0905799866 -9.8489704132 
-3.1235699654 -2.1010100842 -9.8297100067 -3.7225000858 -2.6463899612 -10.963899612 -3.7509400845 -2.6355800629 -10.956299782 
-3.7364599705 -2.6542899609 -10.941100121 -3.7647900581 -2.6123600006 -10.978099823 -3.9391100407 -2.410490036 -10.270600319 
-3.1845400333 -1.9209100008 -10.886899948 -3.1932299137 -1.9032100439 -10.914299965 -3.1818399429 -1.9204699993 -10.934800148 
-3.1792900562 -1.9241000414 -10.959500313 -3.6960999966 -2.8221900463 -10.704999924 -3.0794000626 -2.7667200565 -10.359000206 
-3.6257100105 -2.1330599785 -9.5849599838 -3.6600799561 -2.1590399742 -9.5776796341 -3.4975199699 -2.0482199192 -9.6627597809 
-3.5171399117 -2.0583701134 -9.6474504471 -3.4949500561 -2.0390400887 -9.6848497391 -3.1001698971 -2.1201601028 -10.879400253 
-3.0981400013 -2.1493599415 -10.902799606 -3.0901100636 -2.1523599625 -10.864199638 -3.1067900658 -2.1153600216 -10.912400246 
-3.0938000679 -2.1244599819 -10.845399857 -3.110049963 -2.0904500484 -10.893400192 -3.1064100266 -2.1351699829 -10.930199623 
-3.1038999557 -2.1609699726 -10.935899734 -3.0886900425 -2.1809999943 -10.883000374 -3.0959699154 -2.1823699474 -10.913999557 
-3.084209919 -2.1526100636 -10.829799652 -3.0795300007 -2.1879301071 -10.845700264 -3.9408099651 -2.4689800739 -10.018600464 
-3.9437100887 -2.4946200848 -10.020999908 -3.2382800579 -2.3893799782 -11.121299744 -3.2648699284 -2.403949976 -11.140299797 
-3.2276899815 -2.4069900513 -11.094200134 -3.2133700848 -2.3765099049 -11.098500252 -3.2227399349 -2.357530117 -11.125200272 
-3.2511498928 -2.3692500591 -11.152799606 -3.2804000378 -2.3914599419 -11.16779995 -3.2912800312 -2.4191799164 -11.154899597 
-3.2312099934 -2.4518499374 -11.061900139 -3.2180399895 -2.4236900806 -11.068699837 -3.2430300713 -2.4793999195 -11.051699638 
-3.2716898918 -2.521239996 -11.04279995 -3.2517499924 -2.5043299198 -11.038700104 -3.4139099121 -2.5724298954 -11.087400436 
-3.4113600254 -2.5975298882 -11.058199883 -3.1996600628 -2.3459300995 -11.100299835 -3.2297699451 -2.3353300095 -11.150899887 
-3.2074398994 -2.3263199329 -11.125200272 -3.2033801079 -2.3939499855 -11.071800232 -3.1905200481 -2.3634600639 -11.07460022 
-3.0393900871 -2.1873500347 -9.954369545 -3.0325000286 -2.1901099682 -9.9222002029 -3.0451900959 -2.1728899479 -9.9046602249 
-3.0510699749 -2.1634299755 -9.8793201447 -3.0681800842 -2.1580200195 -9.9907999039 -3.0476200581 -2.1817901134 -9.9873800278 
-3.0855200291 -2.1401100159 -9.9929599762 -3.0793099403 -2.148649931 -10.017100334 -3.0581901073 -2.1723999977 -10.018500328 
-3.0354199409 -2.2022500038 -10.019200325 -3.0268499851 -2.2082099915 -9.9804401398 -3.0196399689 -2.2112300396 -9.9455604553 
-3.1796000004 -2.8752400875 -10.136899948 -3.7008299828 -2.7331299782 -10.849699974 -3.7182900906 -2.7404301167 -10.823800087 
-3.2217199802 -2.68227005 -10.834600449 -3.2349600792 -2.6685099602 -10.862099648 -3.2504599094 -2.6925399303 -10.850500107 
-3.2411301136 -2.7089300156 -10.824099541 -3.210160017 -2.6981101036 -10.806099892 -3.1918799877 -2.6691300869 -10.817099571 
-3.2059099674 -2.6548199654 -10.846899986 -3.258589983 -2.67979002 -10.871500015 -3.2226500511 -2.6391398907 -10.880200386 
-3.2535800934 -2.6607899666 -10.887499809 -3.2720201015 -2.7164299488 -10.8416996 -3.2778799534 -2.6980099678 -10.867099762 
-3.1798501015 -2.6845200062 -10.78730011 -3.1990799904 -2.7165501118 -10.774399757 -3.230809927 -2.725110054 -10.79640007 
-3.2646899223 -2.7369298935 -10.812199593 -3.0869100094 -2.1543600559 -10.185099602 -3.0806601048 -2.1587400436 -10.151499748 
-3.1038000584 -2.1359601021 -10.162899971 -3.0645399094 -2.1793599129 -10.177200317 -3.0728299618 -2.1716001034 -10.208499908 
-3.0930399895 -2.1493499279 -10.2166996 -3.0995700359 -2.1376800537 -10.129500389 -3.0752999783 -2.1613500118 -10.112000465 
-3.0573499203 -2.1856999397 -10.142100334 -3.3970201015 -2.6186599731 -11.028300285 -3.3844900131 -2.6400699615 -10.998200417 
-3.3614499569 -2.6137900352 -11.01570034 -3.3861200809 -2.6647601128 -10.970299721 -3.3561201096 -2.6480801105 -10.974699974 
-3.3520300388 -2.6287899017 -10.993800163 -3.8814001083 -2.728990078 -10.170900345 -3.8859400749 -2.714799881 -10.198599815 
-3.8966701031 -2.733050108 -10.111700058 -3.8786900043 -2.7454500198 -10.142800331 -3.1157100201 -2.0868599415 -10.924799919 
-3.1131401062 -2.1121799946 -10.942500114 -3.9230899811 -2.4628698826 -10.965200424 -3.9235899448 -2.4468801022 -10.991600037 
-3.9319300652 -2.4274098873 -11.004400253 -3.9524900913 -2.4448099136 -10.907799721 -3.9329199791 -2.4690599442 -10.926799774 
-3.0373699665 -2.6858100891 -10.507300377 -3.0506598949 -2.7022199631 -10.536800385 -3.0530600548 -2.714869976 -10.507100105 
-3.03531003 -2.6712601185 -10.53619957 -3.0236999989 -2.6554899216 -10.505700111 -3.0414099693 -2.7005701065 -10.480199814 
-3.0265901089 -2.6714301109 -10.478099823 -3.0491099358 -2.686909914 -10.566800117 -3.0571699142 -2.7274000645 -10.480999947 
-3.1057100296 -2.639539957 -10.732099533 -3.1300499439 -2.658010006 -10.750300407 -3.1200399399 -2.6717998981 -10.722700119 
-3.1217000484 -2.6321699619 -10.762800217 -3.1026899815 -2.6098399162 -10.753600121 -3.0863900185 -2.6118299961 -10.725000381 
-3.0975799561 -2.6585199833 -10.701800346 -3.087569952 -2.6337800026 -10.708100319 -3.1432600021 -2.6847400665 -10.741600037 
-3.1531400681 -2.6711699963 -10.768300056 -3.1400001049 -2.6481499672 -10.773599625 -3.1354699135 -2.7003500462 -10.715100288 
-3.1115999222 -2.6881999969 -10.694199562 -3.1609799862 -2.6520900726 -10.797300339 -3.1777100563 -2.6408600807 -10.829000473 
-3.1678700447 -2.6984798908 -10.758299828 -3.1364400387 -2.627120018 -10.788900375 -3.1531898975 -2.622289896 -10.815899849 
-3.1787199974 -2.7248198986 -10.742400169 -3.2063999176 -2.7431099415 -10.751799583 -3.2235500813 -2.7387900352 -10.773799896 
-3.4138998985 -2.6973600388 -10.942500114 -3.5440700054 -2.9379498959 -10.201199532 -3.5515201092 -2.9359600544 -10.235099792 
-3.5805699825 -2.9302699566 -10.213600159 -3.5374400616 -2.942980051 -10.166199684 -3.5062100887 -2.9438700676 -10.189900398 
-3.5193300247 -2.9401600361 -10.22630024 -3.568559885 -2.9352600574 -10.177100182 -3.5770499706 -2.9312601089 -10.246800423 
-3.5587399006 -2.935489893 -10.265299797 -3.5296700001 -2.9394900799 -10.257300377 -3.6003799438 -2.9268898964 -10.179900169 
-3.6180300713 -2.9198100567 -10.21119976 -3.6036999226 -2.9244399071 -10.243700027 -3.5625801086 -2.9419300556 -10.146300316 
-3.5859999657 -2.9342200756 -10.156100273 -3.5864100456 -2.9396100044 -10.13010025 -3.8520400524 -2.6393699646 -10.813799858 
-3.9302899837 -2.3787200451 -9.8339595795 -3.9261701107 -2.366339922 -9.8562898636 -3.1681799889 -2.6179199219 -10.839300156 
-3.1901500225 -2.6268599033 -10.857199669 -3.1561000347 -2.7079501152 -10.733799934 -3.3951399326 -2.7094700336 -10.920800209 
-3.3877000809 -2.6860499382 -10.946000099 -3.853110075 -2.596159935 -9.5329198837 -3.8790099621 -2.5952000618 -9.5514202118 
-3.6119699478 -2.9356200695 -10.114600182 -3.5851800442 -2.9487099648 -10.100299835 -4.0444397926 -2.7832300663 -9.7398500443 
-4.0345001221 -2.7819499969 -9.7701501846 -4.0268998146 -2.7540199757 -9.7840099335 -4.0530500412 -2.7641999722 -9.6859102249 
-4.0544500351 -2.7879500389 -9.7094697952 -3.1987800598 -2.0558099747 -9.9764404297 -3.2306799889 -2.0402901173 -9.9775896072 
-2.9709699154 -2.7193500996 -10.024499893 -2.9871799946 -2.7136900425 -10.050800323 -3.4947099686 -1.7472399473 -10.750599861 
-3.7805500031 -2.9063999653 -10.010299683 -3.8035900593 -2.886300087 -10.024600029 -3.808549881 -2.8973898888 -10.00150013 
-3.7780001163 -2.8906199932 -10.040800095 -3.7547399998 -2.9073801041 -10.03069973 -3.7545700073 -2.9198799133 -10.008000374 
-3.7670300007 -2.9263598919 -9.9860200882 -3.7973799706 -2.9144499302 -9.982170105 -3.8015599251 -2.871999979 -10.051300049 
-3.822510004 -2.8691899776 -10.03429985 -3.8291599751 -2.8798699379 -10.010800362 -3.8314800262 -2.89812994 -9.9801101685 
-2.9211699963 -2.8819000721 -9.88904953 -3.0641798973 -2.6977200508 -10.597200394 -3.0831000805 -2.7219800949 -10.607600212 
-3.0486500263 -2.6692900658 -10.595000267 -3.0346601009 -2.6558198929 -10.565699577 -3.1030399799 -2.7037799358 -10.665300369 
-3.0890500546 -2.6747300625 -10.672699928 -3.0820100307 -2.6905400753 -10.64470005 -3.1274900436 -2.7172400951 -10.686300278 
-3.1169199944 -2.7313001156 -10.655799866 -3.0939199924 -2.7159800529 -10.637000084 -3.0754299164 -2.6410300732 -10.680800438 
-3.0686099529 -2.6617701054 -10.649299622 -2.9474699497 -2.8890199661 -9.9059801102 -3.7718200684 -2.8074300289 -10.630700111 
-3.7812600136 -2.7876400948 -10.66230011 -3.7986500263 -2.7913498878 -10.600299835 -3.7728600502 -2.8154699802 -10.591500282 
-3.7511599064 -2.8082098961 -10.666999817 -3.7378098965 -2.8270599842 -10.644900322 -3.7474200726 -2.8301699162 -10.615099907 
-3.7616500854 -2.7877600193 -10.692899704 -3.7899000645 -2.7677199841 -10.688099861 -2.9758200645 -2.4193999767 -10.379300117 
-2.9796800613 -2.4122300148 -10.412400246 -2.9729199409 -2.4229700565 -10.346099854 -3.5122499466 -2.4909000397 -11.210100174 
-3.510420084 -2.4684200287 -11.234700203 -3.164659977 -1.962980032 -10.808300018 -3.1711299419 -1.9491499662 -10.835599899 
-3.8982100487 -2.6718599796 -10.532099724 -3.9019598961 -2.6634099483 -10.561100006 -3.0086100101 -2.5689399242 -10.569299698 
-3.0110299587 -2.5557200909 -10.593600273 -3.7659699917 -2.3098700047 -9.5405502319 -3.7773199081 -2.2924499512 -9.5620098114 
-3.7524700165 -2.2841300964 -9.5437803268 -3.784539938 -2.3163599968 -9.5546102524 -3.7760601044 -2.3339800835 -9.5370903015 
-3.8031799793 -2.3094899654 -9.5782899857 -3.7893800735 -2.2747499943 -9.5875701904 -3.7637400627 -2.2643198967 -9.5683498383 
-3.7338399887 -2.2522599697 -9.5494203568 -3.9041600227 -2.5921700001 -9.5717201233 -3.9098899364 -2.5631198883 -9.590259552 
-3.8682799339 -2.6239500046 -9.5332202911 -3.8985800743 -2.6239500046 -9.5523900986 -3.1143500805 -2.1128499508 -9.6773796082 
-3.0867700577 -2.1270899773 -9.6805696487 -3.7998600006 -2.1924300194 -9.7018699646 -3.7579898834 -2.1630299091 -9.677740097 
-3.817209959 -2.2010200024 -9.7266397476 -3.4478399754 -2.0347299576 -9.6848697662 -3.4205999374 -2.0261900425 -9.7095098495 
-3.4734399319 -2.0423901081 -9.6694602966 -3.4824900627 -2.0564599037 -9.6388301849 -3.9883298874 -2.3891301155 -10.839900017 
-3.9765899181 -2.4174900055 -10.853599548 -3.9829099178 -2.3916299343 -10.874899864 -3.971050024 -2.6390500069 -9.6035699844 
-3.9937999249 -2.6472899914 -9.6358604431 -3.5691800117 -3.0255200863 -9.6402196884 -3.577270031 -3.0295701027 -9.6659498215 
-3.5839300156 -3.0106899738 -9.6125802994 -3.59739995 -3.0281500816 -9.6854896545 -3.9104800224 -2.4933800697 -10.943300247 
-3.8855099678 -2.5168299675 -10.958499908 -3.8988499641 -2.4888598919 -10.977499962 -3.9212400913 -2.4973499775 -10.908499718 
-3.8977999687 -2.5223500729 -10.922800064 -3.8724200726 -2.5088400841 -10.996199608 -3.8903200626 -2.4830698967 -11.004500389 
-3.9081799984 -2.4653499126 -10.996600151 -3.4163799286 -3.0846300125 -9.7612199783 -3.4306199551 -3.0824398994 -9.7371501923 
-3.4722900391 -2.0338599682 -9.692199707 -3.4576299191 -2.0264000893 -9.712100029 -2.9876999855 -2.5916700363 -10.186200142 
-2.9831500053 -2.5870499611 -10.154399872 -3.8135499954 -2.8358900547 -10.104399681 -3.8013501167 -2.854820013 -10.083299637 
-2.9789800644 -3.0943601131 -9.5808897018 -3.0061600208 -3.1081399918 -9.5698404312 -3.0068600178 -3.1183400154 -9.5384101868 
-2.9274299145 -3.0727601051 -9.5714998245 -3.7666699886 -2.9538900852 -9.9349603653 -3.7499399185 -2.9457800388 -9.9641304016 
-3.7822299004 -2.9343700409 -9.9593400955 -3.7987699509 -2.9419798851 -9.9330101013 -3.7872099876 -2.9615800381 -9.9045696259 
-3.7022199631 -2.8551399708 -10.628600121 -3.6666600704 -2.8824000359 -10.598899841 -3.6997001171 -2.8649599552 -10.59869957 
-3.708630085 -2.8424599171 -10.652000427 -3.7250800133 -2.8474600315 -10.607299805 -3.7246100903 -2.8412399292 -10.629799843 
-3.0856800079 -2.1124799252 -10.703000069 -3.0910201073 -2.1006999016 -10.66740036 -3.0988299847 -2.0851099491 -10.69849968 
-3.074559927 -2.135420084 -10.675700188 -3.0980200768 -2.0874400139 -10.733099937 -3.0723400116 -2.1451900005 -10.709899902 
-3.0829598904 -2.1231501102 -10.737000465 -3.1062600613 -2.0762701035 -10.643300056 -3.0780000687 -2.1275000572 -10.646699905 
-3.8854899406 -2.6498100758 -9.5274295807 -3.1729900837 -2.0890800953 -9.6615104675 -3.1436998844 -2.0999100208 -9.6699199677 
-3.1835999489 -2.0922000408 -9.6284399033 -2.7174699306 -2.469990015 -9.5393295288 -2.7169499397 -2.48093009 -9.5640497208 
-2.7087299824 -2.4939599037 -9.5381298065 -2.7284500599 -2.460750103 -9.5913295746 -2.7165300846 -2.4964699745 -9.5934200287 
-2.7072799206 -2.512419939 -9.5653800964 -3.3599801064 -2.9357500076 -10.186200142 -3.3596301079 -2.9413099289 -10.161800385 
-2.746530056 -2.8977899551 -9.5451698303 -2.7290999889 -2.8693900108 -9.5360202789 -2.758300066 -2.8979699612 -9.5780496597 
-2.7584300041 -2.871999979 -9.6199398041 -2.767070055 -2.8939499855 -9.6094303131 -3.3593399525 -2.4594199657 -11.174500465 
-3.3295800686 -2.4539599419 -11.157400131 -3.3337500095 -2.4335598946 -11.180000305 -3.3491499424 -2.4801700115 -11.146800041 
-3.3780899048 -2.488409996 -11.157699585 -3.3926100731 -2.4737699032 -11.181500435 -3.3810300827 -2.4485800266 -11.199899673 
-3.3564600945 -2.435199976 -11.196000099 -3.3131299019 -2.4320499897 -11.163900375 -3.3392899036 -2.4128398895 -11.203800201 
-3.3097600937 -2.4083900452 -11.18200016 -3.2963199615 -2.7396700382 -10.832400322 -3.2935800552 -2.7576699257 -10.808600426 
-3.2733299732 -2.7589900494 -10.79240036 -3.2485001087 -2.7491300106 -10.78429985 -3.3057301044 -2.7210099697 -10.860799789 
-3.9595301151 -2.6750299931 -9.9871997833 -3.9522800446 -2.6946001053 -10.002300262 -3.3872799873 -3.0889699459 -9.7706604004 
-3.3546600342 -3.0948500633 -9.7626104355 -3.4458398819 -1.9602600336 -10.343400002 -3.4190900326 -1.9683599472 -10.327599525 
-3.4511198997 -1.9695700407 -10.313199997 -3.4791200161 -1.9625200033 -10.331999779 -3.4704399109 -1.951949954 -10.36190033 
-3.4163599014 -1.9595199823 -10.355999947 -3.4225099087 -1.9768600464 -10.296500206 -3.3904399872 -1.9771200418 -10.313400269 
-3.3892500401 -1.9681999683 -10.344400406 -3.4851698875 -1.973009944 -10.300000191 -3.4557199478 -1.9784300327 -10.281700134 
-3.1151399612 -2.0684499741 -10.879500389 -3.1490199566 -2.8270900249 -10.265299797 -3.8775000572 -2.899189949 -9.9368801117 
-3.8939199448 -2.8750300407 -9.9510202408 -3.9070799351 -2.8862199783 -9.9235401154 -3.8907101154 -2.911730051 -9.9083900452 
-3.8591299057 -2.9223399162 -9.9202804565 -3.8463599682 -2.9104199409 -9.948390007 -3.8655700684 -2.8866200447 -9.9653301239 
-3.9210000038 -2.8582999706 -9.9378795624 -3.8846800327 -2.861880064 -9.9775400162 -3.9050700665 -2.8544900417 -9.9618797302 
-3.9215500355 -2.8981399536 -9.8947696686 -3.9345901012 -2.8714001179 -9.9076299667 -3.8704299927 -2.9377200603 -9.8895301819 
-3.9056699276 -2.923899889 -9.8801698685 -2.7122499943 -2.5684399605 -9.6503696442 -3.610519886 -2.9283399582 -10.147399902 
-3.356110096 -2.9309198856 -10.215299606 -3.5179400444 -1.9678200483 -10.320899963 -3.4888000488 -1.9822100401 -10.267900467 
-3.5184400082 -1.979189992 -10.286000252 -3.5040500164 -1.9547899961 -10.354000092 -3.6710100174 -2.9012000561 -10.451600075 
-3.6311700344 -2.9180400372 -10.454600334 -3.5880498886 -2.9346499443 -10.407600403 -3.6867499352 -2.8768100739 -10.572899818 
-3.6582400799 -2.8917400837 -10.570799828 -2.9372301102 -2.9090900421 -9.8843898773 -3.0361499786 -2.6392900944 -10.59469986 
-3.0508999825 -2.6507899761 -10.622900009 -3.0643100739 -2.6794600487 -10.621999741 -3.0769000053 -2.701980114 -10.621600151 
-3.1980400085 -2.6049599648 -10.887299538 -3.2288300991 -2.6152799129 -10.910300255 -3.2515099049 -2.6385099888 -10.908800125 
-3.1717100143 -2.6007199287 -10.859900475 -3.2112300396 -2.5885100365 -10.917499542 -3.1735899448 -2.5791900158 -10.881699562 
-3.1903600693 -2.5789899826 -10.902400017 -3.1870100498 -2.3155798912 -11.100000381 -3.179320097 -2.3339600563 -11.075900078 
-2.9830300808 -2.5125699043 -10.45759964 -2.98864007 -2.5278799534 -10.48690033 -2.9854300022 -2.4947900772 -10.484800339 
-2.9783101082 -2.4969799519 -10.429100037 -2.9811298847 -2.4799699783 -10.455900192 -2.9939699173 -2.5597798824 -10.49050045 
-3.4869399071 -2.9425199032 -10.222200394 -3.1503300667 -2.5974700451 -10.834899902 -3.470760107 -2.828099966 -10.781000137 
-3.2753798962 -2.0386900902 -9.7456102371 -3.9268000126 -2.6152698994 -10.581899643 -3.9269199371 -2.613820076 -10.545399666 
-3.5210299492 -2.9464399815 -10.358099937 -3.4884800911 -2.9479000568 -10.343999863 -3.5499200821 -2.9429399967 -10.368800163 
-2.7173700333 -2.7131500244 -9.6600799561 -2.7156701088 -2.7342898846 -9.6392002106 -2.7058799267 -2.7249400616 -9.608830452 
-2.7233800888 -2.7025399208 -9.6865301132 -2.7209599018 -2.666260004 -9.6924104691 -2.7261400223 -2.7370200157 -9.6743001938 
-2.9749100208 -2.5789000988 -10.120900154 -2.9760301113 -2.605629921 -10.101799965 -2.967279911 -2.5826599598 -10.090600014 
-2.9758400917 -2.5615301132 -10.145899773 -2.9693300724 -2.5453400612 -10.124899864 -2.9640800953 -2.556030035 -10.095299721 
-2.9625799656 -2.6024999619 -10.067899704 -2.978509903 -2.5597200394 -10.174900055 -2.9896600246 -2.5944199562 -10.21780014 
-3.0647900105 -2.7485699654 -10.405200005 -3.0835399628 -2.7671599388 -10.46819973 -3.0648400784 -2.7431299686 -10.458499908 
-3.0559699535 -2.7337999344 -10.430800438 -3.1028599739 -2.7884299755 -10.4854002 -3.1637699604 -2.0501101017 -11.121299744 
-3.1601200104 -2.0786299706 -11.11550045 -3.15625 -2.057090044 -11.095199585 -3.1691598892 -2.0705800056 -11.143699646 
-3.1606900692 -2.0307900906 -11.099499702 -3.1681001186 -2.0197899342 -11.124699593 -3.1666800976 -2.1004300117 -11.137399673 
-3.1569099426 -2.1059999466 -11.108099937 -3.1517798901 -2.0822899342 -11.08769989 -3.1549398899 -2.0386099815 -11.079400063 
-3.1496100426 -2.0577499866 -11.06910038 -3.9470500946 -2.7207200527 -10.003499985 -3.9324400425 -2.7340400219 -10.028300285 
-3.938970089 -2.7503399849 -10.002799988 -3.9607601166 -2.7069599628 -9.9753704071 -3.9530100822 -2.7392299175 -9.9798297882 
-3.9234399796 -2.7630400658 -10.02369976 -3.9158399105 -2.7507998943 -10.049200058 -3.2624599934 -2.029540062 -9.8479795456 
-3.2597000599 -2.0338099003 -9.8122396469 -3.2839300632 -2.0241699219 -9.8298397064 -3.2913999557 -2.0195400715 -9.8584499359 
-3.1719200611 -2.76177001 -10.692099571 -3.1433200836 -2.7462000847 -10.675100327 -3.2007200718 -2.7769699097 -10.705699921 
-3.1568500996 -2.7303600311 -10.71020031 -3.188149929 -2.751060009 -10.723199844 -3.1632399559 -2.0879199505 -9.6937303543 
-3.1334900856 -2.1006801128 -9.7039899826 -3.1917800903 -2.0776500702 -9.6850404739 -3.15625 -2.087100029 -9.7266397476 
-3.2028698921 -2.0799999237 -9.6539802551 -3.6531100273 -2.0774099827 -9.7121896744 -3.2195100784 -2.4649200439 -11.036899567 
-3.2295100689 -2.4905600548 -11.026800156 -3.3530399799 -2.8156700134 -10.766799927 -3.3232500553 -2.8143899441 -10.753600121 
-3.3257899284 -2.7935900688 -10.782699585 -3.3607900143 -2.7983000278 -10.793800354 -3.3852899075 -2.8172299862 -10.777600288 
-3.3455998898 -2.8297400475 -10.743800163 -3.3771800995 -2.8369998932 -10.746600151 -3.2958500385 -2.7955300808 -10.762000084 
-3.2959899902 -2.8156700134 -10.7354002 -3.3228399754 -2.8326299191 -10.727800369 -3.3392500877 -2.7786099911 -10.809399605 
-3.2946801186 -2.7758600712 -10.786499977 -3.314330101 -2.7733299732 -10.802300453 -3.3096599579 -2.0144500732 -9.999329567 
-3.7801198959 -1.9533200264 -10.526100159 -3.7854299545 -1.9771800041 -10.499699593 -3.0301399231 -2.3976700306 -10.715800285 
-3.0314500332 -2.4354801178 -10.711899757 -3.0341799259 -2.470099926 -10.707699776 -3.4252300262 -3.0722899437 -9.5320901871 
-3.4206199646 -3.0782499313 -9.5671195984 -3.4530100822 -3.0623300076 -9.5582504272 -3.4416298866 -3.0717899799 -9.5933198929 
-3.4707400799 -3.0585598946 -9.5919904709 -3.4818398952 -3.0489299297 -9.5668497086 -3.4782700539 -3.0447199345 -9.536649704 
-3.6529500484 -2.0598199368 -9.7758903503 -3.6278700829 -2.0539999008 -9.7519702911 -3.9693300724 -2.4188399315 -10.890000343 
-3.2696900368 -2.5360500813 -11.027000427 -3.2569799423 -2.5223200321 -11.027600288 -3.943969965 -2.5245499611 -9.6595201492 
-3.9298601151 -2.559139967 -9.6142196655 -3.929899931 -2.5301098824 -9.6319303513 -3.7680199146 -2.845979929 -10.314700127 
-3.7366499901 -2.8684999943 -10.315299988 -3.884360075 -2.5532999039 -10.899000168 -3.865459919 -2.5834400654 -10.885499954 
-3.9022600651 -2.5482499599 -10.866000175 -3.8841600418 -2.569560051 -10.870699883 -3.9104199409 -2.5243899822 -10.888500214 
-3.8740301132 -2.5904300213 -10.856300354 -3.852410078 -2.6082499027 -10.867699623 -3.841739893 -2.6015501022 -10.897999763 
-3.8626799583 -2.7469398975 -10.248200417 -3.8731999397 -2.7303299904 -10.271100044 -3.0034000874 -3.0977799892 -9.5999202728 
-2.8803598881 -3.0329699516 -9.5923299789 -2.8840899467 -3.0221400261 -9.6252298355 -2.9062399864 -3.0432898998 -9.6136798859 
-2.8783299923 -3.0445599556 -9.5617103577 -2.8568000793 -3.0234498978 -9.569439888 -2.8551599979 -3.0073399544 -9.6022195816 
-2.9033501148 -3.0539400578 -9.5821199417 -2.8640398979 -2.9989900589 -9.6392097473 -2.8903300762 -3.0132300854 -9.6585998535 
-2.9104099274 -3.0335600376 -9.6457099915 -3.3856499195 -2.0228199959 -9.7279996872 -3.0999701023 -2.1277000904 -10.010000229 
-3.3016200066 -2.9126598835 -10.571700096 -3.3139100075 -2.9223198891 -10.543100357 -3.2807099819 -2.9107499123 -10.542900085 
-3.2920100689 -2.8994500637 -10.600000381 -3.3257200718 -2.9118499756 -10.598199844 -3.2682299614 -2.8996300697 -10.57159996 
-2.8340001106 -3.0007600784 -9.5720596313 -2.836509943 -3.0167999268 -9.5443096161 -2.8576700687 -3.0352900028 -9.5454797745 
-2.8131399155 -2.9915800095 -9.5462503433 -2.8130700588 -2.9765400887 -9.575510025 -2.8311901093 -2.9867200851 -9.5952196121 
-2.8389298916 -2.9822599888 -9.6217498779 -2.9746499062 -2.479569912 -10.400099754 -2.9719500542 -2.4575500488 -10.366999626 
-3.3579900265 -2.6698100567 -10.950799942 -3.8722500801 -2.2568500042 -10.015000343 -3.8810501099 -2.2740600109 -10.034999847 
-3.8586599827 -2.2342700958 -10.012200356 -3.8674299717 -2.2497000694 -10.03979969 -3.8930399418 -2.2981100082 -10.025099754 
-3.8912301064 -2.2955799103 -10.055199623 -2.9815499783 -2.5667500496 -10.204400063 -3.5068600178 -2.5106999874 -11.186599731 
-2.7359600067 -2.4542798996 -9.6219501495 -2.7262198925 -2.4816699028 -9.6214895248 -2.7423200607 -2.4324901104 -9.6059799194 
-3.959980011 -2.449379921 -10.868300438 -3.9413700104 -2.473279953 -10.89220047 -3.8846299648 -2.5934300423 -10.826800346 
-3.8631699085 -2.6136000156 -10.837300301 -3.9365301132 -2.8313701153 -9.9425401688 -3.9461801052 -2.8446800709 -9.9168395996 
-3.9193999767 -2.8400599957 -9.958729744 -3.3928198814 -2.799779892 -10.804200172 -3.3695099354 -2.7818100452 -10.819299698 
-3.5386199951 -1.9586800337 -10.350799561 -3.9199299812 -2.3497400284 -9.88022995 -3.2789299488 -2.6787800789 -10.889300346 
-3.9135398865 -2.6513700485 -10.365400314 -3.9154400826 -2.6466898918 -10.400799751 -3.9275500774 -2.6146700382 -10.449000359 
-3.916260004 -2.6435499191 -10.435500145 -3.4778399467 -2.073029995 -9.6038398743 -3.4717700481 -2.0885798931 -9.5746603012 
-3.4907898903 -2.1021699905 -9.5588703156 -3.9772000313 -2.666670084 -9.5777196884 -3.9957799911 -2.666779995 -9.6083097458 
-3.9420900345 -2.6227900982 -9.5867300034 -3.9514899254 -2.648070097 -9.5714902878 -4.0110402107 -2.6750900745 -9.6374702454 
-3.9298400879 -2.5910699368 -9.5953598022 -3.7189099789 -2.8259398937 -10.674099922 -3.4267499447 -1.9846099615 -10.263600349 
-3.3929800987 -1.9850000143 -10.28030014 -3.3607699871 -1.9870200157 -10.299900055 -3.3596000671 -1.9787000418 -10.332500458 
-2.7030000687 -2.7456901073 -9.5818300247 -2.735049963 -2.7695300579 -9.6763296127 -3.0012500286 -2.5727000237 -10.521100044 
-3.0017800331 -2.5914900303 -10.496999741 -3.7148098946 -2.8041200638 -10.718899727 -3.730809927 -2.8065700531 -10.69699955 
-3.8393599987 -2.9417700768 -9.9048500061 -3.8287899494 -2.9312200546 -9.9294900894 -3.7308199406 -2.7202599049 -10.844499588 
-3.7446300983 -2.728509903 -10.817799568 -3.7311599255 -2.7458100319 -10.802900314 -3.2166700363 -2.7669599056 -10.733699799 
-3.228110075 -2.7893400192 -10.716899872 -3.233880043 -2.7591900826 -10.759599686 -3.2439899445 -2.7811300755 -10.741399765 
-3.2507300377 -2.7986900806 -10.724699974 -3.8947899342 -2.5703499317 -10.844400406 -3.9230999947 -2.5227301121 -10.856399536 
-3.9156200886 -2.5459299088 -10.83409977 -3.1711399555 -2.1093399525 -9.5761699677 -3.1953599453 -2.0980501175 -9.5921201706 
-3.2994799614 -2.0220799446 -10.14260006 -3.3251099586 -2.015360117 -10.120599747 -3.6599800587 -2.9681799412 -9.5715303421 
-3.6446299553 -2.9525101185 -9.5465803146 -2.9943399429 -2.2905499935 -10.098899841 -3.0036900043 -2.2670800686 -10.086899757 
-3.0097699165 -2.2510900497 -10.064900398 -3.0199298859 -2.229279995 -10.041099548 -3.1954600811 -2.4122700691 -11.047200203 
-3.1774299145 -2.3790900707 -11.044099808 -3.2088398933 -2.4389500618 -11.044699669 -3.1912400723 -2.428910017 -11.028900146 
-3.1755399704 -2.407599926 -11.021499634 -3.5868999958 -1.9546999931 -10.378600121 -3.7655100822 -1.8795599937 -10.613699913 
-3.7679700851 -1.8620599508 -10.641200066 -3.7417800426 -1.8601700068 -10.622400284 -3.7341599464 -1.8748099804 -10.595199585 
-3.7587099075 -1.8963899612 -10.583800316 -3.8065600395 -1.9290299416 -10.585399628 -3.7810299397 -1.9182699919 -10.573800087 
-3.7462999821 -1.847200036 -10.645000458 -3.7652099133 -1.8433400393 -10.66590023 -3.1701099873 -2.0729999542 -9.9938602448 
-3.615240097 -3.0308101177 -9.8558702469 -3.5918200016 -3.0326600075 -9.8791704178 -3.5933899879 -3.0261399746 -9.9023599625 
-3.9263501167 -2.617000103 -10.605699539 -3.9308400154 -2.6077098846 -10.620499611 -3.9150600433 -2.6388499737 -10.569600105 
-3.9164600372 -2.6367599964 -10.599900246 -3.1297399998 -2.097340107 -9.8005199432 -3.1348500252 -2.0950400829 -9.774020195 
-2.731470108 -2.6891899109 -9.7169599533 -2.7316100597 -2.6566998959 -9.7266998291 -2.7335400581 -2.7211699486 -9.7082700729 
-2.7402899265 -2.7079999447 -9.733590126 -2.7426700592 -2.6801300049 -9.7491598129 -2.7242100239 -2.6333999634 -9.7076597214 
-3.5226399899 -1.7379100323 -10.758600235 -3.4793701172 -1.7405400276 -10.76970005 -3.4582500458 -1.741410017 -10.779500008 
-3.1586699486 -2.0824000835 -10.342399597 -3.1804099083 -2.0671000481 -10.328800201 -3.1760900021 -2.0652201176 -10.360799789 
-3.1572101116 -2.0792400837 -10.370699883 -3.1398499012 -2.0967299938 -10.360600471 -3.1624898911 -2.0832099915 -10.309599876 
-3.138010025 -2.102809906 -10.322099686 -3.1850600243 -2.0676400661 -10.296999931 -3.1992299557 -2.0505900383 -10.346400261 
-3.2027599812 -2.053260088 -10.315500259 -3.1947000027 -2.047369957 -10.379199982 -3.709800005 -2.1737499237 -9.6028900146 
-3.7040700912 -2.1956000328 -9.573679924 -2.9718999863 -2.5350399017 -10.154000282 -2.9728500843 -2.5284600258 -10.181400299 
-2.9763600826 -2.5449099541 -10.196000099 -3.1508600712 -1.9986200333 -10.998900414 -3.140599966 -2.0269300938 -10.984499931 
-3.4217000008 -2.969810009 -10.101400375 -3.4276499748 -2.9594299793 -10.129300117 -3.3986101151 -2.9594199657 -10.123700142 
-3.4043400288 -2.9815399647 -10.074399948 -3.3858098984 -2.9703400135 -10.094799995 -3.4300999641 -2.9806399345 -10.077699661 
-3.4724900723 -1.8647600412 -10.540399551 -3.3297600746 -2.0243000984 -9.7538995743 -3.2987101078 -2.0287399292 -9.7655096054 
-3.1233999729 -2.8084299564 -10.505000114 -3.9394900799 -2.4051699638 -11.022100449 -3.0899600983 -2.1176600456 -10.795100212 
-3.0890700817 -2.1287999153 -10.818400383 -3.4144799709 -3.0831000805 -9.5981798172 -3.9904799461 -2.0848898888 -10.752599716 
-3.982929945 -2.0583300591 -10.753499985 -3.1188299656 -2.1449899673 -10.987799644 -3.1116299629 -2.1390600204 -10.956600189 
-3.1194300652 -2.1137800217 -10.973600388 -3.1266999245 -2.1185200214 -11.006799698 -3.1277599335 -2.1524000168 -11.020500183 
-3.1204800606 -2.1787600517 -10.999500275 -3.1110699177 -2.1700999737 -10.966600418 -3.121409893 -2.084980011 -10.956600189 
-3.127530098 -2.0861899853 -10.990200043 -3.2774300575 -2.6580600739 -10.910699844 -3.3306000233 -2.6738500595 -10.930700302 
-3.3039500713 -2.6768100262 -10.909999847 -3.8899800777 -2.7008700371 -10.309000015 -3.9011499882 -2.6781001091 -10.288599968 
-3.8866400719 -2.707269907 -10.278599739 -3.9035298824 -2.6733500957 -10.320300102 -3.8969199657 -2.6876900196 -10.256500244 
-3.8813099861 -2.7175400257 -10.250499725 -3.8570699692 -2.8714799881 -9.9950799942 -3.8496201038 -2.8536200523 -10.028499603 
-3.878880024 -2.8444499969 -10.005999565 -3.9050900936 -2.8352200985 -9.9830198288 -4.003880024 -2.7171099186 -9.5355501175 
-4.0296998024 -2.7338199615 -9.5509300232 -4.0151700974 -2.7118999958 -9.5681800842 -3.9839599133 -2.6917600632 -9.5506000519 
-4.0023999214 -2.6882901192 -9.5860099792 -3.9556000233 -2.6697099209 -9.5503396988 -3.0109500885 -2.5136799812 -10.621700287 
-3.3316600323 -2.6951799393 -10.906900406 -3.3045101166 -2.6978199482 -10.886699677 -3.3601400852 -2.6916699409 -10.92650032 
-3.3608601093 -2.7130000591 -10.90170002 -3.33239007 -2.7156200409 -10.883500099 -3.0153698921 -2.5437800884 -10.618499756 
-3.8326299191 -2.8019499779 -10.143600464 -3.8332700729 -2.8167700768 -10.110199928 -3.8309500217 -2.8335599899 -10.083299637 
-3.061259985 -2.1689600945 -10.685099602 -3.0626199245 -2.1605000496 -10.645899773 -2.9757800102 -2.4448800087 -10.403499603 
-3.4885399342 -2.0299999714 -9.7096595764 -2.9003200531 -3.0647199154 -9.5501699448 -2.872590065 -3.0532200336 -9.531920433 
-3.5553200245 -1.9709500074 -10.324999809 -3.5435199738 -1.9775999784 -10.301099777 -3.9888699055 -2.6279900074 -9.858499527 
-3.9829399586 -2.5917699337 -9.8492202759 -4.0006098747 -2.6450099945 -9.8067598343 -3.9977600574 -2.6496100426 -9.8320198059 
-3.9888401031 -2.6540598869 -9.8801803589 -3.9817500114 -2.6249499321 -9.892999649 -3.994879961 -2.6582698822 -9.8554801941 
-3.980629921 -2.6010100842 -9.8771600723 -3.9766900539 -2.5587599277 -9.840669632 -3.973870039 -2.5667600632 -9.8787498474 
-3.9780399799 -2.5559699535 -9.8131599426 -3.517359972 -1.7884399891 -10.668999672 -3.396490097 -1.9920699596 -10.242500305 
-3.4604101181 -1.9860899448 -10.249799728 -3.0218200684 -2.5322799683 -10.645400047 -3.0297100544 -2.518830061 -10.673899651 
-3.3842101097 -2.749049902 -10.867400169 -3.389770031 -2.7309699059 -10.89220047 -4.0474500656 -2.742650032 -9.6636695862 
-3.5548300743 -3.0171599388 -9.5923099518 -3.5332200527 -3.0315198898 -9.6057100296 -3.5029098988 -3.0430600643 -9.5914697647 
-3.5756700039 -3.0012600422 -9.5764799118 -3.9259200096 -2.4084599018 -11.050600052 -3.9055500031 -2.4378900528 -11.047800064 
-3.9082798958 -2.4143400192 -11.079299927 -3.9238901138 -2.4249401093 -11.028300285 -3.9311599731 -2.4990999699 -10.876299858 
-3.8635699749 -2.7565801144 -10.170499802 -3.8700299263 -2.7417099476 -10.19659996 -4.1271400452 -3.0172901154 -9.6256599426 
-4.1360502243 -3.0378201008 -9.6085700989 -4.1220002174 -3.0473399162 -9.6219501495 -4.1223201752 -2.9789299965 -9.6379203796 
-4.1411700249 -2.9881300926 -9.6098203659 -4.1460199356 -3.016010046 -9.6000003815 -4.1059598923 -3.0422000885 -9.6413297653 
-4.1063199043 -3.0099999905 -9.6522703171 -4.1508002281 -3.0452399254 -9.5866804123 -4.1308598518 -3.0631699562 -9.6051502228 
-4.1060099602 -3.0750699043 -9.6254701614 -3.3643000126 -2.9585800171 -10.114800453 -3.3769900799 -2.9495000839 -10.144399643 
-3.6397800446 -2.9209599495 -10.13049984 -3.6656200886 -2.9158899784 -10.106800079 -3.1352300644 -2.0903599262 -11.027700424 
-3.1347498894 -2.1268599033 -11.038999557 -3.0976800919 -2.3021099567 -10.922499657 -3.0877199173 -2.3135900497 -10.893500328 
-3.0882899761 -2.2856400013 -10.90019989 -3.1078500748 -2.2935600281 -10.950099945 -3.0991699696 -2.2690200806 -10.933099747 
-3.1221899986 -2.3070600033 -10.979200363 -3.0871798992 -2.3418700695 -10.884599686 -3.9215400219 -2.6269099712 -10.510100365 
-3.9124898911 -2.6445701122 -10.537599564 -3.9322800636 -2.6007199287 -10.514100075 -3.9801199436 -2.0984899998 -10.70470047 
-3.9685199261 -2.069439888 -10.698599815 -3.9524600506 -2.0608000755 -10.665200233 -3.893599987 -2.2715899944 -10.230400085 
-3.9054501057 -2.3014099598 -10.225999832 -3.8795900345 -2.2428998947 -10.232700348 -3.4407000542 -2.1076099873 -9.5351696014 
-3.4682400227 -2.1047000885 -9.5473098755 -3.4444100857 -2.0901401043 -9.5645799637 -3.4119200706 -2.0905299187 -9.5574502945 
-3.49345994 -2.1192100048 -9.534740448 -3.4253900051 -2.0782001019 -9.5824899673 -3.4482700825 -2.075150013 -9.592499733 
-2.9924099445 -2.3198699951 -10.286399841 -3.6264500618 -2.971930027 -9.5661697388 -3.618060112 -2.9607200623 -9.537899971 
-2.9188699722 -2.4755699635 -9.9774303436 -2.9290399551 -2.4762001038 -10.000499725 -3.0136599541 -2.6410400867 -10.474699974 
-3.0313899517 -2.6879799366 -10.452300072 -2.9844501019 -2.4568400383 -10.48390007 -2.9888598919 -2.4462499619 -10.519599915 
-3.5565900803 -3.024009943 -9.6168899536 -3.8910899162 -2.7012500763 -10.226699829 -3.9053599834 -2.6700999737 -10.230500221 
-3.0016400814 -2.3718800545 -10.587100029 -2.9992198944 -2.4038200378 -10.589799881 -2.9965100288 -2.3928101063 -10.559499741 
-3.0004599094 -2.3597800732 -10.556099892 -3.7750198841 -2.8766698837 -10.070300102 -3.7472100258 -2.88270998 -10.087800026 
-4.0131201744 -2.6882801056 -9.6134395599 -4.0468997955 -2.8921999931 -9.7429504395 -4.0380101204 -2.9243400097 -9.7459697723 
-4.0291600227 -2.8970398903 -9.7667999268 -4.0437397957 -2.8630099297 -9.7527999878 -4.0601701736 -2.9041600227 -9.7222795486 
-4.0597701073 -2.871999979 -9.7241296768 -4.0113301277 -2.9294099808 -9.7739696503 -4.0175800323 -2.9561700821 -9.7543096542 
-4.0579800606 -2.9361801147 -9.72012043 -4.0393199921 -2.9533200264 -9.7350502014 -4.0056400299 -2.9023599625 -9.7953701019 
-4.02354002 -2.8692998886 -9.7849702835 -3.1252501011 -2.0580699444 -10.937000275 -3.1198000908 -2.0629398823 -10.905799866 
-3.4187400341 -2.5501499176 -11.114100456 -3.3916599751 -2.5281200409 -11.124400139 -3.6865999699 -2.9137198925 -10.083299637 
-3.3723399639 -2.9829199314 -10.066900253 -3.3929600716 -2.9944500923 -10.048399925 -3.3528299332 -2.9704198837 -10.085900307 
-3.3686900139 -2.5056900978 -11.134300232 -3.3538200855 -2.0094099045 -10.100500107 -3.3834700584 -2.0051100254 -10.082699776 
-3.3560500145 -2.0081601143 -10.066399574 -3.3252799511 -2.0146899223 -10.085100174 -3.4122600555 -2.0028400421 -10.069700241 
-3.7887499332 -1.8404300213 -10.690999985 -3.7608699799 -1.822939992 -10.69149971 -3.7330799103 -1.8280899525 -10.663299561 
-3.7317099571 -1.8065999746 -10.694499969 -3.2701499462 -2.7969400883 -10.742300034 -3.2656600475 -2.7741699219 -10.767800331 
-3.1467599869 -2.1962199211 -11.07159996 -3.1320199966 -2.1866700649 -11.033800125 -3.1384301186 -2.159610033 -11.053899765 
-3.1625599861 -2.2196900845 -11.101400375 -3.1518499851 -2.235519886 -11.07199955 -3.150249958 -2.1619598866 -11.086899757 
-3.1376199722 -2.2211101055 -11.043100357 -3.1606500149 -2.1877100468 -11.10739994 -3.1246800423 -2.2128100395 -11.010899544 
-3.1436998844 -2.1332199574 -11.069000244 -3.814209938 -2.9221301079 -9.9556398392 -3.0374200344 -2.2237501144 -10.612799644 
-3.0388400555 -2.2254800797 -10.647100449 -3.0420799255 -2.2270998955 -10.681400299 -3.0390799046 -2.2539598942 -10.703000069 
-3.032720089 -2.2851400375 -10.700400352 -2.7790000439 -2.9209098816 -9.5953502655 -2.7946600914 -2.9495298862 -9.5832796097 
-2.7700500488 -2.9294500351 -9.5571203232 -2.786370039 -2.9133999348 -9.6286296844 -2.8006401062 -2.9402298927 -9.6156702042 
-2.7918601036 -2.9633500576 -9.5516004562 -2.8164598942 -2.9657299519 -9.6044502258 -2.771889925 -2.9516398907 -9.5252599716 
-3.102989912 -2.1910600662 -10.943200111 -3.1118400097 -2.2069299221 -10.974100113 -3.0955700874 -2.2095000744 -10.921299934 
-3.102410078 -2.2167899609 -10.944899559 -3.3520700932 -2.8637800217 -10.69659996 -3.325740099 -2.8503699303 -10.70359993 
-3.3510899544 -2.8461399078 -10.722399712 -3.3812599182 -2.8594100475 -10.715000153 -3.3781399727 -2.8773999214 -10.686200142 
-3.3250598907 -2.8654398918 -10.680700302 -3.3481299877 -2.8788399696 -10.67140007 -3.838809967 -2.4867799282 -11.081399918 
-3.8275101185 -2.5135300159 -11.056200027 -4.0244398117 -2.7092399597 -9.6015701294 -3.1099801064 -2.5638599396 -10.80340004 
-3.0965399742 -2.5381200314 -10.800100327 -3.1122701168 -2.5366499424 -10.82820034 -3.1308701038 -2.5698699951 -10.831100464 
-3.0904200077 -2.5552299023 -10.776800156 -3.1284999847 -2.5969099998 -10.804499626 -3.1047399044 -2.5859999657 -10.777299881 
-3.0915899277 -2.5120201111 -10.809399605 -3.0806200504 -2.5238399506 -10.780599594 -3.1216499805 -2.5218400955 -10.854700089 
-3.134759903 -2.5476100445 -10.855099678 -3.1045200825 -2.5031099319 -10.838899612 -3.0126099586 -2.1776599884 -9.5335597992 
-3.1738600731 -3.1119499207 -9.6940097809 -3.8718400002 -3.2001900673 -9.5362997055 -3.8486199379 -3.1806499958 -9.5487098694 
-3.8758599758 -3.1861100197 -9.5646400452 -3.9005899429 -3.2037301064 -9.5516004562 -3.2121300697 -1.8765900135 -10.904399872 
-3.0824799538 -2.1592299938 -10.368000031 -3.0966498852 -2.1436901093 -10.341199875 -3.0696799755 -2.1752700806 -10.392999649 
-3.0636401176 -2.1853098869 -10.360600471 -3.0757200718 -2.169490099 -10.334600449 -3.1185500622 -2.1190400124 -10.350099564 
-3.3935799599 -2.5098600388 -11.144599915 -3.8462100029 -2.7492399216 -10.526100159 -3.4551999569 -2.4646201134 -11.221500397 
-3.8422300816 -2.4564900398 -11.121800423 -3.2967300415 -2.336220026 -11.231200218 -3.2932400703 -2.3135700226 -11.245900154 
-3.300839901 -2.2967898846 -11.267700195 -3.3189499378 -2.3862600327 -11.210300446 -3.2973799706 -2.3617200851 -11.210700035 
-3.2749500275 -2.339040041 -11.204799652 -3.275840044 -2.3146700859 -11.225000381 -2.9405300617 -2.4749200344 -10.029800415 
-2.9372599125 -2.4492399693 -10.01210022 -3.8464701176 -1.9521600008 -10.603899956 -3.9364500046 -2.3978300095 -9.8537597656 
-3.9464199543 -2.4319999218 -9.8464603424 -3.3287100792 -2.0124900341 -10.049699783 -3.60668993 -2.9912199974 -9.5880203247 
-2.7165000439 -2.8443899155 -9.5295295715 -3.0808799267 -2.2980799675 -10.87749958 -3.0782001019 -2.3207600117 -10.866499901 
-3.0888400078 -2.3676300049 -10.879799843 -3.0764100552 -2.3538401127 -10.854000092 -3.0720899105 -2.7586901188 -10.380900383 
-3.0469799042 -2.7226099968 -10.403300285 -3.0565600395 -2.7377099991 -10.379899979 -3.905600071 -2.6691401005 -10.344900131 
-3.9141199589 -2.6486001015 -10.333399773 -3.0258800983 -2.5636599064 -10.637000084 -3.0350100994 -2.5536100864 -10.666399956 
-3.1592900753 -2.41279006 -10.992699623 -3.1536099911 -2.3776299953 -11.005599976 -3.1790099144 -2.4340798855 -11.007599831 
-3.1655700207 -2.4425299168 -10.981699944 -3.1458899975 -2.4225099087 -10.963999748 -3.1565499306 -2.3467299938 -11.028900146 
-3.1377298832 -2.3410499096 -10.996600151 -3.0468399525 -2.1979999542 -10.595299721 -3.8151199818 -2.2862899303 -9.6095600128 
-3.1670401096 -2.0827999115 -10.276499748 -3.1478700638 -2.0969200134 -10.290599823 -3.1946101189 -2.064800024 -10.261899948 
-3.205739975 -2.0547299385 -10.289099693 -3.1188499928 -2.2410299778 -10.99050045 -3.1313199997 -2.2440700531 -11.021400452 
-3.1066100597 -2.2399699688 -10.957099915 -3.361989975 -1.993999958 -10.265999794 -3.3836901188 -3.0082600117 -10.021800041 
-3.3768000603 -3.0218200684 -9.9954795837 -3.3608000278 -2.9971199036 -10.038700104 -3.3526299 -3.012059927 -10.010299683 
-3.1306800842 -2.0561699867 -10.970499992 -3.1364600658 -2.0565600395 -11.00510025 -3.4923000336 -1.9897799492 -10.236499786 
-3.5327301025 -2.0188100338 -9.781419754 -3.8685100079 -2.6828000546 -10.69410038 -3.8469998837 -2.7067101002 -10.697600365 
-3.8561201096 -2.4883899689 -11.054599762 -3.8511400223 -2.5106101036 -11.027899742 -3.8622701168 -2.4660599232 -11.079400063 
-3.8470299244 -2.4673099518 -11.099300385 -3.8803501129 -2.4644300938 -11.052599907 -3.8747398853 -2.4869000912 -11.027000427 
-3.4147698879 -2.8750500679 -10.700900078 -3.4116098881 -2.8526299 -10.734700203 -3.1571700573 -2.2710299492 -11.068900108 
-3.1430699825 -2.2515699863 -11.046699524 -3.1677401066 -2.2527599335 -11.098600388 -3.1738600731 -2.2072200775 -11.130599976 
-3.1779499054 -2.2376599312 -11.126000404 -2.7433199883 -2.7913100719 -9.6809101105 -2.7586400509 -2.8581600189 -9.6422700882 
-3.9707300663 -2.8017199039 -9.9087295532 -3.9839000702 -2.7989299297 -9.8854198456 -3.9689199924 -2.8284199238 -9.8948202133 
-3.9558300972 -2.8174901009 -9.9239501953 -3.978990078 -2.7716400623 -9.9078998566 -3.962569952 -2.789910078 -9.9310398102 
-3.9884600639 -2.8214199543 -9.8656196594 -3.9953200817 -2.7699599266 -9.8718204498 -3.9955699444 -2.7966899872 -9.8630199432 
-3.9559400082 -2.8561999798 -9.8933200836 -3.9748001099 -2.8517899513 -9.8694095612 -3.520950079 -1.988319993 -10.253899574 
-3.0131800175 -2.2117800713 -9.911860466 -3.0279800892 -2.1888899803 -9.8869199753 -3.9465799332 -2.4779400826 -10.864500046 
-3.9413499832 -2.4969398975 -10.846099854 -3.8960499763 -2.4640200138 -11.024299622 -3.7934501171 -2.8249399662 -10.328700066 
-3.7937300205 -2.8244400024 -10.355799675 -3.7982800007 -2.9746000767 -9.8716897964 -3.7933700085 -3.0032699108 -9.8125295639 
-3.8121900558 -2.9857099056 -9.8427600861 -3.0118401051 -2.6237399578 -10.50249958 -4.0278000832 -2.7044301033 -9.6358995438 
-3.9416201115 -2.5736699104 -10.496800423 -4.1407599449 -3.1533401012 -9.5389900208 -4.1306099892 -3.1811499596 -9.5256595612 
-4.114180088 -3.1696000099 -9.5507802963 -4.1262598038 -3.1396698952 -9.5641698837 -4.150949955 -3.1229000092 -9.5493898392 
-4.1032700539 -3.197149992 -9.5331697464 -3.8192400932 -2.3430500031 -9.5769100189 -3.5722000599 -1.9635499716 -10.351499557 
-3.4975800514 -2.9454100132 -10.311100006 -3.5117900372 -2.9424300194 -10.282299995 -3.4665899277 -2.9425499439 -10.245699883 
-3.4977400303 -2.9421200752 -10.25249958 -3.4114899635 -2.0182299614 -9.7404098511 -3.4412999153 -2.0182199478 -9.7393903732 
-3.8269701004 -2.8524699211 -10.056599617 -3.8527600765 -2.8297998905 -10.059399605 -3.9082500935 -2.655479908 -10.506400108 
-2.9949200153 -2.4524300098 -10.568099976 -3.1367299557 -2.9381999969 -10.010800362 -3.1911399364 -3.1159100533 -9.6787700653 
-4.1748600006 -3.104170084 -9.5289802551 -4.1575498581 -3.0917699337 -9.5590295792 -4.1742200851 -3.0700600147 -9.544260025 
-4.1361298561 -3.1089799404 -9.5749502182 -4.1437101364 -3.0783801079 -9.583029747 -4.1598901749 -3.0654599667 -9.5672903061 
-4.1694102287 -3.0412700176 -9.5593595505 -4.1860399246 -3.0420300961 -9.5295696259 -3.9353098869 -2.5188100338 -10.824399948 
-3.4079799652 -2.4985899925 -11.164099693 -3.907130003 -2.5715000629 -10.809499741 -3.1607398987 -1.9636700153 -10.861599922 
-3.8260500431 -2.7732799053 -10.523799896 -3.8150401115 -2.7819399834 -10.547800064 -3.4341599941 -2.4700500965 -11.206700325 
-3.4096601009 -2.4613599777 -11.20359993 -3.3333199024 -2.0099899769 -10.01609993 -2.9761800766 -2.5419700146 -10.216099739 
-3.6413800716 -1.8917900324 -10.515500069 -3.6952700615 -1.8971899748 -10.536299706 -3.5286500454 -1.8632099628 -10.536000252 
-3.4974000454 -1.8631099463 -10.538599968 -3.5090999603 -1.8760900497 -10.514800072 -3.1661999226 -2.9738199711 -9.9872703552 
-3.1939799786 -2.9917399883 -9.9798202515 -3.2835099697 -1.8248000145 -10.813599586 -3.2692201138 -1.8276599646 -10.842700005 
-3.0540499687 -2.523250103 -10.727000237 -3.0636000633 -2.5071499348 -10.756699562 -3.0714800358 -2.5410199165 -10.751399994 
-3.0480799675 -2.4896700382 -10.732099533 -3.0614299774 -2.5580699444 -10.720100403 -3.0386400223 -2.5042600632 -10.703000069 
-3.0444200039 -2.5388400555 -10.696800232 -3.0573101044 -2.4755001068 -10.760000229 -3.0733499527 -2.4895699024 -10.787199974 
-3.0827798843 -2.5791299343 -10.745200157 -3.2544100285 -2.5362401009 -11.012000084 -3.2322800159 -2.5296499729 -10.995100021 
-2.7728300095 -2.8861498833 -9.6391401291 -3.0127398968 -2.1991701126 -9.855219841 -2.9967799187 -2.2090799809 -9.8253097534 
-3.1735200882 -2.8492500782 -10.312299728 -3.1626799107 -2.8391098976 -10.287899971 -3.1412000656 -2.8221299648 -10.290599823 
-3.2699201107 -2.0347099304 -9.7788095474 -3.0798199177 -2.2738399506 -10.876000404 -3.0880799294 -2.2562000751 -10.901599884 
-3.0730800629 -2.2944300175 -10.85490036 -3.4008300304 -2.7830300331 -10.829299927 -3.3773899078 -2.7656600475 -10.843500137 
-3.3546199799 -2.748059988 -10.855600357 -3.3591499329 -2.7318499088 -10.877900124 -3.8041000366 -2.8166100979 -10.192899704 
-3.8222699165 -2.8024399281 -10.174699783 -3.0482599735 -2.194740057 -10.628100395 -3.9312000275 -2.3831100464 -9.8824300766 
-3.1736600399 -1.940320015 -11.020400047 -3.1657299995 -1.9681799412 -11.044300079 -3.1614398956 -1.9713699818 -11.012000084 
-3.1773300171 -1.937770009 -11.05700016 -3.1845500469 -1.9154800177 -11.036700249 -3.1862199306 -1.9097800255 -11.008799553 
-3.1672899723 -1.9522500038 -10.994199753 -3.1768200397 -1.9295500517 -10.988300323 -3.1702699661 -1.9672299623 -11.077500343 
-3.1553599834 -1.9979000092 -11.032299995 -3.160670042 -1.996260047 -11.064299583 -3.1984601021 -2.4509301186 -11.02159977 
-3.2158200741 -2.8794798851 -10.538700104 -3.2304399014 -2.8903000355 -10.508799553 -3.4353599548 -2.8448200226 -10.751600266 
-3.4408299923 -2.8305299282 -10.773599625 -3.3310899734 -1.9979399443 -10.287099838 -3.3301999569 -1.9907699823 -10.319600105 
-3.3978600502 -2.8922200203 -10.668800354 -3.3702199459 -2.8896501064 -10.663399696 -3.4128398895 -3.0870800018 -9.7105398178 
-3.4453299046 -3.0782999992 -9.7070999146 -3.424380064 -3.0833399296 -9.676779747 -3.4005200863 -3.0891799927 -9.7387199402 
-3.3911499977 -3.0928099155 -9.6873598099 -3.3867900372 -3.0933799744 -9.7150802612 -3.461149931 -3.0715999603 -9.67648983 
-3.4797201157 -3.0682001114 -9.7052001953 -3.3980600834 -3.090749979 -9.6610002518 -3.4166600704 -3.0845599174 -9.644610405 
-3.4445800781 -3.0750501156 -9.6481895447 -3.8849699497 -2.6615900993 -10.693400383 -3.9014399052 -2.6424400806 -10.682800293 
-3.9109199047 -2.638600111 -10.652700424 -3.864579916 -2.4468400478 -11.104999542 -3.8852200508 -2.4414401054 -11.079899788 
-3.8246500492 -3.1723499298 -9.5308904648 -3.8250200748 -3.1589000225 -9.5611095428 -3.852159977 -3.1669199467 -9.5784902573 
-3.8809199333 -3.170609951 -9.5937700272 -3.9052600861 -3.1875400543 -9.5799598694 -3.8492200375 -2.0385499001 -10.501299858 
-3.8696799278 -2.0432999134 -10.52670002 -3.5142600536 -3.0443298817 -9.6246500015 -3.4991700649 -3.0539400578 -9.6437196732 
-3.5226700306 -3.0464498997 -9.6530399323 -3.4866600037 -3.0555100441 -9.6201200485 -3.5413401127 -3.0349199772 -9.6335897446 
-3.4746799469 -3.063970089 -9.6473197937 -3.4974598885 -3.0588800907 -9.6733198166 -3.5512800217 -3.0374898911 -9.6611099243 
-3.5315499306 -3.0485999584 -9.6820201874 -3.4834299088 -2.4777400494 -11.217200279 -3.4866499901 -2.4960699081 -11.19810009 
-3.153719902 -2.1337199211 -11.098799706 -3.1622600555 -2.158839941 -11.118499756 -3.910490036 -3.170140028 -9.6079397202 
-3.8870799541 -3.1540899277 -9.6223297119 -3.916779995 -3.1514201164 -9.6354598999 -3.940789938 -3.1657700539 -9.6203699112 
-3.9353899956 -3.184789896 -9.5938997269 -3.8581399918 -3.1523900032 -9.6082897186 -3.8658900261 -3.1371901035 -9.6368198395 
-3.8935699463 -3.1357901096 -9.6501903534 -3.9478600025 -3.1451900005 -9.6456403732 -3.9239299297 -3.1304199696 -9.6623697281 
-3.9186899662 -2.805740118 -9.993180275 -3.8979599476 -2.8165099621 -10.013500214 -3.9124600887 -2.7894799709 -10.019000053 
-3.9296500683 -2.7782700062 -9.9992704391 -3.9371500015 -2.7926700115 -9.9744501114 -3.9275999069 -2.8189001083 -9.9671897888 
-3.8755099773 -2.8243598938 -10.035699844 -3.8947000504 -2.7968399525 -10.040100098 -3.9086899757 -2.7745399475 -10.039999962 
-3.3363900185 -2.9831600189 -10.057200432 -3.7716898918 -2.7158899307 -10.807800293 -3.7900800705 -2.6881999969 -10.830800056 
-3.7987999916 -2.7016499043 -10.795200348 -3.779599905 -2.7285900116 -10.775799751 -3.7595500946 -2.7060699463 -10.838399887 
-3.7526500225 -2.7399199009 -10.789899826 -3.7718799114 -2.6825098991 -10.86289978 -3.7972400188 -2.664659977 -10.860199928 
-3.8106598854 -2.666670084 -10.837900162 -3.8153300285 -2.6767399311 -10.812999725 -3.8065099716 -2.7132101059 -10.762399673 
-3.8264598846 -2.6845800877 -10.78030014 -3.4236400127 -2.5253300667 -11.143099785 -4.1271600723 -2.8528299332 -9.5485897064 
-4.1402101517 -2.8680200577 -9.5282201767 -4.1394400597 -2.8790700436 -9.5572099686 -4.1276497841 -2.8640999794 -9.5722198486 
-4.115170002 -2.8405399323 -9.570019722 -4.1108198166 -2.8264799118 -9.5419101715 -4.1524500847 -2.8953399658 -9.5381603241 
-3.9710600376 -3.157779932 -9.6292695999 -3.9654300213 -3.1782300472 -9.6052904129 -3.2224900723 -2.2603099346 -11.191300392 
-3.23781991 -2.2876799107 -11.196000099 -3.2186000347 -2.2833399773 -11.170700073 -3.2091100216 -2.2328100204 -11.185700417 
-3.2257900238 -2.2371299267 -11.210800171 -3.2409899235 -2.2635800838 -11.216799736 -3.2051200867 -2.2555398941 -11.166000366 
-3.2342000008 -2.3113999367 -11.174200058 -3.2551898956 -2.3141601086 -11.199999809 -3.2578299046 -2.2901000977 -11.221400261 
-3.2137899399 -2.3053200245 -11.148900032 -3.2008700371 -2.2769999504 -11.146499634 -3.4789800644 -1.8757599592 -10.519499779 
-3.9208199978 -2.3623900414 -9.9566402435 -2.8252699375 -2.6741700172 -9.8675699234 -2.8016600609 -2.6826500893 -9.8420095444 
-2.7822101116 -2.6883399487 -9.8178796768 -2.7777700424 -2.7167301178 -9.8063497543 -2.9454100132 -2.5029199123 -10.046999931 
-3.1331100464 -2.4330899715 -10.935500145 -3.2337400913 -2.8833799362 -10.262000084 -3.2068800926 -2.8684699535 -10.276399612 
-3.939260006 -1.994789958 -10.709199905 -3.9317500591 -1.9682500362 -10.725299835 -3.7203299999 -2.8897900581 -10.102000237 
-3.709280014 -2.8858699799 -10.133399963 -3.8755099773 -2.7292900085 -10.223099709 -3.474809885 -2.5105800629 -11.17840004 
-2.9541599751 -2.281359911 -9.8761196136 -2.9402799606 -2.2999401093 -9.8706798553 -3.1523900032 -2.5751600266 -10.857299805 
-2.9159200191 -2.6316299438 -9.9785995483 -2.9327299595 -2.5913200378 -10.011799812 -2.9167299271 -2.6012499332 -9.9841604233 
-2.9154400826 -2.6616299152 -9.9721403122 -2.8987700939 -2.6427900791 -9.953789711 -2.8998999596 -2.612349987 -9.9584598541 
-2.8828499317 -2.6520800591 -9.9326295853 -2.8826699257 -2.6246199608 -9.9345302582 -2.8842799664 -2.5931999683 -9.9372901917 
-3.0068500042 -2.2124400139 -9.8825302124 -3.8276801109 -2.0223898888 -10.49090004 -3.8238101006 -2.0488901138 -10.449500084 
-3.8143100739 -2.0290699005 -10.46380043 -2.720400095 -2.6067299843 -9.6941795349 -2.7202000618 -2.5747499466 -9.6845998764 
-3.112639904 -2.1279599667 -10.314100266 -3.0891900063 -2.1538798809 -10.303999901 -3.052489996 -2.2018399239 -10.384400368 
-3.0465600491 -2.2117199898 -10.354000092 -3.0568099022 -2.1957700253 -10.32970047 -2.755769968 -2.4083199501 -9.6167802811 
-3.351569891 -2.9083499908 -10.621899605 -3.6765100956 -1.794870019 -10.681799889 -3.6775400639 -1.7783900499 -10.70759964 
-3.6482100487 -1.7967100143 -10.667599678 -3.7038300037 -1.7914899588 -10.700400352 -3.6723399162 -1.8112000227 -10.654500008 
-3.7030498981 -1.8095200062 -10.672699928 -3.1944499016 -2.2963399887 -11.124099731 -3.1914000511 -2.2527399063 -11.143899918 
-3.1842401028 -2.2670300007 -11.123200417 -2.9777998924 -2.4650299549 -10.428999901 -3.7905600071 -2.8246099949 -10.410300255 
-2.8718299866 -2.9908399582 -9.6729803085 -2.8463799953 -2.9747700691 -9.654009819 -2.8976700306 -3.0049901009 -9.6913604736 
-2.880300045 -2.9834599495 -9.705619812 -2.915790081 -3.0248301029 -9.6773996353 -3.0473101139 -2.7165300846 -10.455200195 
-3.0384199619 -2.7056701183 -10.427599907 -3.7825400829 -2.6217598915 -10.945899963 -3.7622900009 -2.6509399414 -10.922599792 
-3.3312299252 -2.9579699039 -10.102399826 -3.2790598869 -3.0511500835 -9.9156999588 -3.2862300873 -3.0360600948 -9.9491796494 
-4.1776900291 -3.0103800297 -9.5465097427 -4.1616902351 -3.014359951 -9.5756397247 -2.6992299557 -2.5239300728 -9.5344295502 
-2.707750082 -2.5326099396 -9.5973396301 -2.7173500061 -2.5099298954 -9.6191797256 -3.3131000996 -2.9170200825 -10.256099701 
-3.9166100025 -2.6405799389 -10.474200249 -3.930079937 -2.6069700718 -10.483499527 -3.1391201019 -2.9559299946 -9.9913902283 
-3.3079800606 -1.8053100109 -10.812299728 -3.2928199768 -2.0238900185 -10.107000351 -3.2974898815 -2.0210199356 -10.066599846 
-3.3038799763 -2.0174500942 -10.031499863 -3.0631101131 -3.1339600086 -9.5310201645 -3.0389699936 -3.1215100288 -9.5574197769 
-3.0745398998 -3.1280200481 -9.560959816 -3.0939099789 -3.136879921 -9.5367803574 -4.0069899559 -2.6586799622 -9.7835702896 
-3.0190899372 -2.5674300194 -10.613200188 -3.9460000992 -2.8053300381 -9.9494495392 -3.6991400719 -1.8267199993 -10.644200325 
-2.7945699692 -2.9052801132 -9.6650295258 -2.7756800652 -2.8724899292 -9.6693096161 -2.795550108 -2.8849999905 -9.701379776 
-2.8076701164 -2.9329299927 -9.6472196579 -2.8151700497 -2.9287400246 -9.6735200882 -2.9890298843 -2.3778600693 -10.456299782 
-2.9915099144 -2.380300045 -10.487799644 -2.9968600273 -2.3575398922 -10.50399971 -4.0979399681 -2.8127698898 -9.5660896301 
-4.0898399353 -2.7993900776 -9.5347003937 -3.8145499229 -2.9470300674 -9.9127101898 -3.2673900127 -2.9091699123 -10.399800301 
-3.2578399181 -2.905479908 -10.426199913 -3.2331900597 -2.8934600353 -10.443599701 -3.4169800282 -2.8161900043 -10.78880024 
-3.4112699032 -2.833509922 -10.762599945 -3.0499401093 -2.1958699226 -10.663900375 -3.2468299866 -2.0413599014 -9.7865400314 
-3.2910699844 -2.0255300999 -9.8005695343 -2.9881100655 -2.4161000252 -10.497599602 -2.9809501171 -2.4530498981 -10.453100204 
-2.9834599495 -2.4281599522 -10.463600159 -4.1448597908 -2.9238100052 -9.5883302689 -4.1557397842 -2.928730011 -9.5661296844 
-4.155069828 -2.9503700733 -9.5790100098 -4.1338400841 -2.8898699284 -9.5885095596 -4.1487298012 -2.9060499668 -9.5651397705 
-4.1390399933 -2.9526600838 -9.610039711 -4.1292099953 -2.9157700539 -9.6162796021 -4.1675000191 -2.9446299076 -9.5475702286 
-4.1589899063 -2.9183299541 -9.5485601425 -4.165430069 -2.9802100658 -9.5666999817 -4.1516299248 -2.97281003 -9.5914402008 
-2.804970026 -2.8802399635 -9.730919838 -3.092509985 -2.1041500568 -10.766400337 -3.1659400463 -1.9985400438 -11.097100258 
-3.1583600044 -2.0186300278 -11.079000473 -2.8227701187 -2.9579899311 -9.6348304749 -3.7897100449 -3.0633199215 -9.6796503067 
-3.8047099113 -3.0871100426 -9.6605100632 -3.776720047 -3.0726399422 -9.6487398148 -3.7730600834 -3.0435700417 -9.7023200989 
-3.8029999733 -3.0520401001 -9.7087202072 -3.8184099197 -3.0734200478 -9.6886196136 -3.7602601051 -3.0493700504 -9.6696500778 
-3.8199999332 -3.1109399796 -9.6422100067 -3.7920000553 -3.0979700089 -9.6303501129 -3.83314991 -3.0970900059 -9.6707201004 
-3.7664699554 -3.0804700851 -9.6180295944 -3.7478899956 -3.0534598827 -9.6336603165 -3.959800005 -2.4899799824 -9.8635501862 
-3.9518098831 -2.4574100971 -9.8716201782 -3.9556601048 -2.466989994 -9.8377199173 -3.9615800381 -2.5077199936 -9.8857297897 
-3.9556798935 -2.4821400642 -9.8935699463 -3.9679999352 -2.5267999172 -9.8603801727 -3.9642400742 -2.5011000633 -9.8306903839 
-3.9421799183 -2.4214498997 -9.8837499619 -3.9485399723 -2.4529500008 -9.9039001465 -3.9590001106 -2.4789800644 -9.7990598679 
-2.7387199402 -2.464509964 -9.6530199051 -2.7520699501 -2.4576098919 -9.6899595261 -2.7373099327 -2.4921998978 -9.6823396683 
-2.7250800133 -2.5029098988 -9.6479101181 -2.7480199337 -2.4322099686 -9.6363201141 -2.756000042 -2.4324901104 -9.6681003571 
-2.7685399055 -2.4504699707 -9.7196102142 -2.7533500195 -2.4807999134 -9.7152204514 -2.7682299614 -2.4293699265 -9.6975097656 
-2.7243299484 -2.5341999531 -9.6746301651 -3.1457500458 -2.026900053 -11.019000053 -3.143009901 -2.0568699837 -11.038999557 
-3.1440498829 -2.0838999748 -11.059399605 -3.1405799389 -2.1084001064 -11.054900169 -3.8012599945 -2.004650116 -10.480600357 
-3.7898700237 -3.0189700127 -9.7756299973 -3.8408799171 -2.759829998 -10.499199867 -2.7851400375 -2.3730299473 -9.6486597061 
-2.7842600346 -2.3884599209 -9.6756601334 -2.829269886 -2.9502599239 -9.6654396057 -3.5466799736 -2.1290500164 -9.544210434 
-2.7337400913 -2.6263000965 -9.7344198227 -2.7278299332 -2.6097099781 -9.71778965 -2.7423799038 -2.6459999084 -9.7545099258 
-2.755300045 -2.6366999149 -9.7803297043 -3.3899900913 -3.0922100544 -9.6069097519 -3.0373001099 -2.2278299332 -10.376299858 
-3.7868099213 -3.0337100029 -9.737660408 -3.821269989 -3.012720108 -9.7883195877 -3.8170099258 -3.0289900303 -9.757229805 
-3.7310400009 -3.022660017 -9.7428102493 -3.7526900768 -3.0298500061 -9.7258396149 -3.2527499199 -2.3394401073 -11.177900314 
-3.2748000622 -2.3642699718 -11.184300423 -3.4626400471 -2.5290999413 -11.153900146 -4.0155100822 -2.693269968 -9.7845001221 
-3.26060009 -2.896490097 -10.247799873 -3.26135993 -2.8987400532 -10.215100288 -3.6459400654 -3.0251400471 -9.8394403458 
-3.1758799553 -2.2847599983 -11.098400116 -3.7971599102 -2.3381800652 -9.555680275 -3.1724998951 -2.3495099545 -11.055000305 
-3.5434799194 -2.9427399635 -10.341199875 -3.5171699524 -2.9454200268 -10.332799911 -2.9964299202 -2.3049299717 -10.256799698 
-3.0035700798 -2.2901101112 -10.284899712 -2.9848899841 -2.3399500847 -10.260899544 -3.0103800297 -2.2723500729 -10.258600235 
-3.003070116 -2.2848000526 -10.223400116 -2.9886798859 -2.3236598969 -10.228699684 -3.0171298981 -2.2611401081 -10.289199829 
-2.9949200153 -2.4237101078 -10.565099716 -2.9919099808 -2.417069912 -10.535099983 -2.9945600033 -2.3815000057 -10.524100304 
-3.0517799854 -2.2013700008 -10.69810009 -3.0615899563 -2.1781299114 -10.719799995 -3.0534899235 -2.2132198811 -10.732600212 
-3.0459699631 -2.2281599045 -10.708999634 -3.0632801056 -2.1873500347 -10.752699852 -3.0717101097 -2.1555700302 -10.743499756 
-3.0455598831 -2.2471001148 -10.730699539 -3.0520699024 -2.2403399944 -10.757499695 -3.0583000183 -2.2147400379 -10.762800217 
-3.9905500412 -2.1047799587 -10.734399796 -3.9809501171 -2.077270031 -10.727999687 -3.969630003 -2.0478999615 -10.724699974 
-3.9555799961 -2.0401699543 -10.695799828 -3.9584100246 -2.5066299438 -9.9127597809 -3.9542400837 -2.5042200089 -9.9432001114 
-3.9520599842 -2.4790000916 -9.9238195419 -3.9600100517 -2.5324599743 -9.9321899414 -3.9651501179 -2.5337700844 -9.8981199265 
-3.9483499527 -2.4770998955 -9.9551296234 -3.9502799511 -2.500590086 -9.9698600769 -3.9542400837 -2.5267701149 -9.9654502869 
-3.9452700615 -2.4501700401 -9.9353399277 -2.968100071 -2.499409914 -10.164299965 -2.9663999081 -2.5130600929 -10.131699562 
-2.9644899368 -2.480809927 -10.135899544 -2.9660899639 -2.4612998962 -10.160400391 -2.9699699879 -2.5040700436 -10.195799828 
-2.9674499035 -2.4723899364 -10.189399719 -2.9731500149 -2.526829958 -10.201999664 -4.0744199753 -3.2126998901 -9.5345697403 
-4.0799598694 -3.1859300137 -9.5599498749 -4.0477900505 -3.2284100056 -9.527759552 -4.0473299026 -3.2073500156 -9.5529003143 
-4.0986299515 -3.1550700665 -9.5761299133 -4.0698800087 -3.1649200916 -9.5865898132 -4.0472297668 -3.1851100922 -9.5776596069 
-2.7852900028 -2.4047598839 -9.7013902664 -3.3147099018 -2.0161399841 -9.8275699615 -3.7721700668 -2.8370499611 -10.445300102 
-3.2086999416 -3.1235399246 -9.6297903061 -3.9203400612 -2.6132600307 -9.5733995438 -3.7359499931 -2.1580998898 -9.653550148 
-3.2187399864 -2.0471599102 -10.005599976 -2.973400116 -2.7408599854 -10.01570034 -4.1538500786 -2.9941000938 -9.589220047 
-4.1811199188 -2.9759099483 -9.5309696198 -3.3261799812 -2.9693601131 -10.07820034 -3.0224299431 -2.6396598816 -10.534899712 
-3.118350029 -2.6104700565 -10.777600288 -2.7142999172 -2.5355100632 -9.6345500946 -3.7772600651 -1.9337199926 -10.549300194 
-3.7532200813 -1.9138599634 -10.554699898 -3.9522099495 -2.8814198971 -9.8766498566 -3.9783699512 -2.8766601086 -9.8468599319 
-3.998759985 -2.8410000801 -9.8376903534 -4.0017499924 -2.8735399246 -9.8162298203 -4.0187301636 -2.8408200741 -9.8026895523 
-4.0349302292 -2.8374700546 -9.7725095749 -3.9771800041 -2.9075400829 -9.8255701065 -4.0157499313 -2.8111801147 -9.8164596558 
-4.0293498039 -2.8105099201 -9.7867202759 -3.2699298859 -2.0284099579 -10.042900085 -3.2859098911 -2.0216898918 -10.014300346 
-3.2665500641 -2.0316200256 -10.082900047 -3.2396600246 -2.0389699936 -10.027400017 -3.2628800869 -2.0290400982 -10.009300232 
-3.9100699425 -2.0176100731 -10.622699738 -3.8862600327 -1.9972000122 -10.605899811 -3.9216198921 -2.0479300022 -10.60929966 
-3.9317100048 -2.0384700298 -10.641599655 -3.8985700607 -2.0264699459 -10.591600418 -3.8612298965 -1.9785900116 -10.590800285 
-3.8737900257 -2.0059599876 -10.575900078 -4.0465598106 -2.832269907 -9.7482795715 -4.0411801338 -2.809319973 -9.7581996918 
-3.2432999611 -2.0413300991 -10.097999573 -3.2416400909 -2.036730051 -10.000499725 -3.7479801178 -2.8524301052 -10.472499847 
-3.790790081 -2.8183300495 -10.464400291 -3.8013100624 -2.8116800785 -10.439100266 -3.7721199989 -2.8321399689 -10.481699944 
-3.7201900482 -2.8712799549 -10.472299576 -3.7037699223 -2.884360075 -10.447899818 -3.7508699894 -2.8458399773 -10.501899719 
-3.7316598892 -2.8607599735 -10.493100166 -3.5345799923 -2.9419600964 -10.31000042 -3.9394099712 -2.5771899223 -10.086500168 
-3.9432899952 -2.5644700527 -10.060199738 -3.3151900768 -2.878770113 -10.654100418 -3.8260600567 -2.3685700893 -9.5720300674 
-3.809030056 -2.3649499416 -9.5551996231 -3.7851200104 -2.3637900352 -9.5319795609 -4.0035099983 -2.783839941 -9.8494501114 
-4.0129098892 -2.7837700844 -9.8274002075 -4.0034799576 -2.8069698811 -9.8430700302 -4.0076298714 -2.7602899075 -9.8425598145 
-4.0009198189 -2.736109972 -9.8612499237 -3.9894399643 -2.7389199734 -9.8928203583 -3.0413000584 -2.4237399101 -10.741900444 
-3.0343999863 -2.3669300079 -10.731699944 -3.0400400162 -2.3942298889 -10.745699883 -3.0438098907 -2.4569399357 -10.736700058 
-3.138299942 -2.5267601013 -10.877099991 -3.1200299263 -2.4953200817 -10.871399879 -3.1551198959 -2.5538098812 -10.879300117 
-3.2134399414 -2.0846099854 -9.622179985 -3.7085599899 -2.5220301151 -11.145000458 -3.7289099693 -2.4950098991 -11.169400215 
-3.7350599766 -2.4739699364 -11.193599701 -3.7106399536 -2.4823100567 -11.195899963 -3.1518499851 -2.0275700092 -11.054599762 
-3.1197299957 -2.1178700924 -10.10929966 -3.8370900154 -1.9627599716 -10.57820034 -3.8264200687 -1.9436199665 -10.58920002 
-3.2355799675 -2.8839199543 -10.569999695 -3.7434999943 -3.0337400436 -9.6939096451 -3.8160300255 -3.0427498817 -9.7316398621 
-3.8315401077 -3.0585401058 -9.7146100998 -3.0535099506 -2.4454100132 -10.764800072 -3.9788999557 -3.1362099648 -9.6512498856 
-3.9568200111 -3.1228098869 -9.6691999435 -3.8965699673 -3.1121799946 -9.6796998978 -3.9335598946 -3.1070098877 -9.6875495911 
-3.4779698849 -2.8118801117 -10.805100441 -3.4851799011 -2.7960999012 -10.828100204 -2.9854700565 -2.3180301189 -10.11550045 
-3.9035699368 -2.3074300289 -10.194299698 -2.8632900715 -2.6422801018 -9.9098501205 -3.1934700012 -2.0677900314 -10.222900391 
-3.2223699093 -3.0106201172 -9.9665699005 -3.1918699741 -3.0064399242 -9.9570598602 -3.9387600422 -2.4472799301 -10.002200127 
-3.8187999725 -2.9579699039 -9.8907299042 -3.539730072 -2.9394299984 -10.281999588 -3.1680901051 -2.3041501045 -11.073800087 
-3.9315099716 -2.1475200653 -10.529100418 -3.9268701077 -2.1181499958 -10.546500206 -3.9069499969 -2.0942399502 -10.532899857 
-3.8610200882 -2.751470089 -10.219099998 -3.8516499996 -2.7664198875 -10.198800087 -3.8448998928 -2.7716801167 -10.229700089 
-3.827739954 -2.7933199406 -10.205499649 -3.8423500061 -2.7821700573 -10.172499657 -3.8231999874 -2.7954800129 -10.24450016 
-3.8376600742 -3.1325800419 -9.6245098114 -3.8291900158 -3.1455800533 -9.5933103561 -3.2782599926 -2.2918999195 -11.245599747 
-3.2480199337 -2.8963599205 -10.541000366 -3.1149001122 -2.9374001026 -9.9951896667 -4.0842399597 -3.1396501064 -9.5997200012 
-4.1113801003 -3.1250998974 -9.58893013 -3.9452600479 -2.7661099434 -9.9794397354 -3.9840500355 -2.9336900711 -9.799030304 
-3.9568800926 -2.9385700226 -9.8203401566 -3.9604399204 -2.9611699581 -9.7975301743 -3.9891400337 -2.9597098827 -9.7763299942 
-3.9478499889 -2.922729969 -9.8432197571 -3.9342699051 -2.9602899551 -9.8171796799 -3.9346599579 -2.9427599907 -9.8349599838 
-3.9586899281 -2.9001801014 -9.852399826 -3.9126200676 -2.5339701176 -9.607509613 -2.9953899384 -2.29302001 -10.130599976 
-3.0058898926 -2.2664000988 -10.113800049 -3.008660078 -2.2647600174 -10.149399757 -2.9946799278 -2.2990500927 -10.163000107 
-2.9860498905 -2.3214199543 -10.144800186 -2.978760004 -2.3443000317 -10.132100105 -3.9733099937 -2.7073400021 -9.941570282 
-3.9689700603 -2.6776299477 -9.9577903748 -3.9786798954 -2.6791601181 -9.9264602661 -3.9770898819 -2.7372500896 -9.9245996475 
-3.9651999474 -2.7347400188 -9.9540700912 -3.9841799736 -2.7086999416 -9.9103097916 -3.9728200436 -2.6496300697 -9.9423599243 
-3.9640100002 -2.6489899158 -9.9742898941 -3.9812200069 -2.6515901089 -9.9105997086 -3.9877099991 -2.6805999279 -9.8957796097 
-3.9394700527 -2.0273499489 -10.671999931 -3.9448399544 -2.145829916 -10.560299873 -3.9466700554 -2.1759300232 -10.538999557 
-3.9196200371 -2.0873999596 -10.56289959 -3.041079998 -2.5919098854 -10.65320015 -3.0387499332 -2.6194300652 -10.623200417 
-3.02760005 -2.5899200439 -10.619999886 -3.055079937 -2.6296200752 -10.651900291 -3.05114007 -2.5740299225 -10.688300133 
-3.0604100227 -2.6079699993 -10.680999756 -3.0257298946 -2.6091899872 -10.594499588 -3.0173900127 -2.5819299221 -10.593700409 
-2.9618198872 -2.5239200592 -10.101200104 -2.9612898827 -2.4923698902 -10.109399796 -3.9995200634 -3.1476299763 -9.6341495514 
-3.9892199039 -3.1129701138 -9.6711196899 -4.0092701912 -3.1265099049 -9.6516895294 -3.9948499203 -3.1682400703 -9.6132898331 
-2.7382800579 -2.751349926 -9.7020597458 -2.7460999489 -2.7375600338 -9.733039856 -3.2766299248 -2.0295100212 -10.134900093 
-3.2613201141 -2.0346701145 -10.11590004 -3.8592200279 -2.0133399963 -10.546199799 -3.8854100704 -2.0348699093 -10.560400009 
-3.8482999802 -1.9868500233 -10.56289959 -3.8331398964 -1.9924099445 -10.535699844 -3.8428599834 -2.0176000595 -10.517900467 
-3.8969700336 -2.0648400784 -10.546299934 -3.9099199772 -2.0565500259 -10.577500343 -4.0568199158 -2.8409500122 -9.7266702652 
-3.4565498829 -2.4876201153 -11.197299957 -4.0417900085 -2.7370800972 -9.5866098404 -4.0533299446 -2.7567899227 -9.5583000183 
-4.065489769 -2.7693300247 -9.5895996094 -4.0563898087 -2.7556700706 -9.6179103851 -4.0409097672 -2.7293899059 -9.6209802628 
-4.0409002304 -2.7499699593 -9.5336503983 -4.0622301102 -2.7713799477 -9.5271396637 -4.0767002106 -2.7840199471 -9.5614404678 
-3.7248799801 -3.0243999958 -9.7159795761 -3.9612898827 -3.1974198818 -9.5803003311 -3.9904301167 -3.1888599396 -9.5900297165 
-4.0408401489 -2.7273199558 -9.6453800201 -3.5943100452 -2.9218399525 -10.533599854 -3.1390900612 -2.0303199291 -10.633199692 
-3.6739799976 -2.9006700516 -10.275300026 -3.6997199059 -2.8885400295 -10.28219986 -2.906840086 -2.9966800213 -9.7263002396 
-3.3189399242 -2.8968698978 -10.625300407 -3.1573901176 -2.5334699154 -10.899499893 -3.1421999931 -2.5072600842 -10.898300171 
-3.1744799614 -2.5578598976 -10.901599884 -3.8055100441 -2.6150999069 -10.929100037 -3.7931001186 -2.6350500584 -10.913000107 
-2.9867401123 -2.4017300606 -10.46969986 -2.9920699596 -2.4412999153 -10.545800209 -2.9835300446 -2.4061200619 -10.443300247 
-3.0646901131 -2.4411399364 -10.793299675 -3.0641798973 -2.4633200169 -10.781499863 -3.0520501137 -2.4100999832 -10.774100304 
-3.0734300613 -2.4646298885 -10.801300049 -3.0673201084 -2.4135799408 -10.810899734 -3.0803499222 -2.447799921 -10.824899673 
-3.3469600677 -2.8935000896 -10.646900177 -3.3774600029 -2.9027600288 -10.643899918 -3.4243199825 -2.7994298935 -10.81400013 
-3.228689909 -2.0888900757 -9.5941896439 -3.9373099804 -2.3855400085 -10.285900116 -3.94272995 -2.4118800163 -10.29940033 
-3.9356899261 -2.6550400257 -9.5505504608 -3.9312798977 -2.6705899239 -9.530380249 -3.9264500141 -2.6363499165 -9.5625200272 
-3.3836700916 -2.0025799274 -9.8521995544 -3.402299881 -1.9995000362 -9.8742704391 -3.381829977 -2.0009100437 -9.8828296661 
-3.374819994 -2.0071699619 -9.8158903122 -3.4072499275 -2.0035800934 -9.8231496811 -3.4180300236 -2.0003099442 -9.8535203934 
-3.3493299484 -2.007999897 -9.8408498764 -3.3560500145 -2.0043199062 -9.8764696121 -3.4006199837 -1.9988000393 -9.899939537 
-3.9687199593 -2.5302300453 -9.736869812 -4.1192297935 -2.9412798882 -9.6406602859 -4.1036000252 -2.9840099812 -9.6613302231 
-4.1078000069 -2.961220026 -9.6583404541 -3.2990601063 -2.9602999687 -10.082500458 -3.2881000042 -2.9084599018 -10.233599663 
-2.8662800789 -2.6059100628 -9.9137601852 -2.9796700478 -2.4350099564 -10.434000015 -3.5508799553 -1.7948499918 -10.6541996 
-3.7395598888 -2.7857499123 -10.724900246 -3.0199398994 -2.2511899471 -10.234100342 -3.0257999897 -2.2427299023 -10.265199661 
-3.8163199425 -1.9975500107 -10.508600235 -3.8064699173 -1.9730199575 -10.528400421 -2.7847399712 -2.4243099689 -9.7234697342 
-3.8235399723 -1.9686399698 -10.553500175 -3.8149600029 -1.948119998 -10.569999695 -3.8116099834 -2.7978200912 -10.46570015 
-3.7948400974 -2.8104801178 -10.491200447 -3.689440012 -2.8885099888 -10.478500366 -3.7086501122 -2.8743801117 -10.500800133 
-2.6991400719 -2.7772099972 -9.5412302017 -4.0631198883 -2.8182399273 -9.7036104202 -4.0518498421 -2.8116700649 -9.7308397293 
-4.0648899078 -2.7948899269 -9.6791000366 -4.0753598213 -2.8257699013 -9.6758403778 -4.0703701973 -2.8493599892 -9.6999101639 
-3.9314200878 -3.0057899952 -9.7731599808 -3.9311599731 -3.0271100998 -9.7539396286 -3.905009985 -3.0211598873 -9.7651996613 
-3.905479908 -2.999119997 -9.7895097733 -3.9514400959 -3.0136899948 -9.7588796616 -3.9628200531 -2.9890899658 -9.7728500366 
-3.9337201118 -2.982640028 -9.794719696 -3.9555499554 -3.0329101086 -9.7430200577 -3.9349300861 -3.0451700687 -9.7388095856 
-3.9108099937 -3.043309927 -9.743180275 -3.8764200211 -3.0381200314 -9.7493200302 -3.8772599697 -3.0132799149 -9.7798099518 
-3.9314000607 -3.2031099796 -9.5663003922 -3.9268200397 -3.2204799652 -9.5378599167 -3.9151899815 -2.4447000027 -11.015800476 
-3.9133200645 -2.6514499187 -9.5397195816 -3.704859972 -2.2248499393 -9.54708004 -3.1281599998 -2.1144499779 -10.286700249 
-3.1201701164 -2.1228499413 -10.255599976 -2.9921000004 -2.3094699383 -10.196000099 -3.0156099796 -2.2568399906 -10.206199646 
-3.0051000118 -2.2765500546 -10.185899734 -4.1058897972 -2.852050066 -9.6208696365 -4.1028199196 -2.8732600212 -9.6456098557 
-4.0952100754 -2.846820116 -9.6430397034 -4.1182799339 -2.8825500011 -9.6193504333 -4.0904598236 -2.8213200569 -9.6251096725 
-4.1033802032 -2.8306200504 -9.5951004028 -4.1184802055 -2.8595700264 -9.5948095322 -4.1113801003 -2.9066801071 -9.6451597214 
-4.0864801407 -2.8574900627 -9.6698999405 -4.0930500031 -2.8950400352 -9.6719903946 -4.08562994 -2.8310101032 -9.6529197693 
-3.7886900902 -2.7393798828 -10.743000031 -3.7558300495 -2.7575399876 -10.755800247 -3.4476699829 -2.8143200874 -10.798100471 
-3.9378399849 -2.5844399929 -10.457699776 -2.7723999023 -2.4710199833 -9.7435903549 -2.7867600918 -2.4438900948 -9.7444696426 
-3.1945300102 -2.5619800091 -10.9229002 -3.1961500645 -2.5359098911 -10.94810009 -3.8298499584 -2.996049881 -9.8172702789 
-3.7430000305 -2.6985900402 -10.867400169 -3.8639500141 -2.215460062 -10.234100342 -3.8462400436 -2.1888899803 -10.234199524 
-3.8635900021 -2.2038600445 -10.263199806 -3.1064300537 -2.1357600689 -10.280599594 -3.0687999725 -2.5914700031 -10.710000038 
-3.7521400452 -2.8940999508 -10.058600426 -3.7305500507 -2.9098100662 -10.047699928 -3.727410078 -2.8980801105 -10.074899673 
-3.440969944 -2.5064599514 -11.170900345 -3.4231300354 -2.4834699631 -11.1875 -3.462980032 -2.0117299557 -9.7719497681 
-3.4220399857 -2.0121700764 -9.7664699554 -3.4773800373 -2.0208499432 -9.7373104095 -3.5034101009 -2.0181500912 -9.7608299255 
-3.432790041 -2.0062799454 -9.79845047 -3.4676599503 -2.0057001114 -9.8097295761 -3.4994499683 -2.0111401081 -9.793419838 
-3.39041996 -2.0150499344 -9.7599601746 -3.398720026 -2.0085999966 -9.7909097672 -3.8583300114 -2.7738900185 -10.143400192 
-3.0897099972 -2.2024099827 -10.898300171 -3.0826900005 -2.2118399143 -10.874300003 -3.9539999962 -3.0567500591 -9.7264995575 
-3.9247999191 -3.0637800694 -9.7255601883 -3.9766199589 -3.0122900009 -9.7493495941 -3.9860599041 -3.0400099754 -9.7277202606 
-3.0306398869 -2.3363900185 -10.715600014 -3.8472800255 -3.0233099461 -9.7689199448 -3.8415799141 -3.0419800282 -9.7405099869 
-3.8516700268 -3.0048201084 -9.797249794 -2.7661299706 -2.4029099941 -9.6495103836 -2.771009922 -2.4110798836 -9.6789102554 
-3.0715498924 -2.7488899231 -10.481699944 -3.1894900799 -2.1098899841 -9.5574703217 -3.1634500027 -2.1187000275 -9.5515298843 
-3.2179899216 -2.1012001038 -9.5638904572 -2.9786100388 -2.3600399494 -10.233400345 -2.9754600525 -2.379940033 -10.266900063 
-3.0111100674 -2.6045598984 -10.533599854 -3.2303800583 -2.8831999302 -10.293899536 -3.9622499943 -3.2175700665 -9.5524196625 
-3.9842000008 -3.2054800987 -9.5698795319 -3.9933600426 -3.2172501087 -9.5539999008 -3.987869978 -3.2334699631 -9.5322999954 
-3.8575398922 -2.3934900761 -9.598449707 -3.8363399506 -2.3905899525 -9.574139595 -3.0812599659 -2.1353199482 -10.768799782 
-3.8270199299 -2.1897099018 -9.9928798676 -3.8409600258 -2.2087800503 -10.014699936 -3.2288000584 -2.8919000626 -10.16989994 
-3.669260025 -2.477230072 -11.218999863 -3.6859099865 -2.4865999222 -11.201199532 -3.1773900986 -1.9356600046 -10.862199783 
-3.781069994 -3.1055500507 -9.5984897614 -3.8087201118 -3.1223499775 -9.6109304428 -3.7988700867 -3.1323699951 -9.5744800568 
-3.7704598904 -3.1081900597 -9.5668401718 -3.7568800449 -3.0839500427 -9.5884599686 -3.747989893 -3.064909935 -9.6066799164 
-3.8568201065 -2.9893300533 -9.8199300766 -3.8794300556 -2.993060112 -9.8066101074 -3.0156300068 -2.2444400787 -10.093700409 
-3.0198800564 -2.2402100563 -10.123700142 -3.02470994 -2.2348198891 -10.151200294 -3.020430088 -2.2450299263 -10.178799629 
-3.11322999 -2.2702600956 -10.970000267 -3.1285998821 -2.2738499641 -11.006199837 -3.0962998867 -2.2364799976 -10.926600456 
-4.0953001976 -3.1105101109 -9.6132202148 -4.0585598946 -3.1507198811 -9.6063699722 -4.0670199394 -3.1273200512 -9.6217498779 
-4.1215200424 -3.0938899517 -9.5994300842 -3.0234398842 -2.6247398853 -10.565400124 -3.0150299072 -2.5954899788 -10.567500114 
-3.8471500874 -2.2156898975 -9.9813098907 -3.8520898819 -2.2254400253 -10.039600372 -3.2451798916 -3.0450499058 -9.9163799286 
-3.260529995 -3.0375699997 -9.9369096756 -3.8296101093 -2.19156003 -9.9681196213 -3.8522200584 -2.6871199608 -10.724399567 
-3.8250000477 -2.727339983 -10.702899933 -3.8336999416 -2.7091999054 -10.720899582 -3.9663200378 -2.7615499496 -9.9395704269 
-3.9528999329 -2.7788701057 -9.9562597275 -3.9569699764 -2.7561600208 -9.9620800018 -2.946160078 -2.5559999943 -10.044599533 
-2.9469099045 -2.5821499825 -10.040499687 -3.1470201015 -2.0896201134 -10.016599655 -3.7218799591 -1.84296 -10.633600235 
-3.8468499184 -2.4214200974 -9.5747499466 -4.0637598038 -3.0272700787 -9.686750412 -4.0393300056 -3.0448899269 -9.6964597702 
-4.0447301865 -3.0184600353 -9.7055902481 -4.0630297661 -3.0047600269 -9.6964998245 -4.0601601601 -3.0562000275 -9.6752004623 
-4.084499836 -3.0018200874 -9.6775999069 -4.0850801468 -3.0345299244 -9.6649599075 -4.0315699577 -3.0734701157 -9.6838102341 
-4.0097799301 -3.0589499474 -9.7051496506 -4.0200400352 -3.0305500031 -9.7162504196 -4.0486698151 -2.9936099052 -9.7125701904 
-4.0299501419 -3.0072600842 -9.721280098 -3.1194899082 -2.1121098995 -10.03180027 -4.0611200333 -2.7701399326 -9.6507997513 
-3.8483300209 -3.1187798977 -9.6527700424 -3.1610600948 -2.3232600689 -11.05039978 -3.1519200802 -2.2941401005 -11.047800064 
-3.14564991 -2.272949934 -11.044400215 -3.9449100494 -2.4790000916 -9.9901895523 -3.9417700768 -2.4480500221 -9.9687004089 
-3.1845600605 -3.120579958 -9.6492595673 -3.0006899834 -2.3469099998 -10.528300285 -3.5866999626 -1.9768899679 -10.326100349 
-3.5711100101 -1.9824800491 -10.301300049 -3.0639801025 -2.7728800774 -10.123200417 -3.8600399494 -2.9600999355 -9.8632802963 
-3.8438100815 -2.953389883 -9.883190155 -3.8916800022 -2.9479000568 -9.8607196808 -3.9351599216 -2.9105501175 -9.8676900864 
-3.9215099812 -2.9343900681 -9.8547096252 -3.0360200405 -2.2240300179 -10.243200302 -3.0324399471 -2.2272899151 -10.209300041 
-3.0466899872 -2.2068901062 -10.227899551 -3.0520100594 -2.2004599571 -10.251299858 -3.0421700478 -2.2162299156 -10.272000313 
-3.0526599884 -2.1968901157 -10.204299927 -3.0405600071 -2.2114601135 -10.170900345 -3.8938798904 -3.0637500286 -9.7253103256 
-3.8615999222 -3.0616099834 -9.7217597961 -3.8787899017 -3.0860500336 -9.7025098801 -3.9119699001 -3.0871300697 -9.706319809 
-3.847630024 -3.0808498859 -9.6967802048 -3.4554100037 -2.7980399132 -10.822199821 -3.9743800163 -2.6216700077 -9.9252595901 
-3.9671299458 -2.5907800198 -9.940489769 -3.9744501114 -2.5944700241 -9.9055700302 -3.9662098885 -2.6197400093 -9.9600000381 
-3.9590399265 -2.5871601105 -9.9791297913 -3.9669799805 -2.5628499985 -9.9184103012 -3.9598898888 -2.5584599972 -9.9553804398 
-3.0863599777 -2.4813001156 -10.818799973 -3.098170042 -2.1366000175 -10.099499702 -3.1138000488 -2.1199400425 -10.071700096 
-3.0852200985 -2.147550106 -10.075200081 -3.050080061 -2.1919300556 -10.107299805 -3.0616800785 -2.1741199493 -10.078000069 
-3.9480800629 -2.5481100082 -10.461799622 -3.7384700775 -2.8638699055 -10.211299896 -3.781899929 -2.8337099552 -10.211299896 
-3.7593400478 -2.8501999378 -10.227499962 -3.8030400276 -2.815500021 -10.226599693 -3.9200599194 -2.6286599636 -10.625 
-3.3233098984 -2.0108098984 -9.8671102524 -3.049380064 -2.2064399719 -10.300299644 -3.0397400856 -2.2224199772 -10.324399948 
-3.0675599575 -2.1808700562 -10.304200172 -3.0591299534 -2.1918299198 -10.277199745 -3.0326299667 -2.2330400944 -10.29489994 
-3.5215799809 -1.9956899881 -10.222299576 -3.2366099358 -1.843479991 -10.908699989 -3.226569891 -1.8583300114 -10.899200439 
-3.799669981 -2.8002700806 -10.526900291 -3.8188099861 -2.7856500149 -10.495300293 -3.1754899025 -2.536730051 -10.92140007 
-3.2272400856 -2.2117700577 -11.228500366 -3.2139499187 -2.2138199806 -11.20470047 -3.2103600502 -2.1836099625 -11.213700294 
-3.2434000969 -2.2387599945 -11.236800194 -3.3715898991 -3.0951199532 -9.7370700836 -3.3317699432 -3.0986399651 -9.7566995621 
-3.3426198959 -3.1003599167 -9.7336797714 -2.9004399776 -2.2388699055 -9.5326099396 -2.8796699047 -2.2535400391 -9.5406703949 
-2.9216399193 -2.2257299423 -9.5369195938 -3.2553799152 -3.0062398911 -9.9891300201 -3.2875499725 -3.0196099281 -9.9793796539 
-3.257529974 -3.0238599777 -9.9607000351 -3.2893300056 -3.0006699562 -10.011899948 -3.2341499329 -3.03008008 -9.9397296906 
-3.9071099758 -2.7406799793 -10.077699661 -3.8905398846 -2.7587399483 -10.092499733 -3.8761999607 -2.7645299435 -10.116100311 
-3.8176100254 -2.6193699837 -10.90569973 -3.1683599949 -2.8865699768 -10.103199959 -3.1504299641 -2.8637399673 -10.118599892 
-3.9486000538 -2.5129199028 -9.9949302673 -3.8204700947 -2.4166100025 -9.5481500626 -3.9443399906 -2.0164299011 -10.695599556 
-3.9359400272 -2.5921700001 -10.105799675 -2.9818298817 -2.3437900543 -10.202500343 -2.9221999645 -3.016710043 -9.7077198029 
-3.0814199448 -2.1460900307 -10.798800468 -3.0723700523 -2.1663100719 -10.775400162 -3.074559927 -2.1771199703 -10.807800293 
-3.0655100346 -2.1986000538 -10.783399582 -3.7961800098 -2.798429966 -10.565500259 -3.9272999763 -2.3793799877 -9.93708992 
-3.9239599705 -2.3640599251 -9.9080495834 -3.9699399471 -2.0226399899 -10.753199577 -3.9555900097 -2.0191099644 -10.71930027 
-3.3641600609 -3.1003201008 -9.619720459 -2.9568300247 -2.5692501068 -10.067500114 -2.9528899193 -2.5345499516 -10.06649971 
-3.6740899086 -2.9028999805 -10.144100189 -3.6380400658 -2.9147601128 -10.173199654 -4.0980601311 -2.9341499805 -9.6710596085 
-4.0758600235 -2.9507501125 -9.6980304718 -4.0776700974 -2.9171299934 -9.6978397369 -4.0912899971 -2.9687900543 -9.6780595779 
-4.0702900887 -2.9812600613 -9.697429657 -4.0537500381 -2.966449976 -9.7171201706 -4.0755600929 -2.8824698925 -9.6981897354 
-2.987459898 -2.2292098999 -9.8593702316 -3.0251200199 -2.2250699997 -10.07159996 -3.0310399532 -2.2189199924 -10.101099968 
-3.1959500313 -3.133589983 -9.5631103516 -3.2021200657 -3.1282498837 -9.597029686 -3.222630024 -3.1333599091 -9.5437097549 
-3.1933300495 -3.1386098862 -9.5290203094 -3.1617801189 -3.1379499435 -9.545630455 -3.1692099571 -3.1311099529 -9.5840301514 
-3.1767199039 -3.1254398823 -9.617650032 -2.6966900826 -2.7137100697 -9.5788002014 -3.2133100033 -2.8941700459 -10.141400337 
-3.1418199539 -2.3097600937 -11.020000458 -3.9417901039 -2.427850008 -9.9159698486 -3.9366700649 -2.4158799648 -9.9455900192 
-2.9703700542 -2.3977200985 -10.174900055 -2.9693698883 -2.4145400524 -10.208900452 -2.9674201012 -2.4371700287 -10.183899879 
-2.9741098881 -2.3689301014 -10.150799751 -2.9768800735 -2.3607499599 -10.177499771 -2.9665501118 -2.4274098873 -10.153300285 
-2.9740200043 -2.3786199093 -10.205699921 -2.9721000195 -2.3954000473 -10.235199928 -2.9674799442 -2.4498701096 -10.213299751 
-3.3448901176 -2.012830019 -9.805560112 -3.3203599453 -2.0201299191 -9.7883901596 -3.0395801067 -2.2780299187 -10.727600098 
-3.0943899155 -2.1354401112 -10.04240036 -3.9344599247 -2.3986899853 -9.911939621 -3.1376299858 -2.2649099827 -11.029600143 
-3.1406800747 -2.2830600739 -11.029600143 -3.5643000603 -3.0399000645 -9.6921195984 -3.5212700367 -2.0009899139 -10.193099976 
-3.7996499538 -1.9514100552 -10.548500061 -3.5903599262 -2.9293999672 -10.275600433 -3.5641698837 -2.9363100529 -10.295000076 
-3.6211700439 -2.9118099213 -10.539500237 -3.8000400066 -2.8178799152 -10.261500359 -3.7798600197 -2.8349900246 -10.244000435 
-3.7757298946 -2.8389999866 -10.277199745 -3.7959198952 -2.8221900463 -10.295900345 -3.0071399212 -2.5800700188 -10.546999931 
-3.184969902 -2.8552000523 -10.288999557 -3.2020900249 -2.8680698872 -10.310099602 -3.841160059 -2.6319000721 -10.847200394 
-3.8300199509 -2.6255300045 -10.876799583 -2.9412000179 -2.2869598866 -9.8501300812 -2.6938400269 -2.7406799793 -9.5500202179 
-4.0499200821 -2.7447900772 -9.6396398544 -3.8959200382 -2.7724399567 -10.065500259 -3.3609099388 -2.019589901 -9.7526702881 
-2.9717400074 -2.2355000973 -9.8207197189 -3.9448900223 -3.0820200443 -9.7088603973 -3.9773600101 -3.0716199875 -9.7092895508 
-3.2523999214 -1.8260799646 -10.903800011 -3.2652800083 -1.8046900034 -10.927100182 -3.0711100101 -2.3843300343 -10.831000328 
-3.0856800079 -2.3896999359 -10.863599777 -3.0824699402 -2.4174599648 -10.84430027 -3.0570299625 -2.3780899048 -10.796299934 
-3.0622999668 -2.3479199409 -10.817500114 -3.1001899242 -2.4225699902 -10.879400253 -3.0938799381 -2.4437499046 -10.855099678 
-3.3444499969 -2.0174601078 -9.776720047 -3.3683800697 -2.0126800537 -9.7833995819 -3.820499897 -2.217689991 -9.7002801895 
-3.0882198811 -2.2269101143 -10.899299622 -3.9519400597 -2.5491199493 -9.9972200394 -3.0527300835 -2.2626800537 -10.775899887 
-3.0504000187 -2.2930500507 -10.778400421 -3.0464599133 -2.2707800865 -10.75399971 -3.0593400002 -2.2359399796 -10.788100243 
-3.0575699806 -2.2731800079 -10.799900055 -3.0579099655 -2.3100399971 -10.806799889 -3.0494399071 -2.3350300789 -10.780099869 
-3.0424599648 -2.3039999008 -10.751899719 -4.0760598183 -2.8047099113 -9.6505002975 -3.7534101009 -2.6761000156 -10.892700195 
-3.7814800739 -2.6589300632 -10.889200211 -3.8193700314 -2.3862600327 -9.557390213 -3.0751700401 -2.6173698902 -10.700799942 
-3.1921100616 -2.170320034 -11.183600426 -3.2002398968 -2.1489400864 -11.20870018 -3.1994099617 -2.2030100822 -11.183799744 
-3.1871199608 -2.1385700703 -11.183300018 -3.3910000324 -3.0927200317 -9.6356897354 -3.3666698933 -3.099339962 -9.6586399078 
-3.4089899063 -3.086400032 -9.6218004227 -3.4310500622 -3.0782599449 -9.6214704514 -3.7569301128 -2.8525400162 -10.258099556 
-3.7504200935 -2.8581700325 -10.287199974 -3.4583699703 -3.0674901009 -9.62059021 -3.7831199169 -3.1283099651 -9.5481700897 
-3.8022398949 -3.1491498947 -9.5412998199 -3.8347098827 -2.6630599499 -10.804100037 -4.0278201103 -2.9821200371 -9.7337799072 
-3.9970400333 -2.9853999615 -9.7544803619 -4.0066299438 -3.0100901127 -9.7347698212 -3.8301100731 -2.69927001 -10.746299744 
-3.8141798973 -2.7229800224 -10.731599808 -3.2777500153 -2.9846301079 -10.032799721 -2.9845399857 -2.3299300671 -10.173199654 
-3.3587799072 -3.1000599861 -9.7013702393 -3.0685899258 -2.8096399307 -10.083999634 -3.636300087 -3.0314199924 -9.7587404251 
-3.6147499084 -3.0342099667 -9.7383003235 -3.6112999916 -3.0376000404 -9.7636003494 -3.6236999035 -3.0352599621 -9.7885303497 
-3.6567299366 -3.0277299881 -9.7811498642 -3.5905199051 -3.037019968 -9.7171201706 -3.5847198963 -3.0434699059 -9.7526302338 
-3.8625900745 -3.1041998863 -9.6781597137 -3.8731300831 -3.1226100922 -9.6601200104 -3.9671599865 -3.0983901024 -9.6903896332 
-3.1591300964 -2.5166299343 -10.915800095 -3.1709299088 -2.5113899708 -10.936200142 -3.7251899242 -2.8517699242 -10.584500313 
-3.7128698826 -2.861989975 -10.569000244 -3.6795198917 -2.8843901157 -10.54679966 -3.7013199329 -2.8713400364 -10.552300453 
-3.7957201004 -1.9355000257 -10.565400124 -3.0680100918 -2.3194301128 -10.837599754 -3.0446500778 -2.3710000515 -10.762700081 
-4.0058598518 -2.6709899902 -9.8110799789 -4.0098500252 -2.7009398937 -9.8193798065 -4.0016098022 -2.678030014 -9.8391599655 
-3.0342400074 -2.2083001137 -10.05150032 -3.041670084 -2.2003901005 -10.076499939 -3.0367200375 -2.213570118 -10.132900238 
-2.9476699829 -2.4444899559 -10.042599678 -2.9506800175 -2.4716000557 -10.061300278 -3.950920105 -1.9927099943 -10.738200188 
-4.0474100113 -3.1677799225 -9.595580101 -3.9999899864 -3.0871798992 -9.6892499924 -4.0185599327 -2.7264699936 -9.8001499176 
-3.2851700783 -2.9732100964 -10.054300308 -3.7193698883 -3.0246100426 -9.6899404526 -3.6878700256 -2.1719899178 -9.585100174 
-3.2464900017 -2.0213499069 -10.345100403 -3.2232899666 -2.0377399921 -10.330699921 -3.4522399902 -2.8817899227 -10.696499825 
-3.6505999565 -2.8992099762 -10.542099953 -3.1207699776 -2.4447300434 -10.906100273 -3.1099500656 -2.4592199326 -10.877200127 
-3.1908900738 -2.2258501053 -11.156499863 -3.1832799911 -2.1907200813 -11.157099724 -3.1708300114 -2.1803998947 -11.133500099 
-3.3271698952 -2.9996500015 -10.026200294 -3.1477599144 -2.1080598831 -11.07970047 -3.6215898991 -2.9172699451 -10.491900444 
-3.080039978 -2.2438600063 -10.874099731 -3.1529099941 -2.4527599812 -10.95470047 -3.1408700943 -2.4640300274 -10.927800179 
-3.9458699226 -2.5236198902 -10.025300026 -3.9459900856 -2.5483798981 -10.036800385 -3.7366299629 -3.0586400032 -9.5841197968 
-3.7335898876 -3.0469400883 -9.6078395844 -3.7453200817 -3.0809299946 -9.5536899567 -3.7203800678 -3.0293400288 -9.6242103577 
-3.1737399101 -2.4716598988 -10.971699715 -3.1956899166 -2.4890398979 -10.987500191 -3.1838800907 -2.5016999245 -10.961600304 
-3.1616499424 -2.4824900627 -10.946000099 -3.1861701012 -2.4610099792 -10.997400284 -3.2182099819 -2.5032799244 -11.002799988 
-3.2079501152 -2.5183799267 -10.977700233 -3.2075300217 -2.4767799377 -11.012399673 -3.7202301025 -2.8748300076 -10.190699577 
-3.7368900776 -2.8654100895 -10.242099762 -3.7115399837 -2.8798100948 -10.225000381 -3.4331400394 -1.7418299913 -10.795700073 
-3.4082100391 -1.7417299747 -10.817099571 -3.0761899948 -2.1697499752 -10.2791996 -3.875109911 -2.7833199501 -10.090200424 
-3.8543601036 -2.8099400997 -10.087100029 -3.8554000854 -2.7918701172 -10.114999771 -3.8753099442 -2.8029799461 -10.063400269 
-3.0683400631 -2.1789000034 -10.255900383 -3.431210041 -2.8941400051 -10.673399925 -3.0689399242 -2.2129499912 -10.815400124 
-3.0652298927 -2.2501199245 -10.821299553 -3.5537199974 -1.9881199598 -10.27270031 -3.1045899391 -3.1311399937 -9.5659704208 
-3.1359200478 -3.1321799755 -9.57351017 -3.1252601147 -3.1383199692 -9.5414896011 -3.0869100094 -3.1238698959 -9.5855197906 
-3.1122400761 -3.1250100136 -9.5963697433 -3.1441800594 -3.1259300709 -9.6069002151 -3.6801400185 -2.2026998997 -9.547129631 
-3.6781899929 -2.182199955 -9.5658197403 -3.6567800045 -2.1840898991 -9.5476799011 -3.6594099998 -2.2047600746 -9.5298099518 
-3.7645099163 -3.1117498875 -9.5353899002 -4.0227499008 -3.1383800507 -9.635140419 -4.0199999809 -3.1557199955 -9.6191301346 
-3.8010499477 -2.7457399368 -10.71119976 -3.0905499458 -2.1529400349 -10.274499893 -3.2939999104 -1.8067100048 -10.838399887 
-3.3398599625 -1.7654700279 -10.852800369 -3.317909956 -1.7750600576 -10.869700432 -3.3193399906 -1.7863099575 -10.838299751 
-3.3417799473 -1.7743999958 -10.828100204 -3.3609900475 -1.759559989 -10.833999634 -3.2957100868 -2.382529974 -11.191100121 
-3.5502300262 -1.9969700575 -10.237500191 -4.0215101242 -3.1017100811 -9.6681404114 -2.9639899731 -2.4502999783 -10.133199692 
-2.9619100094 -2.4672100544 -10.115599632 -2.9551999569 -2.4993600845 -10.079600334 -2.9579598904 -2.4687600136 -10.091600418 
-3.5964701176 -1.9877300262 -10.303999901 -3.216809988 -2.027659893 -10.39620018 -3.2204399109 -2.0330400467 -10.362700462 
-3.0292000771 -2.3118300438 -10.701199532 -3.3043398857 -2.9862999916 -10.04090023 -2.9684700966 -2.483700037 -10.217300415 
-2.9716100693 -2.5146999359 -10.219400406 -3.8445599079 -2.9789500237 -9.841219902 -2.7637898922 -2.7159600258 -9.7826004028 
-2.7506399155 -2.7117500305 -9.7573604584 -2.7022099495 -2.7646501064 -9.5635995865 -2.9456000328 -2.4192299843 -10.021900177 
-3.6632399559 -2.9037899971 -10.24600029 -3.6910500526 -2.8915300369 -10.251700401 -3.6809499264 -2.8950901031 -10.220100403 
-3.6511499882 -2.907959938 -10.213399887 -3.6484000683 -2.9110898972 -10.271300316 -3.634360075 -2.9147200584 -10.243000031 
-3.717099905 -2.8779299259 -10.259799957 -3.6969399452 -2.8873798847 -10.19810009 -3.6734600067 -2.8991799355 -10.186200142 
-3.6550199986 -2.9047300816 -10.484199524 -3.1761300564 -2.1562800407 -11.152700424 -3.0793299675 -2.1651101112 -10.236800194 
-3.0617699623 -2.1863899231 -10.230999947 -3.7227199078 -1.8912700415 -10.562800407 -2.8399100304 -2.6463301182 -9.8837099075 
-3.7731099129 -2.826210022 -10.514399529 -3.7686400414 -2.8241400719 -10.553799629 -3.4407000542 -2.0020499229 -9.830499649 
-3.7327098846 -2.6710898876 -10.919099808 -3.8067901134 -2.6422100067 -10.883700371 -4.0220198631 -3.1761000156 -9.5969400406 
-4.0148301125 -3.2016301155 -9.5699396133 -4.0734901428 -2.7864201069 -9.6209897995 -3.3103399277 -2.9746398926 -10.062600136 
-3.2606699467 -2.2657499313 -11.242500305 -3.6254999638 -2.1634299755 -9.5481395721 -3.5975699425 -2.1395699978 -9.5586099625 
-3.5956699848 -2.1583299637 -9.5351104736 -3.5730099678 -2.1444299221 -9.5384902954 -3.3473300934 -2.7632799149 -10.833000183 
-3.9072699547 -2.977699995 -9.8140697479 -3.6754798889 -2.8908998966 -10.513699532 -3.7277200222 -3.0309200287 -9.6611099243 
-3.4488699436 -1.9998099804 -9.8597898483 -2.9797899723 -2.3450500965 -10.15569973 -3.4318199158 -2.0024299622 -10.08370018 
-3.3191699982 -2.7597200871 -10.822299957 -3.3260099888 -2.7442901134 -10.845199585 -3.3351199627 -2.7322900295 -10.864899635 
-3.2961900234 -1.7878799438 -10.884200096 -3.3018600941 -1.7923099995 -10.859199524 -3.0387101173 -2.3374199867 -10.74489975 
-3.0647799969 -2.2858200073 -10.828000069 -3.6214199066 -2.9205899239 -10.27120018 -3.6140999794 -2.9171199799 -10.517100334 
-3.7732799053 -2.764770031 -10.719400406 -3.1757900715 -2.1213800907 -11.159799576 -3.1857600212 -2.1092998981 -11.187399864 
-3.7472701073 -2.8362898827 -10.585499763 -3.8296599388 -2.9686300755 -9.8657197952 -3.208920002 -2.1148200035 -9.5308198929 
-3.1810901165 -2.1197600365 -9.5336303711 -3.9955298901 -2.6810600758 -9.8667602539 -3.3201799393 -3.0157101154 -9.9963598251 
-3.7008900642 -2.8864998817 -10.168199539 -3.6934399605 -2.9007999897 -10.109600067 -3.7069599628 -2.9021699429 -10.087200165 
-3.0710198879 -2.1602799892 -10.04679966 -4.0239100456 -2.7828099728 -9.7997999191 -3.1645700932 -2.1300299168 -11.129500389 
-3.5949099064 -2.9808499813 -9.5526599884 -3.243999958 -1.9884300232 -10.465499878 -3.2560799122 -1.9879499674 -10.444299698 
-2.8076500893 -2.6521000862 -9.8492498398 -2.823319912 -2.6454401016 -9.8657302856 -3.2393898964 -1.8461799622 -10.885199547 
-3.2593998909 -1.8275099993 -10.873600006 -3.8015499115 -2.3911800385 -9.5375204086 -3.2823200226 -1.8074899912 -10.865400314 
-3.7375099659 -2.8659300804 -10.26760006 -3.7252800465 -2.8744299412 -10.288100243 -3.9719200134 -2.532490015 -9.8230495453 
-3.9680800438 -2.5139501095 -9.7976398468 -3.9750699997 -2.541490078 -9.7933301926 -2.9592399597 -2.2605199814 -9.8468503952 
-3.9115800858 -2.9562599659 -9.8370103836 -4.082159996 -3.0661900043 -9.6519498825 -4.053150177 -3.0865700245 -9.6614303589 
-2.7869501114 -2.6566500664 -9.8258600235 -2.7690000534 -2.6947200298 -9.7972803116 -2.7667000294 -2.6650500298 -9.7978200912 
-3.9639399052 -2.5029900074 -9.7666397095 -3.0300400257 -3.1091001034 -9.591340065 -3.0604100227 -3.1179199219 -9.588139534 
-3.2739200592 -1.8056999445 -10.894800186 -4.0856399536 -2.8001499176 -9.5929098129 -4.0184202194 -3.2232999802 -9.5424203873 
-3.0980100632 -2.1447799206 -10.249699593 -3.082570076 -2.1618599892 -10.259300232 -3.2428200245 -2.0053899288 -10.415300369 
-3.3913500309 -1.9589099884 -10.371100426 -3.6485700607 -3.0282399654 -9.810210228 -3.0500400066 -2.185970068 -10.048500061 
-3.7074599266 -2.9121301174 -10.064399719 -3.971280098 -2.5279901028 -9.7716903687 -3.8194301128 -2.6478700638 -10.856100082 
-2.9293498993 -3.0114300251 -9.7319498062 -3.4396800995 -2.002229929 -10.060299873 -3.1300399303 -2.4773199558 -10.900799751 
-3.0985701084 -2.471570015 -10.848199844 -3.0349800587 -2.3087599277 -10.724100113 -4.0753798485 -3.0981800556 -9.6375999451 
-3.5968899727 -3.0418798923 -9.7791204453 -3.595099926 -3.0420598984 -9.804599762 -3.5596899986 -3.0472099781 -9.7265100479 
-3.5289900303 -3.0563800335 -9.7318401337 -3.0655999184 -2.7495698929 -10.362199783 -3.6397500038 -2.9074499607 -10.5145998 
-2.9564299583 -2.4380700588 -10.076000214 -4.0422501564 -3.118060112 -9.6440095901 -3.878880024 -2.9723300934 -9.8354196548 
-3.0738899708 -2.2285199165 -10.846400261 -3.2444000244 -2.0146100521 -10.378100395 -3.539659977 -3.0502998829 -9.7075195312 
-3.5126099586 -3.0582098961 -9.7054796219 -2.961329937 -2.4436600208 -10.106900215 -3.5952599049 -3.0399799347 -9.8312797546 
-3.2400100231 -2.5144200325 -11.01720047 -3.8291599751 -2.654599905 -10.829000473 -2.7566399574 -2.6882300377 -9.7768697739 
-3.150480032 -2.4932200909 -10.92140007 -3.7360200882 -2.1428101063 -9.6811304092 -4.0104298592 -2.7310400009 -9.8311300278 
-4.002820015 -2.7061200142 -9.8496398926 -4.0175800323 -2.7563199997 -9.814209938 -3.703150034 -2.8735098839 -10.529100418 
-3.176680088 -2.0906500816 -11.166000366 -3.9941599369 -2.7087700367 -9.879529953 -4.0418000221 -3.1419899464 -9.623169899 
-4.0381598473 -3.1589500904 -9.6085700989 -3.0720000267 -2.2631700039 -10.84980011 -3.7227098942 -2.8592500687 -10.543600082 
-3.7383799553 -2.8462600708 -10.561499596 -3.747699976 -2.8434998989 -10.531999588 -3.7280399799 -2.859639883 -10.516900063 
-2.7520198822 -2.6625800133 -9.7726202011 -3.6206400394 -3.0341899395 -9.8216695786 -3.5985600948 -2.9662699699 -9.5273199081 

POLYGONS 11430 45720
3 0 1 2 
3 0 3 1 
3 0 4 3 
3 1 3 5 
3 1 6 2 
3 1 5 7 
3 1 7 6 
3 2 8 9 
3 2 6 8 
3 3 4 10 
3 3 11 5 
3 3 10 11 
3 5 11 12 
3 5 12 13 
3 5 13 7 
3 11 14 12 
3 11 10 15 
3 11 15 14 
3 12 14 16 
3 12 16 17 
3 12 17 13 
3 14 18 16 
3 14 19 18 
3 14 15 19 
3 16 18 20 
3 16 20 21 
3 16 21 17 
3 18 22 20 
3 18 23 22 
3 18 19 23 
3 20 22 24 
3 20 24 25 
3 20 25 21 
3 22 26 24 
3 22 27 26 
3 22 23 27 
3 24 26 28 
3 24 28 29 
3 24 29 25 
3 30 31 32 
3 30 33 31 
3 30 32 34 
3 30 34 35 
3 30 36 33 
3 30 35 36 
3 31 37 32 
3 31 33 38 
3 31 39 37 
3 31 38 39 
3 32 37 40 
3 32 41 34 
3 32 40 41 
3 37 42 40 
3 37 39 43 
3 37 43 42 
3 40 44 45 
3 40 42 44 
3 40 45 41 
3 26 46 28 
3 26 47 46 
3 26 27 47 
3 28 46 48 
3 28 48 49 
3 28 49 29 
3 33 50 38 
3 33 51 50 
3 33 36 51 
3 38 50 52 
3 38 53 39 
3 38 52 53 
3 39 53 54 
3 39 54 43 
3 46 55 48 
3 46 56 55 
3 46 47 56 
3 48 55 57 
3 48 57 58 
3 48 58 49 
3 50 51 59 
3 50 60 52 
3 50 59 60 
3 52 60 61 
3 52 62 53 
3 52 61 62 
3 53 62 63 
3 53 63 54 
3 55 64 57 
3 55 65 64 
3 55 56 65 
3 57 64 66 
3 57 66 67 
3 57 67 58 
3 68 69 70 
3 68 70 71 
3 68 72 69 
3 68 71 73 
3 68 74 72 
3 68 73 74 
3 69 72 75 
3 69 76 70 
3 69 75 77 
3 69 77 76 
3 70 76 78 
3 70 79 71 
3 70 78 79 
3 80 81 59 
3 80 59 82 
3 80 83 81 
3 80 84 83 
3 80 85 84 
3 80 82 85 
3 81 83 86 
3 81 60 59 
3 81 86 87 
3 81 87 60 
3 59 88 82 
3 59 51 88 
3 60 87 61 
3 61 87 89 
3 61 90 62 
3 61 89 90 
3 62 90 91 
3 62 91 63 
3 64 92 66 
3 64 93 92 
3 64 65 93 
3 66 92 94 
3 66 94 95 
3 66 95 67 
3 72 96 75 
3 72 97 96 
3 72 74 97 
3 75 96 98 
3 75 98 99 
3 75 99 77 
3 83 100 86 
3 83 101 100 
3 83 84 101 
3 86 100 102 
3 86 102 103 
3 86 103 87 
3 87 103 89 
3 89 103 104 
3 89 105 90 
3 89 104 105 
3 90 105 106 
3 90 106 91 
3 92 107 108 
3 92 93 107 
3 92 108 94 
3 94 109 95 
3 94 108 110 
3 94 110 109 
3 96 111 98 
3 96 112 111 
3 96 97 112 
3 98 111 113 
3 98 113 114 
3 98 114 99 
3 100 115 102 
3 100 101 116 
3 100 116 115 
3 102 115 117 
3 102 117 118 
3 102 118 103 
3 103 118 104 
3 104 118 119 
3 104 120 105 
3 104 119 120 
3 105 120 121 
3 105 121 106 
3 111 122 113 
3 111 123 122 
3 111 112 123 
3 113 122 124 
3 113 124 125 
3 113 125 114 
3 126 127 128 
3 126 129 130 
3 126 131 129 
3 126 128 131 
3 126 130 132 
3 126 132 127 
3 127 132 133 
3 127 134 128 
3 127 133 135 
3 127 135 134 
3 128 134 136 
3 128 137 131 
3 128 136 137 
3 115 138 117 
3 115 116 139 
3 115 139 138 
3 117 138 140 
3 117 140 141 
3 117 141 118 
3 118 141 119 
3 119 141 142 
3 119 143 120 
3 119 142 143 
3 120 143 144 
3 120 144 121 
3 122 145 124 
3 122 146 145 
3 122 123 146 
3 124 145 147 
3 124 147 148 
3 124 148 125 
3 132 130 149 
3 132 149 150 
3 132 150 133 
3 133 150 151 
3 133 151 152 
3 133 152 135 
3 138 153 140 
3 138 154 153 
3 138 139 154 
3 140 155 156 
3 140 156 141 
3 140 153 155 
3 141 156 142 
3 142 156 157 
3 142 158 143 
3 142 157 158 
3 143 158 159 
3 143 159 144 
3 145 160 147 
3 145 161 160 
3 145 146 161 
3 147 160 162 
3 147 162 163 
3 147 163 148 
3 150 149 164 
3 150 164 165 
3 150 165 151 
3 151 166 152 
3 151 167 166 
3 151 165 167 
3 152 166 168 
3 152 168 169 
3 152 169 135 
3 156 170 157 
3 156 155 170 
3 157 170 171 
3 157 172 158 
3 157 171 172 
3 158 172 173 
3 158 173 159 
3 174 175 176 
3 174 177 175 
3 174 178 177 
3 174 176 179 
3 174 180 178 
3 174 179 180 
3 175 177 181 
3 175 182 176 
3 175 181 183 
3 175 183 182 
3 176 184 185 
3 176 182 184 
3 176 185 179 
3 160 186 162 
3 160 187 186 
3 160 161 187 
3 162 186 188 
3 162 188 189 
3 162 189 163 
3 190 191 155 
3 190 155 153 
3 190 192 191 
3 190 193 192 
3 190 194 193 
3 190 153 194 
3 191 192 195 
3 191 170 155 
3 191 195 196 
3 191 196 170 
3 170 196 171 
3 171 196 197 
3 171 198 172 
3 171 197 198 
3 172 199 173 
3 172 198 199 
3 177 200 181 
3 177 201 200 
3 177 178 201 
3 181 200 202 
3 181 202 203 
3 181 203 183 
3 186 204 188 
3 186 205 204 
3 186 187 205 
3 188 204 206 
3 188 206 207 
3 188 207 189 
3 192 208 195 
3 192 209 208 
3 192 193 209 
3 195 208 210 
3 195 210 211 
3 195 211 196 
3 196 211 197 
3 197 211 212 
3 197 212 213 
3 197 213 198 
3 200 214 202 
3 200 215 214 
3 200 201 215 
3 202 214 216 
3 202 216 217 
3 202 217 203 
3 204 218 206 
3 204 219 218 
3 204 205 219 
3 206 218 220 
3 206 220 221 
3 206 221 207 
3 208 222 210 
3 208 223 222 
3 208 209 223 
3 210 222 224 
3 210 224 225 
3 210 225 211 
3 211 225 212 
3 212 225 226 
3 212 227 213 
3 212 226 227 
3 228 229 230 
3 228 231 232 
3 228 233 231 
3 228 230 233 
3 228 232 234 
3 228 234 229 
3 229 234 235 
3 229 236 230 
3 229 235 237 
3 229 237 236 
3 230 236 238 
3 230 239 233 
3 230 238 239 
3 214 240 216 
3 214 241 240 
3 214 215 241 
3 216 240 242 
3 216 242 243 
3 216 243 217 
3 218 244 220 
3 218 245 244 
3 218 219 245 
3 220 244 246 
3 220 246 247 
3 220 247 221 
3 248 249 250 
3 248 251 252 
3 248 250 251 
3 248 252 253 
3 248 254 249 
3 248 253 254 
3 249 255 189 
3 249 207 250 
3 249 254 255 
3 249 189 207 
3 250 256 251 
3 250 221 256 
3 250 207 221 
3 222 257 224 
3 222 258 257 
3 222 223 258 
3 224 257 259 
3 224 259 260 
3 224 260 225 
3 225 260 226 
3 226 260 261 
3 226 261 262 
3 226 262 227 
3 234 232 263 
3 234 263 264 
3 234 264 235 
3 235 264 265 
3 235 265 266 
3 235 266 237 
3 240 267 242 
3 240 268 267 
3 240 241 268 
3 242 267 269 
3 242 269 270 
3 242 271 243 
3 242 270 271 
3 244 272 246 
3 244 273 272 
3 244 245 273 
3 246 274 247 
3 246 272 275 
3 246 275 274 
3 251 256 276 
3 251 276 252 
3 256 221 247 
3 256 247 277 
3 256 277 276 
3 257 278 259 
3 257 279 278 
3 257 258 279 
3 259 278 280 
3 259 280 281 
3 259 281 260 
3 260 281 261 
3 261 281 282 
3 261 282 283 
3 261 283 262 
3 264 263 284 
3 264 285 265 
3 264 284 285 
3 265 285 286 
3 265 286 287 
3 265 287 266 
3 267 288 269 
3 267 289 288 
3 267 268 289 
3 269 288 290 
3 269 290 291 
3 269 291 270 
3 292 252 293 
3 292 253 252 
3 292 294 295 
3 292 293 294 
3 292 296 253 
3 292 295 296 
3 252 276 293 
3 293 297 294 
3 293 298 297 
3 293 276 298 
3 278 299 280 
3 278 300 299 
3 278 279 300 
3 280 299 301 
3 280 301 302 
3 280 302 281 
3 281 302 282 
3 282 303 283 
3 282 304 303 
3 282 302 304 
3 283 305 262 
3 283 306 305 
3 283 303 306 
3 307 308 309 
3 307 310 308 
3 307 311 310 
3 307 312 311 
3 307 313 312 
3 307 309 313 
3 308 310 314 
3 308 315 309 
3 308 316 315 
3 308 314 316 
3 309 317 318 
3 309 315 317 
3 309 318 313 
3 288 319 290 
3 288 320 319 
3 288 289 320 
3 290 319 321 
3 290 321 322 
3 290 322 291 
3 294 323 295 
3 294 324 323 
3 294 297 324 
3 323 324 325 
3 323 325 326 
3 323 326 327 
3 323 327 295 
3 295 328 296 
3 295 327 328 
3 329 330 331 
3 329 331 332 
3 329 332 333 
3 329 334 330 
3 329 333 335 
3 329 335 334 
3 330 336 337 
3 330 337 338 
3 330 338 331 
3 330 334 336 
3 331 339 332 
3 331 340 339 
3 331 338 341 
3 331 341 340 
3 299 342 301 
3 299 343 342 
3 299 300 343 
3 301 342 344 
3 301 344 345 
3 301 345 302 
3 346 347 286 
3 346 348 347 
3 346 286 285 
3 346 285 349 
3 346 350 348 
3 346 349 350 
3 347 348 351 
3 347 352 286 
3 347 351 353 
3 347 353 352 
3 286 352 287 
3 310 354 314 
3 310 311 355 
3 310 355 354 
3 314 354 356 
3 314 356 357 
3 314 357 316 
3 319 358 321 
3 319 359 358 
3 319 320 359 
3 321 358 360 
3 321 360 361 
3 321 361 322 
3 362 363 297 
3 362 364 363 
3 362 365 364 
3 362 366 365 
3 362 297 298 
3 362 298 366 
3 363 364 367 
3 363 324 297 
3 363 368 324 
3 363 367 368 
3 324 368 325 
3 325 368 369 
3 325 369 370 
3 325 370 326 
3 326 371 327 
3 326 372 371 
3 326 370 372 
3 337 373 374 
3 337 336 373 
3 337 375 338 
3 337 374 375 
3 336 376 377 
3 336 377 373 
3 336 334 376 
3 348 378 351 
3 348 379 378 
3 348 350 379 
3 351 378 380 
3 351 380 381 
3 351 381 353 
3 354 382 356 
3 354 355 383 
3 354 383 382 
3 356 382 384 
3 356 384 385 
3 356 385 357 
3 358 386 360 
3 358 387 386 
3 358 359 387 
3 360 386 388 
3 360 388 389 
3 360 389 361 
3 364 365 390 
3 364 391 367 
3 364 390 391 
3 367 391 392 
3 367 392 393 
3 367 393 368 
3 376 394 395 
3 376 396 394 
3 376 397 396 
3 376 395 377 
3 376 334 397 
3 377 398 399 
3 377 399 373 
3 377 395 398 
3 395 394 400 
3 395 400 398 
3 394 401 400 
3 394 402 401 
3 394 396 402 
3 403 404 405 
3 403 405 406 
3 403 407 408 
3 403 406 407 
3 403 409 404 
3 403 408 409 
3 404 345 405 
3 404 302 345 
3 404 304 302 
3 404 409 304 
3 405 410 411 
3 405 411 406 
3 405 345 410 
3 382 412 384 
3 382 413 412 
3 382 383 413 
3 384 412 414 
3 384 414 415 
3 384 415 385 
3 386 416 388 
3 386 417 416 
3 386 387 417 
3 388 416 418 
3 388 418 419 
3 388 419 389 
3 391 390 420 
3 391 421 392 
3 391 420 421 
3 392 421 422 
3 392 422 423 
3 392 423 393 
3 393 424 369 
3 393 369 368 
3 393 423 424 
3 424 425 369 
3 424 423 426 
3 424 427 425 
3 424 426 427 
3 369 425 370 
3 425 428 370 
3 425 429 428 
3 425 430 429 
3 425 427 430 
3 399 398 431 
3 399 431 432 
3 399 432 433 
3 399 433 373 
3 398 434 431 
3 398 400 434 
3 410 345 344 
3 410 344 435 
3 410 436 411 
3 410 435 436 
3 411 437 406 
3 411 438 437 
3 411 436 438 
3 406 437 439 
3 406 439 407 
3 412 440 414 
3 412 441 440 
3 412 413 441 
3 414 440 442 
3 414 443 415 
3 414 442 443 
3 416 444 418 
3 416 445 444 
3 416 417 445 
3 418 444 446 
3 418 446 447 
3 418 447 419 
3 389 448 449 
3 389 449 361 
3 389 419 448 
3 448 419 450 
3 448 451 449 
3 448 450 452 
3 448 452 451 
3 449 453 361 
3 449 454 453 
3 449 451 454 
3 421 420 455 
3 421 456 422 
3 421 455 456 
3 422 456 457 
3 422 457 458 
3 422 458 423 
3 431 434 459 
3 431 460 432 
3 431 459 460 
3 434 461 459 
3 434 400 462 
3 434 462 461 
3 437 463 439 
3 437 464 463 
3 437 438 464 
3 438 465 464 
3 438 436 466 
3 438 466 465 
3 439 463 467 
3 439 468 407 
3 439 467 468 
3 440 469 470 
3 440 470 442 
3 440 441 469 
3 442 470 471 
3 442 471 472 
3 442 472 443 
3 444 473 446 
3 444 474 473 
3 444 445 474 
3 446 473 475 
3 446 475 476 
3 446 476 447 
3 419 447 450 
3 450 447 477 
3 450 477 478 
3 450 478 452 
3 479 480 455 
3 479 455 481 
3 479 482 480 
3 479 483 482 
3 479 481 484 
3 479 484 483 
3 480 482 485 
3 480 456 455 
3 480 485 486 
3 480 486 456 
3 455 420 481 
3 456 486 457 
3 457 486 487 
3 457 487 488 
3 457 488 458 
3 458 489 426 
3 458 426 423 
3 458 488 489 
3 489 490 426 
3 489 488 491 
3 489 491 492 
3 489 492 490 
3 426 490 427 
3 490 492 493 
3 490 493 494 
3 490 494 427 
3 459 461 495 
3 459 495 496 
3 459 496 460 
3 461 497 495 
3 461 462 498 
3 461 498 497 
3 463 464 499 
3 463 499 500 
3 463 500 467 
3 464 465 501 
3 464 501 499 
3 470 469 502 
3 470 503 471 
3 470 502 503 
3 471 503 504 
3 471 505 472 
3 471 504 505 
3 473 506 475 
3 473 507 506 
3 473 474 507 
3 475 506 508 
3 475 508 509 
3 475 509 476 
3 447 476 477 
3 477 476 510 
3 477 510 511 
3 477 511 478 
3 482 483 512 
3 482 513 485 
3 482 512 513 
3 485 513 514 
3 485 514 515 
3 485 515 486 
3 486 515 487 
3 487 515 516 
3 487 517 488 
3 487 516 517 
3 488 517 491 
3 491 518 492 
3 491 519 518 
3 491 517 519 
3 492 520 493 
3 492 518 520 
3 495 521 522 
3 495 497 521 
3 495 522 523 
3 495 523 496 
3 465 524 501 
3 465 525 524 
3 465 466 525 
3 501 524 526 
3 501 527 499 
3 501 526 527 
3 524 528 529 
3 524 529 526 
3 524 525 528 
3 499 530 500 
3 499 527 530 
3 506 531 508 
3 506 532 531 
3 506 507 532 
3 508 531 533 
3 508 533 534 
3 508 534 509 
3 476 509 510 
3 510 509 535 
3 510 535 536 
3 510 536 511 
3 537 538 539 
3 537 539 540 
3 537 541 542 
3 537 542 538 
3 537 540 543 
3 537 543 541 
3 538 542 544 
3 538 545 539 
3 538 544 546 
3 538 546 545 
3 539 545 547 
3 539 548 540 
3 539 547 548 
3 549 550 551 
3 549 551 552 
3 549 553 550 
3 549 554 553 
3 549 555 554 
3 549 552 555 
3 550 556 551 
3 550 553 557 
3 550 558 556 
3 550 557 558 
3 551 556 512 
3 551 559 552 
3 551 512 559 
3 556 513 512 
3 556 558 560 
3 556 560 513 
3 512 483 559 
3 513 560 514 
3 514 560 561 
3 514 562 515 
3 514 561 562 
3 528 563 564 
3 528 564 565 
3 528 565 529 
3 528 525 563 
3 529 565 566 
3 529 567 526 
3 529 566 567 
3 526 568 527 
3 526 567 568 
3 527 568 569 
3 527 569 530 
3 531 570 533 
3 531 571 570 
3 531 532 571 
3 533 570 572 
3 533 572 573 
3 533 573 534 
3 509 534 535 
3 535 534 574 
3 535 574 575 
3 535 575 536 
3 542 541 576 
3 542 576 577 
3 542 577 544 
3 544 577 578 
3 544 578 579 
3 544 579 546 
3 553 580 557 
3 553 581 580 
3 553 554 581 
3 557 580 582 
3 557 583 558 
3 557 582 583 
3 558 584 560 
3 558 583 584 
3 560 584 561 
3 561 585 562 
3 561 584 586 
3 561 587 585 
3 561 586 587 
3 565 564 588 
3 565 588 589 
3 565 589 566 
3 566 589 590 
3 566 591 567 
3 566 590 591 
3 567 592 568 
3 567 591 592 
3 568 593 569 
3 568 592 593 
3 569 593 594 
3 569 594 595 
3 569 595 530 
3 570 596 572 
3 570 597 596 
3 570 571 597 
3 572 596 598 
3 572 598 599 
3 572 599 573 
3 534 573 574 
3 574 573 600 
3 574 600 601 
3 574 601 575 
3 577 576 602 
3 577 602 603 
3 577 603 578 
3 578 603 604 
3 578 604 605 
3 578 605 579 
3 580 581 606 
3 580 607 582 
3 580 606 607 
3 582 607 608 
3 582 609 583 
3 582 608 609 
3 583 610 584 
3 583 609 610 
3 589 588 611 
3 589 611 612 
3 589 612 590 
3 590 612 613 
3 590 613 614 
3 590 614 591 
3 592 615 593 
3 592 616 615 
3 592 591 616 
3 593 615 617 
3 593 617 594 
3 596 618 598 
3 596 619 618 
3 596 597 619 
3 598 618 620 
3 598 620 621 
3 598 621 599 
3 573 599 600 
3 600 599 622 
3 600 622 623 
3 600 623 601 
3 603 602 624 
3 603 624 625 
3 603 625 604 
3 604 625 626 
3 604 626 627 
3 604 627 605 
3 607 628 629 
3 607 629 608 
3 607 606 628 
3 608 630 609 
3 608 631 630 
3 608 629 631 
3 612 611 632 
3 612 633 613 
3 612 632 633 
3 613 634 614 
3 613 635 634 
3 613 633 635 
3 614 634 636 
3 614 636 616 
3 614 616 591 
3 615 637 617 
3 615 616 638 
3 615 638 637 
3 639 640 641 
3 639 641 642 
3 639 642 643 
3 639 644 640 
3 639 645 644 
3 639 643 645 
3 640 646 641 
3 640 647 646 
3 640 648 647 
3 640 644 648 
3 641 649 642 
3 641 646 650 
3 641 650 649 
3 651 652 653 
3 651 653 654 
3 651 654 655 
3 651 655 656 
3 651 657 652 
3 651 656 657 
3 652 658 653 
3 652 659 660 
3 652 660 658 
3 652 657 659 
3 653 658 661 
3 653 661 662 
3 653 662 654 
3 663 664 665 
3 663 666 667 
3 663 668 666 
3 663 667 669 
3 663 669 664 
3 663 665 668 
3 664 670 665 
3 664 669 671 
3 664 672 670 
3 664 671 672 
3 665 673 674 
3 665 670 673 
3 665 674 668 
3 618 675 620 
3 618 676 675 
3 618 619 676 
3 620 675 677 
3 620 677 678 
3 620 678 621 
3 599 621 622 
3 622 621 679 
3 622 679 680 
3 622 680 623 
3 625 624 681 
3 625 681 682 
3 625 682 626 
3 626 682 683 
3 626 683 684 
3 626 684 627 
3 605 685 686 
3 605 686 579 
3 605 627 685 
3 685 627 687 
3 685 688 686 
3 685 687 689 
3 685 689 688 
3 686 690 579 
3 686 691 690 
3 686 688 691 
3 634 635 692 
3 634 693 636 
3 634 692 693 
3 635 633 694 
3 635 695 692 
3 635 694 695 
3 636 693 696 
3 636 696 638 
3 636 638 616 
3 697 698 699 
3 697 669 698 
3 697 699 700 
3 697 700 701 
3 697 671 669 
3 697 701 671 
3 698 669 667 
3 698 667 702 
3 698 703 699 
3 698 702 703 
3 699 703 704 
3 699 704 705 
3 699 705 700 
3 675 706 677 
3 675 676 707 
3 675 707 706 
3 677 708 709 
3 677 709 678 
3 677 706 708 
3 621 678 679 
3 679 678 710 
3 679 710 711 
3 679 711 680 
3 682 681 712 
3 682 712 713 
3 682 713 683 
3 683 713 714 
3 683 714 715 
3 683 715 684 
3 627 684 687 
3 687 684 716 
3 687 716 717 
3 687 717 689 
3 692 718 693 
3 692 719 718 
3 692 695 719 
3 693 718 720 
3 693 720 696 
3 678 709 710 
3 710 709 721 
3 710 721 722 
3 710 722 711 
3 713 712 723 
3 713 723 724 
3 713 724 714 
3 714 724 725 
3 714 725 726 
3 714 726 715 
3 684 715 716 
3 716 715 727 
3 716 727 728 
3 716 728 717 
3 718 729 730 
3 718 730 720 
3 718 719 729 
3 720 730 731 
3 720 731 732 
3 720 732 696 
3 733 734 708 
3 733 735 734 
3 733 708 706 
3 733 706 736 
3 733 737 735 
3 733 736 737 
3 734 735 738 
3 734 739 708 
3 734 738 740 
3 734 740 739 
3 708 739 709 
3 709 739 721 
3 721 739 741 
3 721 741 742 
3 721 742 722 
3 724 723 743 
3 724 743 744 
3 724 744 725 
3 725 744 745 
3 725 745 746 
3 725 746 726 
3 715 726 727 
3 727 726 747 
3 727 747 748 
3 727 748 728 
3 739 740 741 
3 741 740 749 
3 741 749 750 
3 741 750 742 
3 744 743 751 
3 744 751 752 
3 744 752 745 
3 745 752 753 
3 745 753 754 
3 745 754 746 
3 726 746 747 
3 747 746 755 
3 747 755 756 
3 747 756 748 
3 752 751 757 
3 752 757 758 
3 752 758 753 
3 753 758 759 
3 753 760 754 
3 753 759 760 
3 746 754 755 
3 755 754 761 
3 755 761 762 
3 755 762 763 
3 755 763 756 
3 749 764 765 
3 749 765 766 
3 749 766 750 
3 749 740 764 
3 764 767 765 
3 764 740 738 
3 764 738 768 
3 764 768 767 
3 765 769 766 
3 765 770 769 
3 765 767 770 
3 771 772 773 
3 771 774 775 
3 771 776 774 
3 771 773 776 
3 771 775 777 
3 771 777 772 
3 772 777 778 
3 772 778 779 
3 772 780 773 
3 772 779 780 
3 773 781 782 
3 773 782 776 
3 773 780 781 
3 766 783 784 
3 766 769 783 
3 766 784 750 
3 783 785 784 
3 783 786 785 
3 783 787 786 
3 783 769 787 
3 785 788 789 
3 785 790 784 
3 785 789 790 
3 785 786 788 
3 784 790 791 
3 784 791 750 
3 788 792 789 
3 788 793 792 
3 788 794 793 
3 788 786 794 
3 792 795 789 
3 792 796 795 
3 792 797 796 
3 792 793 797 
3 789 795 759 
3 789 759 790 
3 798 799 800 
3 798 800 801 
3 798 802 803 
3 798 801 802 
3 798 803 804 
3 798 804 799 
3 799 805 800 
3 799 804 806 
3 799 807 805 
3 799 806 807 
3 800 808 801 
3 800 809 808 
3 800 805 809 
3 801 810 802 
3 801 811 810 
3 801 808 811 
3 802 812 803 
3 802 813 812 
3 802 810 813 
3 803 812 814 
3 803 814 815 
3 803 815 804 
3 812 813 816 
3 812 816 817 
3 812 817 814 
3 818 819 820 
3 818 821 819 
3 818 820 822 
3 818 822 823 
3 818 823 824 
3 818 824 821 
3 819 825 820 
3 819 826 825 
3 819 821 827 
3 819 828 826 
3 819 827 828 
3 820 829 830 
3 820 825 829 
3 820 830 822 
3 810 831 813 
3 810 832 831 
3 810 811 832 
3 813 833 816 
3 813 831 833 
3 816 833 834 
3 816 834 835 
3 816 835 817 
3 836 837 838 
3 836 839 837 
3 836 838 840 
3 836 840 841 
3 836 841 842 
3 836 842 839 
3 837 843 838 
3 837 844 843 
3 837 845 844 
3 837 839 845 
3 838 843 846 
3 838 846 847 
3 838 847 840 
3 843 848 846 
3 843 849 848 
3 843 844 849 
3 831 850 833 
3 831 851 850 
3 831 852 851 
3 831 832 852 
3 832 811 853 
3 832 853 852 
3 833 854 834 
3 833 850 854 
3 834 854 855 
3 834 855 856 
3 834 856 835 
3 844 845 857 
3 844 857 858 
3 844 858 849 
3 859 860 861 
3 859 862 860 
3 859 861 863 
3 859 864 865 
3 859 863 864 
3 859 865 862 
3 860 853 861 
3 860 866 853 
3 860 867 866 
3 860 862 867 
3 861 808 863 
3 861 853 811 
3 861 811 808 
3 862 868 867 
3 862 869 868 
3 862 865 869 
3 853 870 852 
3 853 866 870 
3 850 851 871 
3 850 872 854 
3 850 871 872 
3 851 873 871 
3 851 870 873 
3 851 852 870 
3 854 874 855 
3 854 872 874 
3 855 874 875 
3 855 875 876 
3 855 876 856 
3 871 873 877 
3 871 878 872 
3 871 877 878 
3 872 879 874 
3 872 878 879 
3 874 880 875 
3 874 879 880 
3 875 880 881 
3 875 881 882 
3 875 882 876 
3 883 884 885 
3 883 886 884 
3 883 887 888 
3 883 888 886 
3 883 889 887 
3 883 885 889 
3 884 890 885 
3 884 886 891 
3 884 892 890 
3 884 891 892 
3 885 893 889 
3 885 890 894 
3 885 894 893 
3 886 895 891 
3 886 896 895 
3 886 888 896 
3 890 897 898 
3 890 892 897 
3 890 898 894 
3 879 878 899 
3 879 900 880 
3 879 899 900 
3 878 877 901 
3 878 901 899 
3 880 902 881 
3 880 900 902 
3 881 902 903 
3 881 903 904 
3 881 904 882 
3 891 905 892 
3 892 906 897 
3 892 905 906 
3 899 901 907 
3 899 908 900 
3 899 907 908 
3 902 909 903 
3 902 910 909 
3 902 900 910 
3 900 908 910 
3 903 909 911 
3 903 911 912 
3 903 912 904 
3 913 914 915 
3 913 915 916 
3 913 916 917 
3 913 918 914 
3 913 917 919 
3 913 919 918 
3 914 918 920 
3 914 921 915 
3 914 922 921 
3 914 920 922 
3 915 923 916 
3 915 924 923 
3 915 921 924 
3 909 910 925 
3 909 925 926 
3 909 927 911 
3 909 926 927 
3 910 928 925 
3 910 908 928 
3 916 923 929 
3 916 930 917 
3 916 929 930 
3 917 931 932 
3 917 930 931 
3 917 932 919 
3 933 934 935 
3 933 935 936 
3 933 936 937 
3 933 938 934 
3 933 937 939 
3 933 939 938 
3 934 940 935 
3 934 941 940 
3 934 938 941 
3 935 942 936 
3 935 940 943 
3 935 943 942 
3 925 928 944 
3 925 945 926 
3 925 944 945 
3 936 942 946 
3 936 947 937 
3 936 946 947 
3 942 948 949 
3 942 943 948 
3 942 949 946 
3 937 947 950 
3 937 950 951 
3 937 951 939 
3 946 949 952 
3 946 953 947 
3 946 952 953 
3 947 954 950 
3 947 955 954 
3 947 953 955 
3 950 956 957 
3 950 954 956 
3 950 957 951 
3 958 957 956 
3 958 959 957 
3 958 960 959 
3 958 956 961 
3 957 962 951 
3 957 959 962 
3 956 954 963 
3 956 963 961 
3 964 965 966 
3 964 967 965 
3 964 968 969 
3 964 970 967 
3 964 969 970 
3 964 971 968 
3 964 966 971 
3 965 972 966 
3 965 967 973 
3 965 974 972 
3 965 973 974 
3 966 972 975 
3 966 975 976 
3 966 976 971 
3 972 977 975 
3 972 978 977 
3 972 974 978 
3 979 980 981 
3 979 981 982 
3 979 982 983 
3 979 984 980 
3 979 983 985 
3 979 985 984 
3 980 984 986 
3 980 987 981 
3 980 988 987 
3 980 989 988 
3 980 986 989 
3 981 987 990 
3 981 991 982 
3 981 990 991 
3 992 993 994 
3 992 994 995 
3 992 995 996 
3 992 997 993 
3 992 998 997 
3 992 996 998 
3 993 999 1000 
3 993 1000 994 
3 993 1001 999 
3 993 997 1001 
3 994 1000 1002 
3 994 1003 995 
3 994 1002 1003 
3 954 1004 963 
3 954 955 1004 
3 982 1005 983 
3 982 1006 1005 
3 982 991 1006 
3 983 1005 1007 
3 983 1007 1008 
3 983 1008 985 
3 1001 1009 999 
3 1001 1010 1011 
3 1001 1011 1009 
3 1001 997 1010 
3 1009 1012 999 
3 1009 1013 1012 
3 1009 1014 1013 
3 1009 1011 1014 
3 999 1012 1015 
3 999 1015 1000 
3 1012 1016 1015 
3 1012 1017 1016 
3 1012 1013 1017 
3 1015 1018 1000 
3 1015 1019 1018 
3 1015 1016 1019 
3 1016 1017 1020 
3 1016 1020 1021 
3 1016 1021 1019 
3 1022 1023 1024 
3 1022 1025 1023 
3 1022 1026 1025 
3 1022 1024 1027 
3 1022 1028 1026 
3 1022 1027 1028 
3 1023 1025 1029 
3 1023 1030 1024 
3 1023 1031 1030 
3 1023 1029 1031 
3 1024 1032 1033 
3 1024 1030 1032 
3 1024 1033 1027 
3 963 1004 1034 
3 1005 1035 1007 
3 1005 1036 1035 
3 1005 1006 1036 
3 1007 1037 1008 
3 1007 1038 1037 
3 1007 1035 1038 
3 1013 1014 1039 
3 1013 1040 1017 
3 1013 1039 1040 
3 1014 1041 1042 
3 1014 1042 1039 
3 1014 1011 1041 
3 1017 1040 1043 
3 1017 1043 1020 
3 1044 1045 1026 
3 1044 1026 1046 
3 1044 1047 1048 
3 1044 1048 1045 
3 1044 1049 1047 
3 1044 1046 1049 
3 1045 1025 1026 
3 1045 1050 1051 
3 1045 1051 1025 
3 1045 1048 1050 
3 1026 1028 1046 
3 1025 1051 1029 
3 1029 1051 1052 
3 1029 1052 1053 
3 1029 1053 1031 
3 1054 1055 1056 
3 1054 1057 1058 
3 1054 1058 1055 
3 1054 1059 1057 
3 1054 1060 1059 
3 1054 1056 1060 
3 1055 1058 1061 
3 1055 1062 1056 
3 1055 1061 1063 
3 1055 1063 1062 
3 1056 1062 1064 
3 1056 1064 1065 
3 1056 1065 1060 
3 1035 1066 1067 
3 1035 1036 1066 
3 1035 1067 1038 
3 1041 1068 1042 
3 1041 1011 1010 
3 1041 1069 1068 
3 1041 1010 1069 
3 1042 1068 1070 
3 1042 1071 1039 
3 1042 1070 1071 
3 1039 1072 1040 
3 1039 1071 1072 
3 1040 1073 1043 
3 1040 1072 1073 
3 1043 1073 1074 
3 1043 1074 1075 
3 1043 1075 1020 
3 1075 1076 1077 
3 1075 1074 1076 
3 1075 1077 1078 
3 1075 1078 1020 
3 1076 1074 1079 
3 1076 1079 1080 
3 1076 1081 1077 
3 1076 1080 1081 
3 1077 1082 1083 
3 1077 1083 1078 
3 1077 1081 1082 
3 1051 1084 1052 
3 1051 1050 1084 
3 1052 1084 1085 
3 1052 1085 1086 
3 1052 1086 1053 
3 1053 1087 1088 
3 1053 1086 1087 
3 1053 1088 1031 
3 1087 1089 1088 
3 1087 1086 1090 
3 1087 1091 1089 
3 1087 1090 1091 
3 1088 1089 1092 
3 1088 1092 1093 
3 1088 1093 1031 
3 1089 1091 1094 
3 1089 1094 1095 
3 1089 1095 1092 
3 1096 1097 1098 
3 1096 1099 1100 
3 1096 1101 1097 
3 1096 1100 1101 
3 1096 1098 1102 
3 1096 1102 1099 
3 1097 1101 1103 
3 1097 1103 1104 
3 1097 1104 1105 
3 1097 1105 1098 
3 1098 1106 1102 
3 1098 1107 1106 
3 1098 1105 1107 
3 1058 1108 1109 
3 1058 1109 1061 
3 1058 1057 1108 
3 1061 1109 1110 
3 1061 1110 1111 
3 1061 1111 1063 
3 1112 1113 1114 
3 1112 1115 1113 
3 1112 1116 1117 
3 1112 1114 1116 
3 1112 1118 1115 
3 1112 1117 1118 
3 1113 1115 1119 
3 1113 1119 1120 
3 1113 1121 1114 
3 1113 1120 1121 
3 1114 1122 1116 
3 1114 1123 1122 
3 1114 1121 1123 
3 1068 1124 1070 
3 1068 1125 1124 
3 1068 1069 1125 
3 1070 1124 1126 
3 1070 1127 1071 
3 1070 1126 1127 
3 1071 1128 1072 
3 1071 1127 1128 
3 1072 1129 1073 
3 1072 1128 1129 
3 1073 1129 1130 
3 1073 1130 1074 
3 1074 1130 1079 
3 1079 1130 1131 
3 1079 1132 1080 
3 1079 1131 1132 
3 1080 1133 1134 
3 1080 1132 1133 
3 1080 1134 1081 
3 1135 1136 1050 
3 1135 1047 1134 
3 1135 1050 1048 
3 1135 1137 1136 
3 1135 1134 1137 
3 1135 1048 1047 
3 1136 1137 1138 
3 1136 1084 1050 
3 1136 1138 1139 
3 1136 1139 1084 
3 1084 1139 1085 
3 1085 1139 1140 
3 1085 1140 1141 
3 1085 1141 1086 
3 1086 1141 1090 
3 1090 1141 1142 
3 1090 1143 1091 
3 1090 1142 1143 
3 1091 1143 1144 
3 1091 1144 1094 
3 1094 1145 1100 
3 1094 1144 1145 
3 1094 1100 1095 
3 1145 1144 1146 
3 1145 1101 1100 
3 1145 1146 1147 
3 1145 1147 1101 
3 1100 1099 1095 
3 1101 1147 1103 
3 1103 1147 1148 
3 1103 1149 1104 
3 1103 1148 1149 
3 1104 1149 1150 
3 1104 1150 1105 
3 1109 1151 1110 
3 1109 1152 1151 
3 1109 1108 1152 
3 1110 1151 1153 
3 1110 1153 1154 
3 1110 1154 1111 
3 1115 1155 1156 
3 1115 1156 1119 
3 1115 1118 1155 
3 1119 1156 1157 
3 1119 1157 1158 
3 1119 1158 1120 
3 1124 1125 1159 
3 1124 1160 1126 
3 1124 1159 1160 
3 1126 1160 1161 
3 1126 1162 1127 
3 1126 1161 1162 
3 1127 1163 1128 
3 1127 1162 1163 
3 1128 1164 1129 
3 1128 1163 1164 
3 1129 1164 1165 
3 1129 1165 1130 
3 1130 1165 1131 
3 1131 1165 1166 
3 1131 1167 1132 
3 1131 1166 1167 
3 1132 1168 1133 
3 1132 1167 1168 
3 1133 1137 1134 
3 1133 1168 1169 
3 1133 1169 1137 
3 1134 1047 1081 
3 1137 1169 1138 
3 1138 1169 1170 
3 1138 1170 1171 
3 1138 1171 1139 
3 1139 1171 1140 
3 1140 1171 1172 
3 1140 1172 1173 
3 1140 1173 1141 
3 1141 1173 1142 
3 1142 1173 1174 
3 1142 1175 1143 
3 1142 1174 1175 
3 1143 1175 1176 
3 1143 1176 1144 
3 1144 1176 1146 
3 1146 1176 1177 
3 1146 1177 1178 
3 1146 1178 1147 
3 1147 1178 1148 
3 1148 1178 1179 
3 1151 1180 1153 
3 1151 1181 1180 
3 1151 1152 1181 
3 1153 1180 1182 
3 1153 1182 1183 
3 1153 1183 1154 
3 1156 1155 1184 
3 1156 1184 1185 
3 1156 1185 1157 
3 1157 1185 1186 
3 1157 1186 1187 
3 1157 1187 1188 
3 1157 1188 1158 
3 1189 1190 1159 
3 1189 1191 1190 
3 1189 1159 1192 
3 1189 1192 1193 
3 1189 1193 1194 
3 1189 1194 1191 
3 1190 1160 1159 
3 1190 1195 1160 
3 1190 1196 1195 
3 1190 1191 1196 
3 1159 1125 1192 
3 1163 1197 1164 
3 1163 1198 1197 
3 1163 1162 1198 
3 1162 1161 1199 
3 1162 1199 1198 
3 1164 1197 1200 
3 1164 1200 1165 
3 1165 1200 1166 
3 1166 1200 1201 
3 1166 1202 1167 
3 1166 1201 1202 
3 1167 1203 1168 
3 1167 1202 1203 
3 1168 1203 1204 
3 1168 1204 1169 
3 1169 1204 1170 
3 1170 1204 1205 
3 1170 1205 1206 
3 1170 1206 1171 
3 1171 1206 1172 
3 1172 1207 1173 
3 1172 1208 1207 
3 1172 1206 1208 
3 1173 1207 1174 
3 1174 1207 1209 
3 1174 1210 1175 
3 1174 1209 1210 
3 1175 1210 1211 
3 1175 1211 1176 
3 1180 1212 1213 
3 1180 1213 1182 
3 1180 1181 1212 
3 1182 1213 1214 
3 1182 1214 1215 
3 1182 1215 1183 
3 1185 1184 1216 
3 1185 1216 1217 
3 1185 1217 1186 
3 1186 1217 1218 
3 1186 1218 1219 
3 1186 1219 1187 
3 1191 1220 1196 
3 1191 1194 1221 
3 1191 1221 1220 
3 1197 1222 1200 
3 1197 1223 1222 
3 1197 1198 1223 
3 1200 1222 1201 
3 1201 1222 1224 
3 1201 1225 1202 
3 1201 1224 1225 
3 1202 1226 1203 
3 1202 1225 1226 
3 1203 1226 1227 
3 1203 1227 1204 
3 1204 1227 1205 
3 1205 1227 1228 
3 1205 1228 1229 
3 1205 1229 1206 
3 1207 1230 1209 
3 1207 1208 1230 
3 1209 1231 1210 
3 1209 1232 1231 
3 1209 1230 1232 
3 1210 1233 1211 
3 1210 1231 1233 
3 1213 1234 1235 
3 1213 1235 1214 
3 1213 1212 1234 
3 1214 1235 1236 
3 1214 1236 1237 
3 1214 1237 1215 
3 1217 1216 1238 
3 1217 1238 1239 
3 1217 1239 1218 
3 1218 1239 1240 
3 1218 1240 1241 
3 1218 1241 1219 
3 1242 1243 1244 
3 1242 1245 1243 
3 1242 1244 1246 
3 1242 1158 1188 
3 1242 1247 1245 
3 1242 1188 1247 
3 1242 1246 1158 
3 1243 1245 1248 
3 1243 1249 1244 
3 1243 1248 1250 
3 1243 1250 1249 
3 1244 1251 1252 
3 1244 1249 1251 
3 1244 1252 1246 
3 1253 1254 1255 
3 1253 1256 1257 
3 1253 1257 1254 
3 1253 1258 1256 
3 1253 1259 1258 
3 1253 1255 1259 
3 1254 1257 1260 
3 1254 1261 1255 
3 1254 1260 1262 
3 1254 1262 1261 
3 1255 1263 1264 
3 1255 1261 1263 
3 1255 1264 1259 
3 1263 1265 1266 
3 1263 1267 1264 
3 1263 1266 1267 
3 1263 1261 1265 
3 1265 1261 1268 
3 1265 1268 1269 
3 1265 1270 1266 
3 1265 1269 1270 
3 1266 1271 1267 
3 1266 1272 1271 
3 1266 1270 1272 
3 1222 1273 1224 
3 1222 1223 1273 
3 1224 1274 1225 
3 1224 1275 1274 
3 1224 1273 1275 
3 1225 1276 1226 
3 1225 1274 1276 
3 1226 1276 1277 
3 1226 1277 1227 
3 1227 1277 1228 
3 1228 1277 1278 
3 1228 1278 1279 
3 1228 1279 1229 
3 1231 1280 1233 
3 1231 1232 1281 
3 1231 1281 1280 
3 1239 1282 1283 
3 1239 1283 1240 
3 1239 1238 1282 
3 1240 1284 1285 
3 1240 1283 1284 
3 1240 1285 1241 
3 1245 1286 1248 
3 1245 1287 1286 
3 1245 1247 1287 
3 1248 1286 1288 
3 1248 1288 1289 
3 1248 1289 1250 
3 1257 1256 1290 
3 1257 1290 1291 
3 1257 1291 1260 
3 1260 1291 1292 
3 1260 1292 1293 
3 1260 1293 1262 
3 1261 1262 1268 
3 1268 1294 1269 
3 1268 1295 1294 
3 1268 1262 1295 
3 1296 1297 1298 
3 1296 1298 1299 
3 1296 1299 1300 
3 1296 1220 1301 
3 1296 1301 1297 
3 1296 1300 1220 
3 1297 1302 1303 
3 1297 1303 1304 
3 1297 1304 1298 
3 1297 1301 1302 
3 1298 1305 1299 
3 1298 1306 1305 
3 1298 1304 1306 
3 1274 1307 1276 
3 1274 1308 1307 
3 1274 1275 1308 
3 1276 1307 1309 
3 1276 1309 1277 
3 1277 1309 1278 
3 1278 1309 1310 
3 1278 1311 1279 
3 1278 1310 1311 
3 1286 1312 1288 
3 1286 1313 1312 
3 1286 1287 1313 
3 1288 1312 1314 
3 1288 1315 1289 
3 1288 1314 1315 
3 1289 1316 1317 
3 1289 1315 1316 
3 1289 1317 1250 
3 1291 1290 1318 
3 1291 1318 1319 
3 1291 1319 1292 
3 1292 1320 1321 
3 1292 1319 1320 
3 1292 1321 1293 
3 1293 1321 1322 
3 1293 1295 1262 
3 1293 1322 1295 
3 1299 1305 1323 
3 1299 1324 1300 
3 1299 1323 1324 
3 1300 1324 1325 
3 1300 1325 1326 
3 1300 1326 1220 
3 1307 1327 1309 
3 1307 1308 1328 
3 1307 1328 1327 
3 1308 1329 1330 
3 1308 1275 1329 
3 1308 1330 1328 
3 1309 1327 1310 
3 1310 1327 1331 
3 1310 1331 1332 
3 1310 1332 1311 
3 1284 1333 1285 
3 1284 1334 1333 
3 1284 1335 1334 
3 1284 1336 1335 
3 1284 1283 1336 
3 1333 1337 1285 
3 1333 1338 1337 
3 1333 1339 1338 
3 1333 1334 1339 
3 1285 1340 1241 
3 1285 1337 1340 
3 1312 1341 1314 
3 1312 1340 1341 
3 1312 1313 1340 
3 1314 1342 1315 
3 1314 1343 1342 
3 1314 1341 1343 
3 1341 1337 1338 
3 1341 1338 1343 
3 1341 1340 1337 
3 1315 1344 1316 
3 1315 1342 1344 
3 1316 1344 1345 
3 1316 1345 1346 
3 1316 1346 1317 
3 1317 1347 1250 
3 1317 1348 1347 
3 1317 1346 1348 
3 1327 1349 1331 
3 1327 1328 1349 
3 1342 1350 1344 
3 1342 1351 1350 
3 1342 1343 1351 
3 1343 1338 1352 
3 1343 1352 1353 
3 1343 1353 1351 
3 1344 1354 1345 
3 1344 1350 1354 
3 1345 1354 1355 
3 1345 1355 1356 
3 1345 1356 1346 
3 1321 1357 1322 
3 1321 1358 1357 
3 1321 1320 1358 
3 1357 1358 1359 
3 1357 1359 1360 
3 1357 1360 1361 
3 1357 1361 1322 
3 1322 1361 1362 
3 1322 1362 1295 
3 1358 1363 1359 
3 1358 1364 1363 
3 1358 1320 1364 
3 1365 1366 1367 
3 1365 1368 1366 
3 1365 1369 1370 
3 1365 1367 1371 
3 1365 1371 1369 
3 1365 1370 1368 
3 1366 1372 1367 
3 1366 1368 1373 
3 1366 1373 1374 
3 1366 1374 1372 
3 1367 1375 1371 
3 1367 1376 1375 
3 1367 1372 1376 
3 1368 1370 1377 
3 1368 1377 1378 
3 1368 1378 1373 
3 1372 1374 1379 
3 1372 1379 1380 
3 1372 1380 1376 
3 1354 1350 1381 
3 1354 1381 1382 
3 1354 1382 1355 
3 1350 1351 1383 
3 1350 1383 1381 
3 1373 1378 1384 
3 1373 1385 1374 
3 1373 1384 1385 
3 1381 1386 1387 
3 1381 1387 1382 
3 1381 1383 1386 
3 1388 1389 1390 
3 1388 1391 1392 
3 1388 1392 1393 
3 1388 1393 1389 
3 1388 1390 1394 
3 1388 1394 1391 
3 1389 1393 1395 
3 1389 1395 1396 
3 1389 1396 1397 
3 1389 1397 1390 
3 1390 1398 1394 
3 1390 1399 1398 
3 1390 1400 1399 
3 1390 1397 1400 
3 129 1401 76 
3 129 77 130 
3 129 131 1401 
3 129 76 77 
3 1401 1402 1403 
3 1401 131 1402 
3 1401 1403 78 
3 1401 78 76 
3 130 99 149 
3 130 77 99 
3 149 114 164 
3 149 99 114 
3 1404 1405 1406 
3 1404 1407 1408 
3 1404 1409 1405 
3 1404 1408 1410 
3 1404 1410 1409 
3 1404 1406 1407 
3 1405 1411 1412 
3 1405 1409 1411 
3 1405 1413 1406 
3 1405 1412 1413 
3 1406 1414 1407 
3 1406 1413 1415 
3 1406 1415 1414 
3 164 125 1416 
3 164 1416 165 
3 164 114 125 
3 1408 1417 1418 
3 1408 1418 1419 
3 1408 1419 1410 
3 1408 1407 1417 
3 1407 1414 1420 
3 1407 1420 1417 
3 1416 148 1421 
3 1416 1421 1422 
3 1416 1422 165 
3 1416 125 148 
3 1418 1423 231 
3 1418 231 233 
3 1418 233 1419 
3 1418 1417 1423 
3 1417 1420 1424 
3 1417 1424 1423 
3 1421 163 255 
3 1421 255 1425 
3 1421 1425 1422 
3 1421 148 163 
3 231 1426 232 
3 231 1423 1426 
3 1423 1424 1427 
3 1423 1427 1426 
3 255 163 189 
3 255 1428 1425 
3 255 254 1428 
3 166 1429 168 
3 166 1430 1429 
3 166 167 1430 
3 232 1431 263 
3 232 1426 1431 
3 1426 1432 1431 
3 1426 1427 1432 
3 263 1433 284 
3 263 1431 1433 
3 1431 1434 1433 
3 1431 1432 1434 
3 284 1433 1435 
3 284 349 285 
3 284 1435 349 
3 1433 1436 1435 
3 1433 1434 1436 
3 1435 1436 1437 
3 1435 1438 349 
3 1435 1437 1438 
3 1436 1439 1440 
3 1436 1440 1437 
3 1436 1434 1439 
3 1437 1440 1441 
3 1437 1442 1438 
3 1437 1441 1442 
3 253 1443 254 
3 253 296 1443 
3 315 1444 317 
3 315 1445 1444 
3 315 316 1445 
3 380 378 1446 
3 380 1446 1447 
3 380 1447 1448 
3 380 1448 381 
3 378 379 1449 
3 378 1450 1446 
3 378 1449 1450 
3 1451 1447 1446 
3 1451 1452 1447 
3 1451 1446 1453 
3 1451 1453 1454 
3 1451 1455 1452 
3 1451 1454 1455 
3 1447 1452 1456 
3 1447 1456 1448 
3 1446 1450 1453 
3 1452 1455 1457 
3 1452 1457 1458 
3 1452 1458 1456 
3 1459 1460 1461 
3 1459 1461 1462 
3 1459 1463 1460 
3 1459 548 1463 
3 1459 1462 1464 
3 1459 1464 548 
3 1460 1465 1466 
3 1460 1466 1461 
3 1460 1463 1467 
3 1460 1467 1465 
3 1461 1468 1462 
3 1461 1469 1468 
3 1461 1466 1469 
3 1462 1468 1470 
3 1462 1471 1464 
3 1462 1470 1471 
3 1465 1467 1472 
3 1465 1472 1473 
3 1465 1474 1466 
3 1465 1475 1474 
3 1465 1473 1475 
3 1466 1476 1469 
3 1466 1474 1476 
3 1463 548 547 
3 1463 547 1477 
3 1463 1477 1467 
3 1467 1478 1472 
3 1467 1479 1478 
3 1467 1477 1479 
3 1480 1481 1482 
3 1480 1483 1484 
3 1480 1485 1483 
3 1480 1484 1481 
3 1480 1482 1486 
3 1480 1486 1485 
3 1481 1487 1482 
3 1481 1488 1487 
3 1481 1484 1489 
3 1481 1489 1488 
3 1482 1490 1486 
3 1482 1491 1490 
3 1482 1487 1491 
3 1487 1492 1493 
3 1487 1488 1492 
3 1487 1493 1494 
3 1487 1494 1491 
3 1483 1495 1496 
3 1483 1496 1484 
3 1483 1497 1495 
3 1483 1485 1497 
3 1484 1498 1489 
3 1484 1496 1498 
3 1485 1486 1499 
3 1485 1499 1500 
3 1485 1500 1497 
3 1495 1501 1496 
3 1495 1502 1501 
3 1495 1503 1502 
3 1495 1497 1503 
3 1496 1501 1504 
3 1496 1504 1498 
3 1505 1506 689 
3 1505 717 1507 
3 1505 1508 1506 
3 1505 1507 1509 
3 1505 689 717 
3 1505 1509 1508 
3 1506 688 689 
3 1506 1508 1510 
3 1506 1510 1511 
3 1506 1511 688 
3 1507 728 1512 
3 1507 1512 1513 
3 1507 717 728 
3 1507 1513 1509 
3 738 735 1514 
3 738 1514 768 
3 735 1515 1514 
3 735 737 1515 
3 1512 748 1516 
3 1512 1516 1517 
3 1512 728 748 
3 1512 1517 1513 
3 1518 1519 1509 
3 1518 1513 1520 
3 1518 1521 1519 
3 1518 1520 1522 
3 1518 1509 1513 
3 1518 1522 1521 
3 1519 1508 1509 
3 1519 1521 1523 
3 1519 1524 1508 
3 1519 1523 1524 
3 1525 1526 1523 
3 1525 1521 1527 
3 1525 1528 1526 
3 1525 1527 1529 
3 1525 1523 1521 
3 1525 1529 1528 
3 1526 1530 1523 
3 1526 1528 1531 
3 1526 1531 1532 
3 1526 1532 1530 
3 1523 1530 1524 
3 1516 748 756 
3 1516 1533 1517 
3 1516 756 1534 
3 1516 1534 1533 
3 1520 1517 1535 
3 1520 1535 1536 
3 1520 1513 1517 
3 1520 1536 1522 
3 1527 1522 1537 
3 1527 1537 1538 
3 1527 1521 1522 
3 1527 1538 1529 
3 1539 1540 1528 
3 1539 1529 1541 
3 1539 1528 1529 
3 1539 1542 1540 
3 1539 1541 1543 
3 1539 1543 1542 
3 1540 1531 1528 
3 1540 1542 1544 
3 1540 1544 1545 
3 1540 1545 1531 
3 1546 1547 1548 
3 1546 1548 1549 
3 1546 1549 1550 
3 1546 1550 1551 
3 1546 1552 1547 
3 1546 1551 1552 
3 1547 1552 1553 
3 1547 1553 1554 
3 1547 1554 1555 
3 1547 1555 1548 
3 1548 1555 1556 
3 1548 1557 1549 
3 1548 1556 1557 
3 1535 1533 1558 
3 1535 1558 1559 
3 1535 1517 1533 
3 1535 1559 1536 
3 1537 1536 1560 
3 1537 1560 1561 
3 1537 1522 1536 
3 1537 1561 1538 
3 1541 1538 1562 
3 1541 1529 1538 
3 1541 1562 1563 
3 1541 1563 1543 
3 790 758 791 
3 790 759 758 
3 791 758 757 
3 791 757 742 
3 791 742 750 
3 795 760 759 
3 795 1564 760 
3 795 796 1564 
3 1558 1565 1566 
3 1558 1566 1567 
3 1558 1533 1565 
3 1558 1567 1559 
3 1533 1534 1565 
3 1560 1559 1568 
3 1560 1536 1559 
3 1560 1569 1561 
3 1560 1568 1570 
3 1560 1570 1569 
3 1562 1538 1561 
3 1562 1571 1563 
3 1562 1561 1572 
3 1562 1572 1571 
3 1573 729 1574 
3 1573 1574 1575 
3 1573 730 729 
3 1573 1575 1576 
3 1573 1577 730 
3 1573 1576 1577 
3 729 1578 1574 
3 729 719 1578 
3 1574 1579 1580 
3 1574 1578 1579 
3 1574 1580 1575 
3 1575 1581 1576 
3 1575 1580 1582 
3 1575 1582 1581 
3 1566 1565 1583 
3 1566 1583 1584 
3 1566 1585 1567 
3 1566 1584 1585 
3 1565 1586 1583 
3 1565 763 1586 
3 1565 1534 763 
3 1568 1567 1587 
3 1568 1559 1567 
3 1568 1588 1570 
3 1568 1589 1588 
3 1568 1587 1589 
3 1587 1567 1585 
3 1587 1585 1590 
3 1587 1590 1591 
3 1587 1591 1589 
3 846 1592 847 
3 846 1593 1592 
3 846 848 1593 
3 1594 1595 1596 
3 1594 1597 1595 
3 1594 1598 1597 
3 1594 1599 1598 
3 1594 1600 1599 
3 1594 1596 1600 
3 1595 1597 1601 
3 1595 1602 1603 
3 1595 1601 1602 
3 1595 1603 1596 
3 1596 1603 1604 
3 1596 1604 1605 
3 1596 1605 1600 
3 923 1606 929 
3 923 1607 1606 
3 923 924 1607 
3 975 1608 976 
3 975 907 1608 
3 975 977 907 
3 977 978 928 
3 977 928 908 
3 977 908 907 
3 978 944 928 
3 978 1609 944 
3 978 974 1609 
3 1610 1611 1612 
3 1610 1612 1613 
3 1610 1614 1611 
3 1610 1615 1614 
3 1610 1616 1615 
3 1610 1613 1616 
3 1611 1617 1618 
3 1611 1614 1617 
3 1611 1619 1612 
3 1611 1618 1619 
3 1612 1620 1613 
3 1612 1621 1620 
3 1612 1619 1621 
3 1613 1620 1622 
3 1613 1622 1623 
3 1613 1623 1616 
3 1624 1625 1615 
3 1624 1626 1625 
3 1624 1627 1628 
3 1624 1628 1626 
3 1624 1615 1629 
3 1624 1629 1627 
3 1625 1614 1615 
3 1625 1630 1614 
3 1625 1626 1631 
3 1625 1631 1630 
3 1615 1616 1629 
3 1006 1632 1036 
3 1006 1633 1632 
3 1006 991 1633 
3 1184 1155 1634 
3 1184 1635 1216 
3 1184 1634 1635 
3 1155 1636 1634 
3 1155 1118 1636 
3 1634 1063 1635 
3 1634 1062 1063 
3 1634 1636 1062 
3 1036 1637 1066 
3 1036 1632 1637 
3 1216 1638 1238 
3 1216 1635 1638 
3 1635 1111 1638 
3 1635 1063 1111 
3 1639 1640 1641 
3 1639 1642 1643 
3 1639 1641 1644 
3 1639 1644 1642 
3 1639 1645 1640 
3 1639 1643 1645 
3 1640 1646 1641 
3 1640 1647 1646 
3 1640 1645 1648 
3 1640 1648 1647 
3 1641 1646 1271 
3 1641 1271 1649 
3 1641 1649 1644 
3 1238 1638 1650 
3 1238 1650 1282 
3 1638 1154 1650 
3 1638 1111 1154 
3 1646 1651 1267 
3 1646 1267 1271 
3 1646 1647 1651 
3 1271 1272 1649 
3 1652 1653 1654 
3 1652 1655 1653 
3 1652 1654 1656 
3 1652 1656 1657 
3 1652 1658 1655 
3 1652 1657 1658 
3 1653 1655 1659 
3 1653 1660 1661 
3 1653 1659 1660 
3 1653 1661 1654 
3 1654 1662 1663 
3 1654 1663 1656 
3 1654 1661 1662 
3 1664 1665 1666 
3 1664 1667 1665 
3 1664 1666 1668 
3 1267 1651 1264 
3 1318 1290 1669 
3 1318 1669 1670 
3 1318 1671 1319 
3 1318 1670 1671 
3 1290 1256 1672 
3 1290 1672 1669 
3 1669 1672 1673 
3 1669 1674 1670 
3 1669 1673 1674 
3 1675 1676 1677 
3 1675 1677 1678 
3 1676 1679 1677 
3 1676 1680 1681 
3 1676 1682 1679 
3 1676 1681 1682 
3 1677 1683 1678 
3 1677 1679 1683 
3 1369 1371 1684 
3 1369 1684 1685 
3 1369 1686 1370 
3 1369 1685 1686 
3 1371 1687 1684 
3 1371 1375 1687 
3 1684 1688 1689 
3 1684 1689 1685 
3 1684 1687 1688 
3 1685 1689 1270 
3 1685 1269 1686 
3 1685 1270 1269 
3 1320 1690 1364 
3 1320 1319 1690 
3 1319 1671 1690 
3 1370 1691 1377 
3 1370 1686 1691 
3 1375 1692 1693 
3 1375 1693 1687 
3 1375 1376 1692 
3 1694 1695 1696 
3 1694 1697 1698 
3 1694 1696 1697 
3 1694 1698 1699 
3 1694 1700 1695 
3 1694 1699 1700 
3 1695 1701 1696 
3 1695 1700 1702 
3 1695 1702 1703 
3 1695 1704 1701 
3 1695 1703 1704 
3 1696 1701 1705 
3 1696 1706 1697 
3 1696 1705 1706 
3 1698 1697 1707 
3 1698 1708 1699 
3 1698 1709 1708 
3 1698 1707 1709 
3 1697 1710 1707 
3 1697 1706 1710 
3 6 7 1711 
3 6 1712 8 
3 6 1711 1712 
3 7 13 1713 
3 7 1713 1711 
3 13 17 1714 
3 13 1714 1713 
3 17 21 1715 
3 17 1715 1714 
3 21 25 1716 
3 21 1716 1715 
3 25 1717 1716 
3 25 29 1717 
3 29 49 1718 
3 29 1718 1717 
3 49 58 1719 
3 49 1719 1718 
3 51 36 88 
3 58 67 1720 
3 58 1720 1719 
3 1402 131 137 
3 1402 137 1721 
3 1402 1721 1722 
3 1402 1722 1403 
3 1403 1723 78 
3 1403 1724 1723 
3 1403 1722 1724 
3 67 95 1725 
3 67 1725 1720 
3 95 109 1726 
3 95 1726 1725 
3 1411 1727 1412 
3 1411 1728 1727 
3 1411 1409 1729 
3 1411 1729 1728 
3 1412 1727 1730 
3 1412 1731 1413 
3 1412 1730 1731 
3 134 135 1732 
3 134 1732 1733 
3 134 1733 136 
3 1409 1410 1734 
3 1409 1734 1729 
3 1420 1735 1424 
3 1420 1414 1736 
3 1420 1736 1737 
3 1420 1737 1735 
3 1735 1738 1424 
3 1735 1737 1739 
3 1735 1740 1738 
3 1735 1739 1740 
3 1424 1738 1427 
3 1410 1741 1734 
3 1410 1419 1741 
3 184 1742 185 
3 184 1743 1742 
3 184 182 1744 
3 184 1744 1743 
3 185 1742 110 
3 185 1745 179 
3 185 110 1745 
3 165 1422 167 
3 1419 233 239 
3 1419 1746 1741 
3 1419 239 1746 
3 182 183 1747 
3 182 1747 1744 
3 1422 1425 1748 
3 1422 1748 167 
3 183 203 1749 
3 183 1749 1747 
3 1425 1428 1750 
3 1425 1750 1748 
3 1440 1751 1752 
3 1440 1439 1751 
3 1440 1752 1441 
3 1439 1753 1751 
3 1439 1434 1754 
3 1439 1754 1753 
3 203 217 1755 
3 203 1755 1749 
3 254 1443 1428 
3 1756 1757 1758 
3 1756 1759 1760 
3 1756 1760 1757 
3 1756 236 1759 
3 1756 1758 238 
3 1756 238 236 
3 1757 1761 1758 
3 1757 1762 1761 
3 1757 1760 1763 
3 1757 1763 1762 
3 1758 1746 238 
3 1758 1761 1764 
3 1758 1764 1746 
3 217 243 1765 
3 217 1765 1755 
3 1759 1766 1767 
3 1759 1767 1760 
3 1759 237 1766 
3 1759 236 237 
3 1760 1767 1768 
3 1760 1768 1763 
3 243 271 1765 
3 1766 1769 1770 
3 1766 1770 1767 
3 1766 266 1769 
3 1766 237 266 
3 1767 1770 1771 
3 1767 1771 1768 
3 270 1772 1773 
3 270 291 1772 
3 270 1773 1774 
3 270 1774 271 
3 1769 1775 1776 
3 1769 1776 1770 
3 1769 287 1775 
3 1769 266 287 
3 1770 1776 1777 
3 1770 1777 1771 
3 291 322 1778 
3 291 1778 1772 
3 1775 1779 1780 
3 1775 1780 1776 
3 1775 352 1779 
3 1775 287 352 
3 1776 1780 1781 
3 1776 1781 1777 
3 322 361 453 
3 322 453 1778 
3 1779 1782 1783 
3 1779 1783 1780 
3 1779 353 1782 
3 1779 352 353 
3 1780 1784 1781 
3 1780 1783 1784 
3 1782 1785 1786 
3 1782 1786 1783 
3 1782 381 1785 
3 1782 353 381 
3 1783 1786 1787 
3 1783 1787 1784 
3 1788 441 1789 
3 1788 469 441 
3 1788 1789 1790 
3 1788 1791 469 
3 1788 1790 1791 
3 441 413 1789 
3 1789 1792 1793 
3 1789 1794 1792 
3 1789 1793 1790 
3 1789 413 1794 
3 1785 1795 1796 
3 1785 1796 1786 
3 1785 1448 1795 
3 1785 381 1448 
3 1786 1796 1797 
3 1786 1797 1787 
3 1795 1798 1799 
3 1795 1799 1796 
3 1795 1456 1798 
3 1795 1448 1456 
3 1796 1799 1800 
3 1796 1800 1797 
3 1798 1801 1799 
3 1798 1802 1801 
3 1798 1458 1802 
3 1798 1456 1458 
3 1799 1801 1803 
3 1799 1804 1800 
3 1799 1803 1804 
3 564 1805 588 
3 564 1806 1805 
3 564 563 1806 
3 563 1807 1808 
3 563 1808 1806 
3 563 525 1807 
3 576 541 478 
3 576 511 602 
3 576 478 511 
3 541 452 478 
3 541 543 452 
3 545 1809 547 
3 545 1810 1809 
3 545 546 1810 
3 588 1811 611 
3 588 1805 1811 
3 602 536 624 
3 602 511 536 
3 546 579 690 
3 546 690 1810 
3 611 1811 1812 
3 611 1812 632 
3 624 575 681 
3 624 536 575 
3 667 1813 702 
3 667 666 1813 
3 666 668 1814 
3 666 1814 1815 
3 666 1815 1813 
3 681 601 712 
3 681 575 601 
3 658 1816 661 
3 658 1817 1816 
3 658 660 1817 
3 712 623 723 
3 712 601 623 
3 723 680 743 
3 723 623 680 
3 743 711 751 
3 743 680 711 
3 1818 1819 1820 
3 1818 1821 1822 
3 1818 1820 1823 
3 1818 1822 1819 
3 1818 1824 1821 
3 1818 1823 1824 
3 1819 1822 1825 
3 1819 1825 1826 
3 1819 1827 1820 
3 1819 1826 1828 
3 1819 1828 1827 
3 1820 1829 1823 
3 1820 1830 1829 
3 1820 1827 1830 
3 751 722 757 
3 751 711 722 
3 1821 1831 1832 
3 1821 1824 1831 
3 1821 1832 1833 
3 1821 1833 1822 
3 1822 1834 1825 
3 1822 1833 1834 
3 757 722 742 
3 754 760 761 
3 1835 825 826 
3 1835 1836 1837 
3 1835 1838 1836 
3 1835 826 1838 
3 1835 1839 825 
3 1835 1837 1839 
3 825 1839 829 
3 826 1840 1838 
3 826 828 1840 
3 814 1841 815 
3 814 817 1842 
3 814 1842 1841 
3 847 1843 840 
3 847 1844 1843 
3 847 1592 1844 
3 817 835 842 
3 817 842 1842 
3 835 856 839 
3 835 839 842 
3 856 876 845 
3 856 845 839 
3 918 1845 920 
3 918 919 1846 
3 918 1846 1845 
3 920 1847 1848 
3 920 1848 922 
3 920 1845 1847 
3 1849 1850 1851 
3 1849 1851 1852 
3 1849 1853 1850 
3 1849 1854 1853 
3 1849 1855 1854 
3 1849 1852 1855 
3 1850 1856 1857 
3 1850 1858 1851 
3 1850 1853 1856 
3 1850 1857 1858 
3 1851 1859 1860 
3 1851 1858 1859 
3 1851 1860 1852 
3 1618 1861 1862 
3 1618 1617 1861 
3 1618 1862 1863 
3 1618 1863 1619 
3 1861 1617 1864 
3 1861 1864 1865 
3 1861 1866 1862 
3 1861 1865 1866 
3 1862 1866 932 
3 1862 932 931 
3 1862 931 1863 
3 1857 1867 1868 
3 1857 1868 1858 
3 1857 1856 1869 
3 1857 1869 1867 
3 1856 1853 1870 
3 1856 1870 1018 
3 1856 1018 1871 
3 1856 1871 1869 
3 1117 1116 1872 
3 1117 1873 1874 
3 1117 1874 1118 
3 1117 1875 1873 
3 1117 1872 1875 
3 1116 1876 1872 
3 1116 1122 1876 
3 1872 1876 1877 
3 1872 1877 1878 
3 1872 1878 1875 
3 1066 1193 1192 
3 1066 1192 1067 
3 1066 1637 1193 
3 1067 1192 1125 
3 1067 1125 1069 
3 1067 1069 1038 
3 1879 1880 1881 
3 1879 1252 1882 
3 1879 1882 1880 
3 1879 1881 1883 
3 1879 1884 1252 
3 1879 1883 1884 
3 1880 1885 1881 
3 1880 1882 1886 
3 1880 1887 1885 
3 1880 1886 1887 
3 1881 1885 1888 
3 1881 1888 1889 
3 1881 1889 1883 
3 1252 1251 1882 
3 1252 1884 1246 
3 1882 1251 1890 
3 1882 1890 1886 
3 1251 1249 1891 
3 1251 1891 1890 
3 1264 1651 1892 
3 1264 1892 1259 
3 1249 1250 1347 
3 1249 1347 1891 
3 1256 1893 1672 
3 1256 1258 1893 
3 1414 1894 1736 
3 1414 1415 1894 
3 1427 1738 1895 
3 1427 1895 1432 
3 247 274 277 
3 688 1511 691 
3 1508 1524 1510 
3 756 763 1534 
3 1561 1569 1572 
3 1896 1897 1898 
3 1896 1898 1899 
3 1896 1900 1897 
3 1896 1901 1900 
3 1896 1902 1901 
3 1896 1899 1903 
3 1896 1903 1902 
3 1897 1904 1898 
3 1897 1905 1904 
3 1897 1900 1906 
3 1897 1906 1905 
3 1898 1907 1899 
3 1898 1908 1907 
3 1898 1904 1908 
3 876 857 845 
3 876 882 857 
3 1899 1907 1909 
3 1899 1909 1910 
3 1899 1910 1903 
3 1852 1860 1911 
3 1852 1911 1912 
3 1852 1912 1855 
3 1913 962 1914 
3 1913 1915 1916 
3 1913 1914 1915 
3 1913 1916 939 
3 1913 939 951 
3 1913 951 962 
3 962 1917 1914 
3 962 959 1917 
3 1914 1918 1915 
3 1914 1919 1918 
3 1914 1917 1919 
3 1617 1614 1630 
3 1617 1630 1864 
3 1626 1920 1921 
3 1626 1628 1920 
3 1626 1921 1631 
3 1627 1922 1628 
3 1627 1629 1923 
3 1627 1924 1922 
3 1627 1923 1924 
3 1628 1922 1925 
3 1628 1925 1920 
3 1926 1927 1928 
3 1926 1929 1927 
3 1926 1930 1931 
3 1926 1928 1930 
3 1926 1648 1929 
3 1926 1931 1648 
3 1927 1929 1932 
3 1927 1932 1933 
3 1927 1934 1928 
3 1927 1933 1934 
3 1928 1922 1930 
3 1928 1925 1922 
3 1928 1934 1925 
3 1034 1004 1935 
3 1642 1936 1643 
3 1642 1937 1936 
3 1642 1644 1938 
3 1642 1938 1937 
3 1643 1936 1939 
3 1643 1940 1645 
3 1643 1939 1940 
3 1655 1637 1632 
3 1655 1632 1659 
3 1655 1658 1637 
3 1644 1649 1941 
3 1644 1941 1938 
3 1651 1647 1942 
3 1651 1942 1892 
3 1649 1272 1943 
3 1649 1943 1941 
3 1272 1689 1943 
3 1272 1270 1689 
3 1302 1656 1303 
3 1302 1301 1221 
3 1302 1657 1656 
3 1302 1221 1657 
3 1303 1944 1304 
3 1303 1663 1944 
3 1303 1656 1663 
3 1945 1946 1947 
3 1945 1947 1948 
3 1945 1949 1946 
3 1945 1950 1949 
3 1945 41 1950 
3 1945 1948 41 
3 1946 1951 1952 
3 1946 1952 1953 
3 1946 1953 1947 
3 1946 1949 1951 
3 1947 1953 1954 
3 1947 1954 1955 
3 1947 1955 1948 
3 1956 1957 73 
3 1956 1958 1959 
3 1956 1960 1958 
3 1956 73 1960 
3 1956 1961 1957 
3 1956 1959 1961 
3 1957 1962 74 
3 1957 74 73 
3 1957 1963 1962 
3 1957 1961 1963 
3 73 71 1960 
3 1964 71 79 
3 1964 79 1965 
3 1964 1965 1966 
3 1964 1960 71 
3 1964 1967 1960 
3 1964 1966 1967 
3 79 1723 1965 
3 79 78 1723 
3 1962 1968 97 
3 1962 97 74 
3 1962 1969 1968 
3 1962 1963 1969 
3 82 1970 1971 
3 82 1971 85 
3 82 88 1970 
3 1972 1973 1974 
3 1972 1974 1975 
3 1972 1975 1976 
3 1972 1976 1977 
3 1973 1978 1979 
3 1973 1979 1974 
3 1973 1980 1978 
3 1974 1979 1981 
3 1974 1981 1982 
3 1974 1982 1983 
3 1974 1983 1975 
3 1968 1984 112 
3 1968 112 97 
3 1968 1985 1984 
3 1968 1969 1985 
3 1984 1986 123 
3 1984 123 112 
3 1984 1987 1986 
3 1984 1985 1987 
3 101 1988 116 
3 101 1989 1988 
3 101 84 1989 
3 107 93 1990 
3 107 1990 1991 
3 107 1991 1992 
3 107 1992 108 
3 108 1745 110 
3 108 1992 1745 
3 1986 1993 146 
3 1986 146 123 
3 1986 1994 1993 
3 1986 1987 1994 
3 109 1742 1995 
3 109 1995 1726 
3 109 110 1742 
3 1993 1996 161 
3 1993 161 146 
3 1993 1997 1996 
3 1993 1994 1997 
3 136 1998 137 
3 136 1733 1999 
3 136 1999 1998 
3 1996 2000 187 
3 1996 187 161 
3 1996 2001 2000 
3 1996 1997 2001 
3 1742 1743 1995 
3 2000 2002 205 
3 2000 205 187 
3 2000 2003 2002 
3 2000 2001 2003 
3 153 154 194 
3 2002 2004 219 
3 2002 219 205 
3 2002 2005 2004 
3 2002 2003 2005 
3 193 2006 2007 
3 193 194 2006 
3 193 2007 209 
3 2004 2008 245 
3 2004 245 219 
3 2004 2009 2008 
3 2004 2005 2009 
3 2010 1761 2011 
3 2010 2012 2013 
3 2010 2011 2012 
3 2010 2013 2014 
3 2010 1764 1761 
3 2010 2014 1764 
3 1761 1762 2011 
3 2011 1762 2015 
3 2011 2016 2012 
3 2011 2015 2016 
3 2008 2017 273 
3 2008 273 245 
3 2008 2018 2017 
3 2008 2009 2018 
3 223 209 2019 
3 223 2019 2020 
3 223 2020 258 
3 1762 2021 2015 
3 1762 1763 2021 
3 2017 2022 2023 
3 2017 2023 273 
3 2017 2024 2022 
3 2017 2018 2024 
3 273 2023 272 
3 1763 2025 2021 
3 1763 1768 2025 
3 2015 2021 2026 
3 2015 2026 2027 
3 2015 2027 2016 
3 2021 2028 2026 
3 2021 2025 2028 
3 2026 312 2027 
3 2026 311 312 
3 2026 2028 311 
3 2022 2029 2030 
3 2022 2030 2023 
3 2022 2031 2029 
3 2022 2024 2031 
3 2023 2032 272 
3 2023 2030 2032 
3 272 2032 275 
3 1768 2033 2025 
3 1768 1771 2033 
3 2029 2034 2035 
3 2029 2035 2030 
3 2029 2036 2034 
3 2029 2031 2036 
3 2030 2037 2032 
3 2030 2035 2037 
3 300 2038 2039 
3 300 2039 343 
3 300 279 2038 
3 1771 1792 2033 
3 1771 1777 1792 
3 2034 2036 1774 
3 2034 2040 2035 
3 2034 2041 2040 
3 2034 2042 2041 
3 2034 1774 2042 
3 2035 2043 2037 
3 2035 2040 2043 
3 2032 2037 2044 
3 2032 2045 275 
3 2032 2044 2045 
3 2037 2046 2044 
3 2037 2043 2046 
3 2044 2046 2047 
3 2044 2047 2045 
3 342 2048 344 
3 342 2049 2048 
3 342 343 2049 
3 1777 1793 1792 
3 1777 1781 1793 
3 1781 2050 1793 
3 1781 1784 2050 
3 1792 1794 2033 
3 1793 2050 1790 
3 1797 2051 1787 
3 1797 1800 2052 
3 1797 2052 2051 
3 469 1791 502 
3 1800 1804 2053 
3 1800 2053 2052 
3 540 548 1464 
3 540 1464 2054 
3 540 2054 543 
3 1801 2055 2056 
3 1801 2056 1803 
3 1801 1802 2055 
3 1803 2056 2057 
3 1803 2057 2058 
3 1803 2058 1804 
3 1805 2059 1811 
3 1805 1806 2060 
3 1805 2060 2059 
3 1802 2061 2055 
3 1802 1458 2061 
3 2061 1457 2062 
3 2061 2062 2063 
3 2061 2063 2064 
3 2061 2064 2055 
3 2061 1458 1457 
3 2055 2064 2065 
3 2055 2065 2056 
3 2056 2065 2066 
3 2056 2066 2057 
3 1811 2067 1812 
3 1811 2059 2067 
3 2064 2063 2068 
3 2064 2068 2069 
3 2064 2069 2065 
3 2065 2069 2070 
3 2065 2070 2066 
3 690 691 2071 
3 690 2071 1810 
3 654 2072 655 
3 654 2073 2072 
3 654 662 2073 
3 668 674 2074 
3 668 2075 1814 
3 668 2074 2075 
3 661 1816 2076 
3 661 2076 2077 
3 661 2077 662 
3 1823 2078 1824 
3 1823 2079 2078 
3 1823 1829 2079 
3 1831 1824 2080 
3 1831 2081 2082 
3 1831 2082 1832 
3 1831 2080 2081 
3 1832 2082 2083 
3 1832 2083 2084 
3 1832 2085 1833 
3 1832 2084 2085 
3 786 787 2086 
3 786 2086 794 
3 815 1841 2087 
3 815 2088 804 
3 815 2087 2088 
3 821 824 2089 
3 821 2089 2090 
3 821 2090 827 
3 967 2091 973 
3 967 970 2091 
3 973 2092 974 
3 973 2091 2093 
3 973 2093 2092 
3 1057 2094 1108 
3 1057 2095 2094 
3 1057 1059 2095 
3 1108 2096 1152 
3 1108 2094 2096 
3 1885 1887 2097 
3 1885 2097 2098 
3 1885 2098 1888 
3 1886 1890 1673 
3 1886 2099 1887 
3 1886 1673 2099 
3 1212 1181 2100 
3 1212 2100 2101 
3 1212 2101 1234 
3 1890 1891 1674 
3 1890 1674 1673 
3 1234 2101 2102 
3 1234 2103 1235 
3 1234 2102 2103 
3 1235 2103 2104 
3 1235 2104 1236 
3 1891 1347 2105 
3 1891 2106 1674 
3 1891 2105 2106 
3 1530 2107 1524 
3 1530 2108 2107 
3 1530 1532 2108 
3 1549 2109 2110 
3 1549 2110 1550 
3 1549 1557 2109 
3 1550 2111 2112 
3 1550 2112 1551 
3 1550 2110 2111 
3 796 2113 2114 
3 796 797 2113 
3 796 2114 1564 
3 2115 2116 2117 
3 2115 2118 2116 
3 2115 2119 2118 
3 2115 2117 2120 
3 2115 2120 2121 
3 2115 2121 2119 
3 2116 2118 2122 
3 2116 2122 2123 
3 2116 2124 2117 
3 2116 2123 2124 
3 2117 2125 2126 
3 2117 2126 2120 
3 2117 2124 2125 
3 2127 2128 2129 
3 2127 2129 2130 
3 2127 2130 2131 
3 2127 2131 2132 
3 2127 2133 2128 
3 2127 2132 2133 
3 2128 2134 2135 
3 2128 2133 2134 
3 2128 2136 2129 
3 2128 2135 2136 
3 2129 2137 2130 
3 2129 2138 2137 
3 2129 2136 2138 
3 1922 1924 1930 
3 1930 2139 1931 
3 1930 1924 2139 
3 1929 1648 1645 
3 1929 1645 1940 
3 1929 1940 1932 
3 1932 1940 2140 
3 1932 2141 1933 
3 1932 2142 2141 
3 1932 2140 2142 
3 1935 1004 2143 
3 1935 2143 2144 
3 1193 1637 1658 
3 1193 1658 1194 
3 1672 2099 1673 
3 1672 1893 2099 
3 1941 1943 2145 
3 1941 2145 2146 
3 1941 2146 1938 
3 1943 1688 2145 
3 1943 1689 1688 
3 379 350 2147 
3 379 2147 2148 
3 379 2148 1449 
3 1531 2149 1532 
3 1531 1545 2149 
3 769 770 2150 
3 769 2150 787 
3 770 2151 2150 
3 770 767 2152 
3 770 2152 2151 
3 2153 2154 2155 
3 2153 2156 2157 
3 2153 2158 2156 
3 2153 2159 2158 
3 2153 2155 2159 
3 2153 2157 2154 
3 2154 2160 2155 
3 2154 2161 2160 
3 2154 2162 2161 
3 2154 2157 2163 
3 2154 2163 2162 
3 2155 2160 2164 
3 2155 2164 2165 
3 2155 2165 2159 
3 944 2166 945 
3 944 2167 2166 
3 944 1609 2167 
3 1864 1630 2168 
3 1864 2169 1865 
3 1864 2168 2170 
3 1864 2170 2169 
3 2171 2172 2173 
3 2171 2173 2174 
3 2171 2174 2175 
3 2171 2175 2176 
3 2171 2177 2172 
3 2171 2176 2177 
3 2172 2178 2173 
3 2172 2179 2178 
3 2172 2177 2180 
3 2172 2180 2179 
3 2173 2178 2181 
3 2173 2181 2182 
3 2173 2182 2174 
3 2178 2183 2181 
3 2178 2179 2184 
3 2178 2184 2183 
3 2181 2183 2185 
3 2181 2186 2182 
3 2181 2185 2186 
3 1650 1154 1183 
3 1650 1183 2187 
3 1650 2187 1282 
3 2188 201 2189 
3 2188 215 201 
3 2188 2190 215 
3 2188 2191 2192 
3 2188 2192 2190 
3 2188 2189 2191 
3 201 178 2189 
3 2189 2193 2191 
3 2189 178 2194 
3 2189 2194 2193 
3 2195 268 2196 
3 2195 2197 289 
3 2195 2198 2197 
3 2195 289 268 
3 2195 2199 2198 
3 2195 2196 2199 
3 268 241 2196 
3 2196 241 2190 
3 2196 2200 2199 
3 2196 2190 2200 
3 2197 2201 320 
3 2197 2202 2201 
3 2197 320 289 
3 2197 2198 2202 
3 2201 2203 359 
3 2201 2204 2203 
3 2201 359 320 
3 2201 2202 2204 
3 2203 2205 387 
3 2203 2206 2205 
3 2203 387 359 
3 2203 2204 2206 
3 2205 2207 417 
3 2205 2208 2207 
3 2205 417 387 
3 2205 2206 2208 
3 2207 2209 445 
3 2207 2210 2209 
3 2207 445 417 
3 2207 2208 2210 
3 2209 2211 474 
3 2209 2212 2211 
3 2209 474 445 
3 2209 2210 2212 
3 2211 2213 507 
3 2211 2214 2213 
3 2211 507 474 
3 2211 2212 2214 
3 2213 2215 532 
3 2213 2216 2215 
3 2213 532 507 
3 2213 2214 2216 
3 2215 2217 571 
3 2215 571 532 
3 2215 2216 2218 
3 2215 2218 2217 
3 2217 2219 597 
3 2217 2220 2219 
3 2217 597 571 
3 2217 2218 2220 
3 2219 2221 619 
3 2219 619 597 
3 2219 2220 2222 
3 2219 2222 2221 
3 2221 2223 676 
3 2221 2224 2223 
3 2221 676 619 
3 2221 2222 2224 
3 2223 2224 673 
3 2223 707 676 
3 2223 673 2225 
3 2223 2225 707 
3 2224 674 673 
3 2224 2226 674 
3 2224 2222 2226 
3 1904 2227 2228 
3 1904 1905 2227 
3 1904 2228 1908 
3 1905 2229 2227 
3 1905 2230 2229 
3 1905 1906 2230 
3 2227 2229 2231 
3 2227 2232 2228 
3 2227 2231 2232 
3 2228 2232 2233 
3 2228 2233 2234 
3 2228 2234 1908 
3 2235 2236 2237 
3 2235 2238 2236 
3 2239 2240 2241 
3 2239 2242 2243 
3 2239 2243 2244 
3 2239 2244 2240 
3 2239 2245 2242 
3 2239 2241 2245 
3 2240 2244 2246 
3 2240 2246 2247 
3 2240 2247 2248 
3 2240 2248 2241 
3 2241 2248 2249 
3 2241 2249 2245 
3 2250 2251 2252 
3 2250 2253 2251 
3 2250 2252 2254 
3 2250 2255 2253 
3 2250 2256 2255 
3 2250 2254 2256 
3 2251 2257 2258 
3 2251 2253 2257 
3 2251 2258 2259 
3 2251 2259 2252 
3 2252 2259 2260 
3 2252 2261 2254 
3 2252 2260 2261 
3 2262 2263 2264 
3 2262 2265 2266 
3 2262 2266 2263 
3 2262 2267 2265 
3 2262 2268 2267 
3 2262 2264 2268 
3 2263 2269 2270 
3 2263 2270 2271 
3 2263 2271 2264 
3 2263 2266 2269 
3 2264 2272 2273 
3 2264 2271 2272 
3 2264 2273 2268 
3 617 2274 594 
3 617 637 2275 
3 617 2275 2274 
3 2238 2276 2277 
3 2238 2278 2236 
3 2238 2277 2278 
3 1629 2279 1923 
3 1629 1616 2279 
3 2280 2281 2282 
3 2280 2283 2284 
3 2280 2285 2283 
3 2280 2286 2285 
3 2280 2282 2286 
3 2280 2287 2281 
3 2280 2284 2287 
3 2281 2288 2289 
3 2281 2289 2290 
3 2281 2287 2288 
3 2281 2290 2282 
3 2282 2291 2286 
3 2282 2290 2292 
3 2282 2293 2291 
3 2282 2292 2293 
3 1486 1490 2294 
3 1486 2294 1499 
3 1472 2295 1473 
3 1472 1478 2296 
3 1472 2296 2295 
3 1501 2297 1504 
3 1501 2298 2297 
3 1501 1502 2298 
3 730 2299 731 
3 730 1577 2299 
3 1887 2099 2300 
3 1887 2300 2097 
3 1348 2105 1347 
3 1348 2301 2302 
3 1348 2302 2105 
3 1348 1346 2301 
3 2105 2302 2106 
3 1457 2303 2062 
3 1457 1455 2303 
3 1455 2304 2303 
3 1455 1454 2304 
3 2305 2062 1492 
3 2305 1488 2306 
3 2305 2306 2307 
3 2305 1492 1488 
3 2305 2063 2062 
3 2305 2307 2063 
3 2062 2303 1492 
3 1492 2303 1493 
3 2306 1489 2308 
3 2306 2309 2307 
3 2306 1488 1489 
3 2306 2308 2309 
3 2308 1498 2310 
3 2308 2310 2311 
3 2308 1489 1498 
3 2308 2311 2309 
3 2310 1498 1504 
3 2310 1504 2079 
3 2310 1829 2311 
3 2310 2079 1829 
3 1532 2149 2312 
3 1532 2313 2108 
3 1532 2312 2313 
3 344 2048 435 
3 2314 2315 1543 
3 2314 1563 2316 
3 2314 1543 1563 
3 2314 2317 2315 
3 2314 2316 2318 
3 2314 2318 2317 
3 2315 1542 1543 
3 2315 2319 1542 
3 2315 2320 2319 
3 2315 2321 2320 
3 2315 2317 2321 
3 2316 1563 1571 
3 2316 1571 2322 
3 2316 2322 2323 
3 2316 2323 2318 
3 2216 2214 2324 
3 2216 2324 2325 
3 2216 2325 2218 
3 2220 2218 2326 
3 2220 2326 2327 
3 2220 2327 2222 
3 2328 2329 2330 
3 2328 2331 2329 
3 2328 2332 2331 
3 2328 2330 2333 
3 2328 2333 2334 
3 2328 2334 2332 
3 2329 2335 2330 
3 2329 2331 2336 
3 2329 2336 2337 
3 2329 2337 2335 
3 2330 2338 2333 
3 2330 2339 2338 
3 2330 2335 2339 
3 349 1438 350 
3 2331 2332 2340 
3 2331 2340 2341 
3 2331 2341 2336 
3 706 707 736 
3 1444 2185 317 
3 1444 2342 2185 
3 1444 2343 2342 
3 1444 2344 2343 
3 1444 1445 2344 
3 317 2183 318 
3 317 2185 2183 
3 2112 2111 2345 
3 2112 2345 2346 
3 2112 2347 1551 
3 2112 2346 2348 
3 2112 2348 2347 
3 2111 2110 2349 
3 2111 2350 2345 
3 2111 2349 2350 
3 2345 2351 2346 
3 2345 2352 2351 
3 2345 2350 2352 
3 2006 2353 2007 
3 2006 194 2354 
3 2006 2355 2353 
3 2006 2354 2355 
3 2353 2356 2007 
3 2353 2355 2357 
3 2353 2357 2358 
3 2353 2358 2356 
3 2007 2356 2019 
3 2007 2019 209 
3 2091 2359 2093 
3 2091 2360 2359 
3 2091 970 2360 
3 2361 1837 2362 
3 2361 2363 2364 
3 2361 2365 2363 
3 2361 2362 2365 
3 2361 2366 1837 
3 2361 2364 2366 
3 1837 1836 2362 
3 1837 2366 1839 
3 2362 2367 2365 
3 2362 2368 2367 
3 2362 1836 2368 
3 2369 2370 2371 
3 2369 2372 2370 
3 2369 2373 2374 
3 2369 2371 2375 
3 2369 2376 2373 
3 2369 2375 2376 
3 2369 2374 2372 
3 2370 2372 2377 
3 2371 2378 2375 
3 2379 2204 2380 
3 2379 2381 2206 
3 2379 2380 2382 
3 2379 2383 2381 
3 2379 2206 2204 
3 2379 2382 2383 
3 2204 2202 2380 
3 2380 2384 2382 
3 2380 2202 2385 
3 2380 2385 2384 
3 2381 2386 2208 
3 2381 2387 2386 
3 2381 2208 2206 
3 2381 2383 2387 
3 2386 2388 2210 
3 2386 2389 2388 
3 2386 2210 2208 
3 2386 2387 2389 
3 2388 2390 2212 
3 2388 2391 2390 
3 2388 2212 2210 
3 2388 2389 2391 
3 1445 2392 2344 
3 1445 316 2392 
3 2390 2324 2214 
3 2390 2214 2212 
3 2390 2391 2393 
3 2390 2393 2324 
3 2324 2394 2395 
3 2324 2395 2325 
3 2324 2393 2394 
3 2396 2397 2398 
3 2396 2399 2400 
3 2396 2400 2397 
3 2396 2398 1951 
3 2396 1949 2399 
3 2396 1951 1949 
3 2397 2401 2398 
3 2397 2402 2401 
3 2397 2403 2402 
3 2397 2400 2403 
3 2398 2404 1951 
3 2398 2405 2404 
3 2398 2401 2405 
3 2399 45 2406 
3 2399 2406 2400 
3 2399 1950 45 
3 2399 1949 1950 
3 2400 2406 2407 
3 2400 2407 2403 
3 45 44 2406 
3 45 1950 41 
3 2406 44 2408 
3 2406 2408 2407 
3 44 42 2409 
3 44 2409 2408 
3 42 43 2410 
3 42 2410 2409 
3 43 54 2411 
3 43 2411 2410 
3 54 63 2412 
3 54 2412 2411 
3 63 91 2413 
3 63 2413 2412 
3 91 106 2414 
3 91 2414 2413 
3 106 121 2415 
3 106 2415 2414 
3 121 2416 2415 
3 121 144 2416 
3 144 159 2417 
3 144 2417 2416 
3 159 173 2418 
3 159 2418 2417 
3 1751 2419 2420 
3 1751 2420 2421 
3 1751 2421 1752 
3 1751 1753 2419 
3 2419 2422 2423 
3 2419 2423 2420 
3 2419 1753 2422 
3 2420 2423 2424 
3 2420 2424 2425 
3 2420 2425 2421 
3 173 2426 2418 
3 173 199 2427 
3 173 2427 2426 
3 2428 2429 2430 
3 2428 2431 2432 
3 2428 2432 2429 
3 2428 2433 2431 
3 2428 2430 2434 
3 2428 2434 2433 
3 2429 2435 2430 
3 2429 2436 2437 
3 2429 2432 2436 
3 2429 2437 2435 
3 2430 2438 2434 
3 2430 2439 2438 
3 2430 2435 2439 
3 2025 2440 2028 
3 2025 2033 2440 
3 2033 1794 2440 
3 390 2441 420 
3 390 2442 2441 
3 390 365 2442 
3 365 366 2443 
3 365 2443 2442 
3 420 2441 481 
3 432 460 2444 
3 432 2445 433 
3 432 2444 2445 
3 483 484 2446 
3 483 2446 559 
3 515 562 516 
3 606 581 2447 
3 606 2447 2448 
3 606 2448 628 
3 581 2449 2447 
3 581 554 2449 
3 2367 2368 2450 
3 2367 2450 2451 
3 2367 2452 2365 
3 2367 2451 2452 
3 2368 1836 2453 
3 2368 2453 2454 
3 2368 2454 2450 
3 2450 2454 2455 
3 2450 2455 2456 
3 2450 2456 2451 
3 1160 1195 1161 
3 1206 1229 1208 
3 1229 1279 2457 
3 1229 2457 1208 
3 1279 1311 2458 
3 1279 2458 2457 
3 93 65 2459 
3 93 2459 1990 
3 2303 2304 1493 
3 976 1608 2460 
3 976 2460 2461 
3 976 2461 971 
3 1608 2462 2460 
3 1608 877 2462 
3 1608 901 877 
3 1608 907 901 
3 350 1438 2147 
3 357 2392 316 
3 357 2463 2392 
3 357 2464 2463 
3 357 385 2464 
3 2307 2068 2063 
3 2307 2465 2068 
3 2307 2309 2465 
3 2311 2466 2309 
3 2311 1829 1830 
3 2311 1830 2466 
3 2242 2467 2468 
3 2242 2468 2243 
3 2242 2245 2469 
3 2242 2469 2467 
3 2243 2468 782 
3 2243 782 2470 
3 2243 2470 2244 
3 1542 2319 1544 
3 2097 2471 2098 
3 2097 2472 2471 
3 2097 2300 2472 
3 2473 2474 2475 
3 2473 2476 2474 
3 2473 2477 2478 
3 2473 2478 2479 
3 2473 2479 2476 
3 2473 2475 2477 
3 2474 2480 2481 
3 2474 2481 2475 
3 2474 2482 2480 
3 2474 2476 2482 
3 2475 2481 2483 
3 2475 2483 2484 
3 2475 2484 2477 
3 2481 2480 2485 
3 2481 2485 2486 
3 2481 2487 2483 
3 2481 2486 2487 
3 2483 2488 2484 
3 2483 2487 2488 
3 178 180 2194 
3 215 2190 241 
3 673 670 2225 
3 674 2226 2074 
3 2489 2490 2491 
3 2489 2492 2490 
3 2489 2493 2494 
3 2489 2491 2493 
3 2489 2494 2495 
3 2489 2495 2492 
3 2490 2496 2497 
3 2490 2492 2496 
3 2490 2498 2491 
3 2490 2497 2498 
3 2491 2499 2493 
3 2491 2498 2348 
3 2491 2348 2499 
3 2492 2500 2501 
3 2492 2501 2496 
3 2492 2495 2500 
3 2502 2503 2504 
3 2502 2505 2503 
3 2502 2504 2506 
3 2502 2506 2507 
3 2502 2508 2505 
3 2502 2507 2508 
3 2503 2505 2509 
3 2503 2510 2504 
3 2503 2511 2510 
3 2503 2509 2511 
3 2504 2512 2497 
3 2504 2510 2512 
3 2504 2497 2506 
3 2231 2229 2513 
3 2231 2513 2514 
3 2231 2514 2515 
3 2231 2515 2232 
3 2229 2230 2516 
3 2229 2516 2513 
3 1859 1858 1868 
3 1859 1868 2517 
3 1859 2517 2518 
3 1859 2518 2519 
3 1859 2519 1860 
3 1860 2519 2520 
3 1860 2520 1911 
3 1867 2521 1868 
3 1867 1869 2522 
3 1867 2523 2521 
3 1867 2522 2523 
3 1868 2521 2517 
3 1710 1706 2524 
3 1413 1731 2525 
3 1413 2525 1415 
3 2013 2526 2527 
3 2013 2012 2526 
3 2013 2527 2528 
3 2013 2528 2014 
3 2526 2529 2530 
3 2526 2530 2531 
3 2526 2012 2529 
3 2526 2532 2527 
3 2526 2531 2532 
3 2527 2533 2528 
3 2527 2534 2533 
3 2527 2532 2534 
3 2535 2514 2536 
3 2535 2536 2537 
3 2535 2537 2538 
3 2535 2539 2514 
3 2535 2538 2539 
3 2514 2513 2536 
3 2514 2539 2515 
3 2536 2540 2537 
3 2536 2541 2540 
3 2536 2513 2542 
3 2536 2542 2541 
3 1670 2543 1671 
3 1670 1674 2106 
3 1670 2106 2543 
3 2092 1609 974 
3 2092 2167 1609 
3 2092 2544 2167 
3 2092 2093 2544 
3 2372 2545 2546 
3 2372 2546 2377 
3 2372 2374 2545 
3 2547 2548 2549 
3 2547 2373 2548 
3 2547 2549 2550 
3 2547 2550 2551 
3 2547 2552 2373 
3 2547 2551 2552 
3 2548 2553 2549 
3 2548 2554 2553 
3 2548 2373 2376 
3 2548 2376 2554 
3 2549 2553 2555 
3 2549 2555 2556 
3 2549 2556 2550 
3 2553 2557 2555 
3 2553 2558 2557 
3 2553 2554 2558 
3 2555 2559 2459 
3 2555 2459 2556 
3 2555 2557 2559 
3 1504 2297 2079 
3 1907 2560 1909 
3 1907 1908 2561 
3 1907 2561 2560 
3 2198 2385 2202 
3 2198 2562 2385 
3 2198 2199 2562 
3 2365 2563 2363 
3 2365 2452 2563 
3 2513 2516 2564 
3 2513 2564 2542 
3 2565 782 781 
3 2565 2470 782 
3 2565 2566 2567 
3 2565 2567 2470 
3 2565 2568 2566 
3 2565 781 2568 
3 782 2468 776 
3 781 2569 2568 
3 781 780 2569 
3 995 1003 2570 
3 995 2570 2571 
3 995 2571 996 
3 2572 2573 2574 
3 2572 1500 2575 
3 2572 2575 2573 
3 2572 2576 2577 
3 2572 2577 1500 
3 2572 2578 2576 
3 2572 2574 2578 
3 2573 2579 2580 
3 2573 2575 2579 
3 2573 2580 2581 
3 2573 2581 2574 
3 2574 2581 2582 
3 2574 2583 2578 
3 2574 2582 2583 
3 2584 2284 2283 
3 2584 2585 2586 
3 2584 2283 2585 
3 2584 2586 2587 
3 2584 2587 2588 
3 2584 2588 2284 
3 2284 2588 2589 
3 2284 2589 2287 
3 2283 2285 2590 
3 2283 2590 2585 
3 2436 2432 2591 
3 2436 2592 2437 
3 2436 2593 2592 
3 2436 2591 2593 
3 2432 2594 2591 
3 2432 2431 2594 
3 2591 2594 2595 
3 2591 2596 2593 
3 2591 2595 2596 
3 2597 2341 2340 
3 2597 2598 2341 
3 2597 2340 2599 
3 2597 2599 2600 
3 2597 2601 2598 
3 2597 2600 2601 
3 2341 2598 2602 
3 2341 2602 2336 
3 2340 2332 2603 
3 2340 2603 2599 
3 696 2604 638 
3 696 732 2604 
3 731 2605 732 
3 731 2606 2605 
3 731 2299 2606 
3 1000 1870 1002 
3 1000 1018 1870 
3 1002 1870 1853 
3 1002 1853 1854 
3 1002 1854 1003 
3 2607 1032 2608 
3 2607 2609 1032 
3 2607 2610 2611 
3 2607 2611 2609 
3 2607 2612 2610 
3 2607 2608 2612 
3 1032 1030 2608 
3 1032 2609 1033 
3 2608 2613 2612 
3 2608 1030 1093 
3 2608 1093 2613 
3 1493 2304 2614 
3 1493 2614 1494 
3 2615 2616 2617 
3 2615 2617 2618 
3 2615 2618 2619 
3 2615 2619 2620 
3 2615 2620 2621 
3 2615 2621 2616 
3 2616 2622 2617 
3 2616 2621 2623 
3 2616 2624 2622 
3 2616 2623 2624 
3 2617 2622 2625 
3 2617 2625 2626 
3 2617 2626 2627 
3 2617 2627 2618 
3 670 2628 2225 
3 670 672 2628 
3 1062 1636 1064 
3 9 2629 2630 
3 9 8 2629 
3 1824 2078 2080 
3 2269 2631 2270 
3 2269 2632 2633 
3 2269 2633 2631 
3 2269 2266 2632 
3 2270 2631 2634 
3 2270 2635 2271 
3 2270 2634 2635 
3 1699 2636 1700 
3 1699 1708 2637 
3 1699 2637 2636 
3 318 2183 2184 
3 318 2184 2638 
3 318 2638 313 
3 2364 2639 2366 
3 2364 2640 2639 
3 2364 2641 2640 
3 2364 2363 2641 
3 2363 2642 2641 
3 2363 2563 2642 
3 2382 2643 2644 
3 2382 2644 2383 
3 2382 2384 2643 
3 2383 2645 2387 
3 2383 2644 2645 
3 2387 2645 2646 
3 2387 2646 2389 
3 2389 2646 2647 
3 2389 2647 2391 
3 2391 2648 2393 
3 2391 2647 2648 
3 2649 2650 2651 
3 2649 2652 2650 
3 2649 2651 2653 
3 2649 2653 2654 
3 2649 2655 2652 
3 2649 2654 2655 
3 2650 2656 2651 
3 2650 2652 2657 
3 2650 2657 2658 
3 2650 2658 2656 
3 2651 2659 2660 
3 2651 2656 2659 
3 2651 2660 2653 
3 2435 2437 2661 
3 2435 2661 2662 
3 2435 2662 2439 
3 481 2663 484 
3 481 2441 2663 
3 460 2664 2444 
3 460 496 2664 
3 552 2665 555 
3 552 2666 2665 
3 552 559 2666 
3 500 530 2667 
3 500 2667 2668 
3 500 2668 467 
3 554 2295 2449 
3 554 555 2295 
3 562 585 2669 
3 562 2669 516 
3 584 610 586 
3 2160 2631 2633 
3 2160 2633 2164 
3 2160 2161 2631 
3 2271 2635 2670 
3 2271 2670 2272 
3 1865 2671 1866 
3 1865 2672 2671 
3 1865 2169 2672 
3 2673 2674 2675 
3 2673 2676 2674 
3 2674 2677 2675 
3 2674 2678 2677 
3 2674 2676 2679 
3 2674 2680 2678 
3 2674 2679 2680 
3 2675 2677 2681 
3 10 2682 15 
3 1453 2683 1454 
3 1453 1450 2684 
3 1453 2684 2683 
3 1454 2685 2304 
3 1454 2683 2685 
3 2686 1585 1584 
3 2686 1584 2687 
3 2686 2687 2688 
3 2686 2688 2689 
3 2686 1590 1585 
3 2686 2689 1590 
3 1584 2690 2687 
3 1584 1583 2690 
3 857 2691 858 
3 857 882 2691 
3 2691 2692 2693 
3 2691 2693 858 
3 2691 904 2692 
3 2691 882 904 
3 858 2693 2694 
3 858 2694 849 
3 1738 1740 2422 
3 1738 2422 1895 
3 2309 2466 2465 
3 1544 2319 2695 
3 1544 2696 1545 
3 1544 2695 2696 
3 2319 2320 2697 
3 2319 2697 2695 
3 1979 1978 2698 
3 1979 2698 2699 
3 1979 2699 1981 
3 1978 2700 2698 
3 2698 2701 2702 
3 2698 2702 2699 
3 2698 2700 2701 
3 2645 2703 2646 
3 2645 2704 2705 
3 2645 2644 2704 
3 2645 2705 2703 
3 2646 2703 2706 
3 2646 2706 2647 
3 2647 2707 2648 
3 2647 2706 2707 
3 707 2225 736 
3 1708 1709 2708 
3 1708 2709 2637 
3 1708 2708 2709 
3 2276 2710 2711 
3 2276 2711 2277 
3 2149 2712 2312 
3 2149 2713 2712 
3 2149 1545 2713 
3 2312 2714 2715 
3 2312 2712 2714 
3 2312 2715 2313 
3 1915 1918 2716 
3 1915 2716 2717 
3 1915 2717 1916 
3 1916 938 939 
3 1916 2718 938 
3 1916 2717 2718 
3 1873 2719 1064 
3 1873 2720 2719 
3 1873 1875 2720 
3 1873 1064 1874 
3 1874 1636 1118 
3 1874 1064 1636 
3 1701 2721 2722 
3 1701 2722 1705 
3 1701 1704 2721 
3 2373 2552 2374 
3 2459 65 2556 
3 2459 2559 1990 
3 2559 2557 2723 
3 2559 1991 1990 
3 2559 2723 1991 
3 2185 2342 2186 
3 2496 2506 2497 
3 2496 2724 2506 
3 2496 2501 2724 
3 2497 2512 2498 
3 2505 2508 2725 
3 2505 2725 2726 
3 2505 2726 2509 
3 1900 2727 2728 
3 1900 1901 2727 
3 1900 2728 1906 
3 1918 2729 2716 
3 1918 2730 2729 
3 1918 1919 2730 
3 1752 2421 2731 
3 1752 2732 1441 
3 1752 2293 2732 
3 1752 2731 2293 
3 2199 2200 2733 
3 2199 2733 2562 
3 2332 2334 2734 
3 2332 2734 2603 
3 2468 2467 2735 
3 2468 2735 776 
3 2470 2567 2736 
3 2470 2736 2244 
3 996 2571 2737 
3 996 2738 998 
3 996 2737 2738 
3 2618 2739 2619 
3 2618 2627 2740 
3 2618 2740 2739 
3 2431 2433 339 
3 2431 339 340 
3 2431 340 2594 
3 2741 2742 2446 
3 2741 2446 484 
3 2741 484 2663 
3 2741 2663 2743 
3 2741 2744 2742 
3 2741 2743 2744 
3 2742 2744 2745 
3 2742 2745 2746 
3 2742 2666 2446 
3 2742 2746 2666 
3 2446 2666 559 
3 2575 2294 2579 
3 2575 1499 2294 
3 2575 1500 1499 
3 1500 2577 2747 
3 1500 2747 1497 
3 2076 704 703 
3 2076 1816 704 
3 2076 703 2748 
3 2076 2748 2077 
3 1816 2749 704 
3 1816 1817 2749 
3 840 2750 841 
3 840 1843 2750 
3 863 809 2751 
3 863 808 809 
3 863 2751 864 
3 864 2751 2752 
3 864 2752 2753 
3 864 2753 865 
3 865 2753 869 
3 2754 2755 2756 
3 2754 2757 2755 
3 2754 2758 2759 
3 2754 2759 2757 
3 2754 2756 2760 
3 2754 2760 2758 
3 2755 2757 2761 
3 2755 2762 2763 
3 2755 2763 2756 
3 2755 2761 2762 
3 2756 2763 2764 
3 2756 2764 2765 
3 2756 2765 2760 
3 911 927 2766 
3 911 2766 2767 
3 911 2767 912 
3 1018 1019 1871 
3 1030 1031 1093 
3 2768 2769 2770 
3 2768 2771 2769 
3 2768 2770 2772 
3 2768 2772 2773 
3 2768 2774 2771 
3 2768 2773 2774 
3 2769 2771 2775 
3 2769 2776 2770 
3 2769 2777 2776 
3 2769 2775 2777 
3 2770 2776 2778 
3 2770 2778 2779 
3 2770 2779 2772 
3 594 2274 2780 
3 594 2780 2781 
3 594 2781 595 
3 1923 2782 2783 
3 1923 2279 2782 
3 1923 2783 1924 
3 1931 1647 1648 
3 1931 1942 1647 
3 1931 2139 1942 
3 2784 2785 2786 
3 2784 2787 2785 
3 2788 2789 2790 
3 2788 2467 2789 
3 2788 2735 2467 
3 2788 2791 2735 
3 2788 2792 2791 
3 2788 2790 2792 
3 2789 2793 2794 
3 2789 2794 2790 
3 2789 2469 2793 
3 2789 2467 2469 
3 2790 2794 2795 
3 2790 2795 2796 
3 2790 2796 2792 
3 1571 2797 2322 
3 1571 1572 2797 
3 1753 1754 1895 
3 1753 1895 2422 
3 2333 2798 2799 
3 2333 2338 2798 
3 2333 2799 2334 
3 2800 2801 2802 
3 2800 2803 2801 
3 2800 2804 2805 
3 2800 2802 2804 
3 2800 2805 2806 
3 2800 2806 2803 
3 2801 2807 2802 
3 2801 2808 2807 
3 2801 2803 2809 
3 2801 2809 2808 
3 2802 2807 2810 
3 2802 2811 2804 
3 2802 2810 2811 
3 2812 2813 2814 
3 2812 2815 2816 
3 2812 2814 2817 
3 2812 2816 2818 
3 2812 2818 2813 
3 2812 2817 2815 
3 2813 2819 2820 
3 2813 2820 2814 
3 2813 2818 2819 
3 2814 2820 2821 
3 2814 2821 2822 
3 2814 2822 2817 
3 805 2823 809 
3 805 807 2824 
3 805 2824 2823 
3 84 85 2825 
3 84 2825 1989 
3 2631 2161 2634 
3 2633 2826 2164 
3 2633 2632 2826 
3 274 2827 2828 
3 274 2828 277 
3 274 275 2827 
3 2821 2820 1912 
3 2821 1911 2829 
3 2821 1912 1911 
3 2821 2829 2822 
3 2820 2830 1912 
3 2820 2831 2830 
3 2820 2819 2831 
3 1912 2830 1855 
3 2832 2833 2289 
3 2832 2289 2834 
3 2832 2834 2835 
3 2832 2835 2836 
3 2832 2836 2837 
3 2832 2838 2833 
3 2832 2837 2838 
3 2833 2292 2290 
3 2833 2290 2289 
3 2833 2838 2839 
3 2833 2839 2292 
3 2289 2288 2834 
3 2374 2552 2545 
3 2384 2840 2841 
3 2384 2842 2840 
3 2384 2385 2842 
3 2384 2841 2643 
3 2843 2844 2845 
3 2843 2845 2846 
3 2843 2847 2844 
3 2843 2848 2847 
3 2843 2846 2849 
3 2843 2849 2848 
3 2844 2850 2845 
3 2844 2851 2850 
3 2844 2852 2851 
3 2844 2847 2852 
3 2845 2853 2846 
3 2845 2854 2853 
3 2845 2850 2854 
3 2855 2856 2857 
3 2855 2857 2858 
3 2856 2859 2860 
3 2856 2861 2859 
3 2856 2860 2857 
3 2859 2862 2860 
3 2859 2863 2862 
3 2859 2864 2863 
3 2859 2861 2864 
3 2860 2862 2865 
3 2860 2865 2866 
3 2860 2866 2857 
3 2862 2867 2865 
3 2862 2863 2868 
3 2862 2868 2867 
3 2244 2736 2246 
3 1551 2869 1552 
3 1551 2347 2869 
3 2870 2871 2872 
3 2870 2873 2871 
3 2872 2871 2874 
3 2872 2874 2875 
3 2872 2876 2877 
3 2872 2875 2876 
3 1911 2520 2829 
3 1064 2719 1065 
3 1616 1623 2279 
3 2080 2878 2879 
3 2080 2078 2878 
3 2080 2879 2081 
3 829 2880 830 
3 829 1839 2881 
3 829 2881 2880 
3 830 2323 822 
3 830 2880 2318 
3 830 2318 2323 
3 2882 2883 2884 
3 2882 2884 2885 
3 2882 2885 2267 
3 2882 2268 2886 
3 2882 2267 2268 
3 2882 2887 2883 
3 2882 2886 2887 
3 2883 2888 2884 
3 2883 2887 2889 
3 2883 2889 2809 
3 2883 2809 2888 
3 2884 2890 2885 
3 2884 2891 2890 
3 2884 2888 2891 
3 2892 2604 2893 
3 2892 2894 2275 
3 2892 2275 637 
3 2892 637 2604 
3 2892 2895 2896 
3 2892 2893 2895 
3 2892 2896 2894 
3 2604 637 638 
3 2604 732 2893 
3 2893 2897 2895 
3 2893 732 2605 
3 2893 2605 2897 
3 2898 2899 2900 
3 2898 2900 2901 
3 2898 2175 2902 
3 2898 2901 2175 
3 2898 2705 2899 
3 2898 2902 2705 
3 2899 2903 2900 
3 2899 2904 2903 
3 2899 2905 2904 
3 2899 2705 2704 
3 2899 2704 2905 
3 2900 2903 2906 
3 2900 2907 2901 
3 2900 2906 2907 
3 2908 2909 2910 
3 2908 2911 2909 
3 2908 2912 2913 
3 2908 2913 2911 
3 2908 2914 2912 
3 2908 2910 2914 
3 2909 2915 2916 
3 2909 2911 2915 
3 2909 2917 2910 
3 2909 2916 2917 
3 2910 2918 2914 
3 2910 2919 2918 
3 2910 2917 2919 
3 2920 2913 2912 
3 2920 2921 2913 
3 2920 2922 2921 
3 2920 2923 2922 
3 2920 2912 2924 
3 2920 2924 2925 
3 2920 2925 2923 
3 2913 2926 2911 
3 2913 2921 2926 
3 2912 2927 2924 
3 2912 2914 2927 
3 2356 2928 2019 
3 2356 2929 2928 
3 2356 2358 2929 
3 2019 2928 2020 
3 1576 2930 2931 
3 1576 1581 2930 
3 1576 2931 1577 
3 2932 2933 2934 
3 2932 2934 2935 
3 2932 2936 2933 
3 2932 2937 2936 
3 2932 2938 2937 
3 2932 2935 2938 
3 2933 2936 2939 
3 2933 2939 2940 
3 2933 2941 2934 
3 2933 2940 2941 
3 2934 2942 2935 
3 2934 2943 2942 
3 2934 2941 2943 
3 2304 2685 2614 
3 2685 2944 2614 
3 2685 2683 2945 
3 2685 2945 2944 
3 2776 2946 2778 
3 2776 2947 2946 
3 2776 2777 2947 
3 2778 2948 2779 
3 2778 2949 2948 
3 2778 2946 2950 
3 2778 2950 2949 
3 194 154 2354 
3 2901 2176 2175 
3 2901 2951 2176 
3 2901 2907 2951 
3 2952 2953 2954 
3 2952 2955 2953 
3 2952 2956 2957 
3 2952 2954 2956 
3 2952 2958 2955 
3 2952 2957 2958 
3 2953 2959 2954 
3 2953 2960 2959 
3 2953 2955 2961 
3 2953 2961 2960 
3 2954 2962 2956 
3 2954 2963 2962 
3 2954 2959 2963 
3 2964 2703 2902 
3 2964 2902 2174 
3 2964 2174 2182 
3 2964 2706 2703 
3 2964 2965 2706 
3 2964 2182 2966 
3 2964 2966 2965 
3 2703 2705 2902 
3 2902 2175 2174 
3 2734 2799 2967 
3 2734 2334 2799 
3 2734 2968 2969 
3 2734 2967 2968 
3 2734 2969 2603 
3 2799 2970 2967 
3 2799 2798 2970 
3 2967 2970 2971 
3 2967 2971 2972 
3 2967 2972 2968 
3 2973 2974 2975 
3 2973 2975 2923 
3 2973 2923 2925 
3 2973 2976 2977 
3 2973 2925 2976 
3 2973 2977 2978 
3 2973 2978 2974 
3 2974 2979 2975 
3 2974 2980 2979 
3 2974 2981 2980 
3 2974 2978 2981 
3 2975 2979 2982 
3 2975 2983 2923 
3 2975 2982 2983 
3 2984 778 2985 
3 2984 779 778 
3 2984 2985 2986 
3 2984 2986 2987 
3 2984 2987 2988 
3 2984 2988 779 
3 778 777 2989 
3 778 2989 2985 
3 2985 2989 2540 
3 2985 2540 2541 
3 2985 2541 2986 
3 2990 2991 2992 
3 2990 2992 2993 
3 2990 2993 2994 
3 2990 2798 2991 
3 2990 2995 2798 
3 2990 2994 2995 
3 2991 2798 2338 
3 2991 2338 2996 
3 2991 2997 2992 
3 2991 2996 2997 
3 2992 2998 2993 
3 2992 2999 2998 
3 2992 2997 2999 
3 3000 3001 3002 
3 3000 3003 3001 
3 3000 3004 3005 
3 3000 3002 3004 
3 3000 3006 3003 
3 3000 3005 3006 
3 3001 2961 3002 
3 3001 3007 2961 
3 3001 3008 3007 
3 3001 3003 3008 
3 3002 2961 2955 
3 3002 3009 3004 
3 3002 2955 3009 
3 2921 2922 3010 
3 2921 3011 2926 
3 2921 3010 3011 
3 3012 3013 3014 
3 3012 2766 927 
3 3012 927 3013 
3 3012 3015 2766 
3 3012 3016 3015 
3 3012 3014 3016 
3 3013 3017 3014 
3 3013 926 945 
3 3013 927 926 
3 3013 945 3017 
3 3014 3017 3018 
3 3014 3018 2095 
3 3014 2095 3016 
3 2771 3019 2775 
3 2771 3020 3019 
3 2771 2774 3020 
3 2865 3021 3022 
3 2865 2867 3021 
3 2865 3022 2866 
3 2867 3023 3021 
3 2867 3024 3023 
3 2867 2868 3024 
3 1688 3025 2145 
3 1688 1687 3025 
3 3026 3027 1680 
3 3026 3028 3027 
3 3027 3029 3030 
3 3027 1681 1680 
3 3027 3030 1681 
3 3027 3028 3029 
3 1152 3031 1181 
3 1152 2096 3031 
3 2710 3032 2711 
3 671 701 3033 
3 671 3033 672 
3 1854 1855 1003 
3 3034 3035 3036 
3 3034 3037 3038 
3 3034 3038 3035 
3 3034 3039 3037 
3 3034 3040 3039 
3 3034 3036 3040 
3 3035 3041 3036 
3 3035 3042 3041 
3 3035 3043 3042 
3 3035 3038 3043 
3 3036 3041 3044 
3 3036 3044 3045 
3 3036 3045 3040 
3 3046 3047 2676 
3 3046 1349 3047 
3 3047 2679 2676 
3 3047 1349 1328 
3 3047 1330 2679 
3 3047 1328 1330 
3 2935 2942 3048 
3 2935 3048 3049 
3 2935 3049 2938 
3 2048 3050 3051 
3 2048 2049 3050 
3 2048 3051 435 
3 3052 3053 3054 
3 3052 3055 3056 
3 3052 3057 3055 
3 3052 3054 3057 
3 3052 3058 3053 
3 3052 3056 3058 
3 3053 3059 2630 
3 3053 3058 3059 
3 3053 2630 2629 
3 3053 2629 3054 
3 3054 3060 3057 
3 3054 1712 3060 
3 3054 2629 1712 
3 3061 1395 3062 
3 3061 3063 1395 
3 3061 3062 3064 
3 3061 3064 3065 
3 3061 3065 3066 
3 3061 3066 3063 
3 1395 1393 3062 
3 1395 3063 1396 
3 3062 1393 1392 
3 3062 1392 3067 
3 3062 3067 3064 
3 2512 2510 2869 
3 2512 2347 2498 
3 2512 2869 2347 
3 3010 3068 3069 
3 3010 2922 3068 
3 3010 3070 3011 
3 3010 3069 3070 
3 2922 2923 2983 
3 2922 2983 3068 
3 2779 2948 3071 
3 2779 3072 2772 
3 2779 3071 3072 
3 3073 3074 3075 
3 3073 3075 3076 
3 3073 3077 3074 
3 3073 3076 3078 
3 3073 3079 3077 
3 3073 3078 3079 
3 3074 3080 3081 
3 3074 3082 3080 
3 3074 3081 3075 
3 3074 3077 3083 
3 3074 3083 3082 
3 3075 3084 3076 
3 3075 3085 3084 
3 3075 3081 3085 
3 2285 3086 2590 
3 2285 3087 3086 
3 2285 2286 3087 
3 2590 3086 3088 
3 2590 3088 3089 
3 2590 3089 2585 
3 3090 3091 3092 
3 3090 3093 3094 
3 3090 3095 3093 
3 3090 3092 3095 
3 3090 3094 3096 
3 3090 3096 3091 
3 3091 3097 3092 
3 3091 3098 3099 
3 3091 3099 3097 
3 3091 3096 3098 
3 3092 3100 3095 
3 3092 3101 3100 
3 3092 3097 3101 
3 2761 2757 3102 
3 2761 3102 3103 
3 2761 2122 3104 
3 2761 3103 2122 
3 2761 3104 2762 
3 2757 2759 3105 
3 2757 3105 3102 
3 3102 3105 3106 
3 3102 3107 3103 
3 3102 3106 3108 
3 3102 3108 3107 
3 1033 3109 3110 
3 1033 3110 1027 
3 1033 2609 3109 
3 1524 2107 1510 
3 1597 1598 3111 
3 1597 3112 1601 
3 1597 3111 3112 
3 3113 3114 887 
3 3113 3115 3116 
3 3113 3116 3114 
3 3113 887 889 
3 3113 3117 3115 
3 3113 889 3117 
3 3114 3116 1840 
3 3114 3118 887 
3 3114 1840 3119 
3 3114 3119 3118 
3 887 3118 888 
3 2145 3120 2146 
3 2145 3025 3120 
3 451 452 543 
3 451 2054 454 
3 451 543 2054 
3 1553 3121 3122 
3 1553 1552 3121 
3 1553 3123 1554 
3 1553 3122 3123 
3 3121 1552 2869 
3 3121 2511 3122 
3 3121 2510 2511 
3 3121 2869 2510 
3 3122 2511 3124 
3 3122 3125 3123 
3 3122 3124 3125 
3 1876 1122 3126 
3 1876 3126 3127 
3 1876 3127 1877 
3 1951 2404 1952 
3 1952 2404 3128 
3 1952 3128 3129 
3 1952 3129 1953 
3 2556 56 2550 
3 2556 65 56 
3 2342 2343 3130 
3 2342 3130 2186 
3 2423 3131 2424 
3 2423 2422 1740 
3 2423 1740 3131 
3 2424 3132 2425 
3 2424 3131 3133 
3 2424 3133 3132 
3 2346 2499 2348 
3 2346 2351 2499 
3 3134 3135 3023 
3 3134 2848 3136 
3 3134 3023 3024 
3 3134 3136 3135 
3 3134 3024 2847 
3 3134 2847 2848 
3 3135 3137 3023 
3 3135 3138 3137 
3 3135 3139 3138 
3 3135 3136 3139 
3 3023 3137 3021 
3 3140 2509 2726 
3 3140 3124 2509 
3 3140 2726 3141 
3 3140 3141 3142 
3 3140 3142 3125 
3 3140 3125 3124 
3 2509 3124 2511 
3 2726 3143 3141 
3 2726 2725 3144 
3 2726 3144 3143 
3 530 595 2667 
3 2715 2714 3145 
3 2715 3146 3147 
3 2715 3145 3146 
3 2715 3147 2313 
3 2714 2712 3148 
3 2714 3149 3145 
3 2714 3148 3149 
3 3150 3151 3152 
3 3150 2538 3153 
3 3150 2539 2538 
3 3150 3152 2539 
3 3150 3154 3151 
3 3150 3153 3155 
3 3150 3155 3154 
3 3151 3156 3152 
3 3151 2169 3156 
3 3151 2672 2169 
3 3151 3154 2672 
3 3152 3156 3157 
3 3152 3157 3158 
3 3152 3158 2539 
3 2537 3159 2538 
3 2537 2540 3160 
3 2537 3160 3159 
3 2182 2186 2966 
3 1894 1415 2525 
3 1894 2525 3161 
3 1894 3162 1736 
3 1894 3161 3162 
3 1736 3163 1737 
3 1736 3162 3163 
3 2993 2998 3164 
3 2993 3164 3165 
3 2993 3165 2994 
3 2998 3166 3167 
3 2998 2999 3166 
3 2998 3167 3164 
3 2437 2592 3168 
3 2437 3168 2661 
3 2592 2593 3169 
3 2592 3170 3168 
3 2592 3171 3170 
3 2592 3169 3171 
3 822 3172 823 
3 822 2323 3172 
3 3110 3173 1027 
3 3110 3174 3175 
3 3110 3109 3174 
3 3110 3175 3173 
3 3109 2609 3176 
3 3109 3176 3177 
3 3109 3178 3174 
3 3109 3177 3178 
3 3179 3180 1921 
3 3179 3181 3180 
3 3179 3182 3181 
3 3179 3183 3184 
3 3179 3184 3182 
3 3179 1920 3183 
3 3179 1921 1920 
3 3180 3185 1921 
3 3180 3186 3185 
3 3180 3181 3186 
3 1921 3185 1631 
3 2625 3187 2531 
3 2625 2622 3187 
3 2625 2531 3188 
3 2625 3188 2626 
3 3187 2622 3189 
3 3187 2532 2531 
3 3187 3189 3190 
3 3187 3190 2532 
3 2531 2530 3188 
3 2622 2624 3189 
3 3032 3191 2711 
3 3032 3192 3191 
3 3032 3193 3192 
3 2407 2408 3194 
3 2407 3194 3195 
3 2407 3195 2403 
3 2408 2409 3196 
3 2408 3196 3194 
3 2409 2410 3197 
3 2409 3197 3196 
3 2410 2411 3198 
3 2410 3198 3197 
3 2411 2412 3199 
3 2411 3199 3198 
3 2412 2413 3200 
3 2412 3200 3199 
3 2413 2414 3201 
3 2413 3201 3200 
3 2414 2415 3202 
3 2414 3202 3201 
3 2415 3203 3202 
3 2415 2416 3203 
3 2417 2418 3204 
3 2417 3204 3205 
3 2417 3205 2416 
3 2418 2426 3206 
3 2418 3206 3204 
3 3018 3207 3208 
3 3018 3208 2094 
3 3018 3017 3207 
3 3018 2094 2095 
3 3207 3017 2166 
3 3207 3209 3208 
3 3207 3210 3209 
3 3207 2166 3210 
3 3208 2096 2094 
3 3208 3211 2096 
3 3208 3209 3211 
3 2936 3212 3213 
3 2936 2937 3212 
3 2936 3213 2939 
3 116 1988 3214 
3 116 3214 139 
3 1988 3215 3216 
3 1988 1989 3215 
3 1988 3216 3214 
3 1441 2732 2839 
3 1441 2839 1442 
3 3021 3137 3217 
3 3021 3217 3022 
3 3193 3218 3192 
3 3193 3219 3218 
3 3220 3221 3222 
3 3220 3222 3223 
3 3220 3223 3224 
3 3220 3225 3221 
3 3220 3226 3225 
3 3220 3224 3226 
3 3221 3227 3222 
3 3221 3228 3227 
3 3221 3229 3228 
3 3221 3225 3229 
3 3222 3227 3230 
3 3222 3231 3223 
3 3222 3230 3231 
3 3232 3233 3234 
3 3232 3234 3235 
3 3232 3235 3236 
3 3233 3237 3234 
3 3234 2401 3235 
3 3234 2405 2401 
3 3234 3237 2405 
3 2846 3238 2849 
3 2846 3239 3238 
3 2846 2853 3239 
3 3240 3241 3242 
3 3240 3242 3243 
3 3240 3244 3241 
3 3240 3245 3244 
3 3240 3246 3245 
3 3240 3243 3246 
3 3241 3247 3248 
3 3241 3248 3242 
3 3241 3249 3247 
3 3241 3250 3249 
3 3241 3244 3250 
3 3242 3251 3252 
3 3242 3252 3243 
3 3242 3248 3251 
3 2775 3019 3253 
3 2775 3253 3254 
3 2775 3254 2777 
3 3019 3255 3253 
3 3019 3256 3255 
3 3019 3020 3256 
3 3253 3257 3254 
3 3253 3258 3257 
3 3253 3255 3258 
3 3259 3260 3261 
3 3259 3262 3263 
3 3259 3263 3260 
3 3259 3264 3262 
3 3259 3261 3265 
3 3259 3265 3264 
3 3260 3266 3261 
3 3260 3267 3266 
3 3260 3268 3267 
3 3260 3263 3268 
3 3261 3269 3088 
3 3261 3266 3270 
3 3261 3270 3269 
3 3261 3088 3265 
3 2903 3271 2906 
3 2903 3272 3271 
3 2903 2904 3272 
3 2904 2841 3273 
3 2904 2905 2841 
3 2904 3273 3272 
3 2772 3274 2773 
3 2772 3072 3274 
3 3275 3276 2192 
3 3275 2192 2191 
3 3275 3277 3276 
3 3275 3278 3279 
3 3275 3279 3277 
3 3275 2191 3278 
3 3276 2200 2192 
3 3276 3277 3280 
3 3276 3280 2733 
3 3276 2733 2200 
3 2192 2200 2190 
3 547 1809 1477 
3 1809 1810 3281 
3 1809 3282 1477 
3 1809 3281 3282 
3 2118 3283 3104 
3 2118 2119 3283 
3 2118 3104 2122 
3 3115 2454 3116 
3 3115 2455 2454 
3 3115 3284 2455 
3 3115 3117 3284 
3 3116 2453 1838 
3 3116 2454 2453 
3 3116 1838 1840 
3 2550 47 2551 
3 2550 56 47 
3 1836 1838 2453 
3 3285 3286 3287 
3 3285 3288 3286 
3 3285 3289 3288 
3 3285 3290 3289 
3 3285 3287 3291 
3 3285 3291 3290 
3 3286 3288 3292 
3 3286 3292 3293 
3 3286 3293 520 
3 3286 520 3287 
3 3287 3294 3291 
3 3287 518 3294 
3 3287 520 518 
3 585 3295 2669 
3 585 3296 3295 
3 585 587 3296 
3 2377 2546 3297 
3 3298 3299 2134 
3 3298 2670 3299 
3 3298 2272 2670 
3 3298 3300 2272 
3 3298 2134 3301 
3 3298 3301 3300 
3 3299 2135 2134 
3 3299 3302 2135 
3 3299 3303 3302 
3 3299 2670 3303 
3 2134 2133 3301 
3 2670 2635 3303 
3 2277 2711 3304 
3 2277 3304 3305 
3 2277 3305 2278 
3 869 3306 3307 
3 869 3308 3306 
3 869 3307 868 
3 869 2753 3308 
3 3306 3309 3310 
3 3306 3310 3307 
3 3306 3311 3309 
3 3306 3308 3311 
3 3307 3310 3312 
3 3307 3312 3313 
3 3307 3313 868 
3 3308 3314 3315 
3 3308 3315 3311 
3 3308 2753 3314 
3 2499 3316 2493 
3 2499 2351 3316 
3 2493 3316 2987 
3 2493 3317 2494 
3 2493 2987 3317 
3 3316 2351 3318 
3 3316 3319 2987 
3 3316 3318 3319 
3 3191 3192 3320 
3 3191 3304 2711 
3 3191 3321 3304 
3 3191 3320 3321 
3 3108 3322 3323 
3 3108 3324 3322 
3 3108 3106 3324 
3 3108 3323 3107 
3 3322 3325 3323 
3 3322 3324 3326 
3 3322 3326 3327 
3 3322 3328 3325 
3 3322 3327 3328 
3 3323 3329 3107 
3 3323 2688 3329 
3 3323 3325 2688 
3 2538 3159 3153 
3 3153 3159 3227 
3 3153 3227 3228 
3 3153 3228 3155 
3 2798 2995 2970 
3 2948 3330 3331 
3 2948 2949 3330 
3 2948 3331 3071 
3 3071 3332 3072 
3 3071 3333 3334 
3 3071 3334 3332 
3 3071 3331 3333 
3 370 428 372 
3 3335 3336 3337 
3 3335 3337 3338 
3 3335 3338 3339 
3 3335 3339 3340 
3 3335 3340 3341 
3 3335 3341 3336 
3 3336 3342 3337 
3 3336 3343 3342 
3 3336 3344 3343 
3 3336 3341 3344 
3 3337 3345 3346 
3 3337 3342 3345 
3 3337 3346 3338 
3 2338 2339 2996 
3 2679 3347 2680 
3 2679 1330 3347 
3 3348 3349 3350 
3 3348 3350 3351 
3 3348 3352 3353 
3 3348 3351 3352 
3 3348 3354 3349 
3 3348 3353 3354 
3 3349 3355 3356 
3 3349 3356 3350 
3 3349 3354 3357 
3 3349 3357 3355 
3 3350 3356 3358 
3 3350 3359 3351 
3 3350 3358 3359 
3 2657 2652 2258 
3 2657 2258 3360 
3 2657 3361 2658 
3 2657 3360 3361 
3 2652 2259 2258 
3 2652 2655 2259 
3 2258 2257 3360 
3 3360 2257 3362 
3 3360 3363 3361 
3 3360 3362 3363 
3 1942 2783 3364 
3 1942 3364 1892 
3 1942 2139 2783 
3 2404 3365 3128 
3 2404 2405 3365 
3 1866 2671 3366 
3 1866 3366 932 
3 1817 3367 2749 
3 1817 660 3070 
3 1817 3070 3367 
3 3368 2805 2804 
3 3368 2804 1514 
3 3368 3369 2805 
3 3368 3370 3369 
3 3368 1514 1515 
3 3368 1515 3370 
3 2805 3371 2806 
3 2805 3369 3371 
3 2804 2811 1514 
3 3372 23 3373 
3 3372 3373 2545 
3 3372 2551 27 
3 3372 27 23 
3 3372 2545 2552 
3 3372 2552 2551 
3 23 19 3373 
3 3373 2546 2545 
3 3373 3374 2546 
3 3373 19 3374 
3 2179 3375 3376 
3 2179 3376 2184 
3 2179 3377 3375 
3 2179 2180 3377 
3 3137 3138 3378 
3 3137 3378 1955 
3 3137 1955 3217 
3 3138 1970 3379 
3 3138 3139 1970 
3 3138 3379 3378 
3 3345 3342 3380 
3 3345 3381 3382 
3 3345 3380 3381 
3 3345 3382 3346 
3 3346 1998 3338 
3 3346 1721 1998 
3 3346 3382 1721 
3 2712 3383 3148 
3 2712 2713 3383 
3 3384 3385 3386 
3 3384 3387 3385 
3 3384 1848 1847 
3 3384 3386 1848 
3 3384 3388 3387 
3 3384 1847 3388 
3 3385 3389 3386 
3 3385 3390 3391 
3 3385 3387 3390 
3 3385 3391 3389 
3 3386 3389 3392 
3 3386 3392 3393 
3 3386 3393 1848 
3 2667 3394 2668 
3 2667 595 2781 
3 2667 3395 3394 
3 2667 2781 3395 
3 2994 3165 3396 
3 2994 3397 3398 
3 2994 3398 2995 
3 2994 3396 3397 
3 3172 2323 2322 
3 3172 3399 823 
3 3172 3400 3399 
3 3172 2322 3400 
3 823 3401 824 
3 823 3399 3401 
3 3196 3402 3194 
3 3196 3403 3402 
3 3196 3197 3403 
3 3197 3198 3404 
3 3197 3404 3403 
3 3198 3199 3405 
3 3198 3405 3404 
3 3199 3200 3406 
3 3199 3406 3405 
3 3200 3201 3407 
3 3200 3407 3406 
3 3201 3202 3408 
3 3201 3408 3407 
3 3202 3409 3408 
3 3202 3203 3409 
3 2426 3410 3206 
3 2426 3411 3410 
3 2426 2427 3411 
3 2038 3412 2039 
3 2038 3413 3414 
3 2038 3414 3412 
3 2038 279 3413 
3 2039 3415 3416 
3 2039 3412 3415 
3 2039 3416 343 
3 2147 1438 1442 
3 2147 1442 3417 
3 2147 3417 2148 
3 2498 2347 2348 
3 2113 3418 2114 
3 2113 2125 3418 
3 2113 2126 2125 
3 2113 797 2126 
3 2114 3418 3419 
3 2114 3419 3420 
3 2114 3420 1564 
3 3082 3421 2583 
3 3082 2583 3422 
3 3082 3422 3080 
3 3082 3083 3421 
3 3421 3423 2576 
3 3421 3083 3423 
3 3421 2576 2578 
3 3421 2578 2583 
3 2583 3424 3422 
3 2583 2582 3424 
3 3425 3426 2894 
3 3425 3427 3428 
3 3425 2894 3429 
3 3425 3429 3427 
3 3425 3430 3426 
3 3425 3428 3430 
3 3426 3430 2780 
3 3426 2275 2894 
3 3426 2780 2274 
3 3426 2274 2275 
3 2894 2896 3429 
3 776 2735 774 
3 2614 3431 1494 
3 2614 2944 3431 
3 3143 3432 3141 
3 3143 3144 3433 
3 3143 3434 3432 
3 3143 3433 3434 
3 3141 3432 3435 
3 3141 3435 3142 
3 3139 3436 1971 
3 3139 3136 3436 
3 3139 1971 1970 
3 3309 3311 3437 
3 3309 3437 3438 
3 3309 3439 3310 
3 3309 3438 3439 
3 3310 3439 3440 
3 3310 3440 3312 
3 2619 3441 2620 
3 2619 2739 3442 
3 2619 3442 3441 
3 2766 3443 2767 
3 2766 3015 3444 
3 2766 3444 3443 
3 2906 3271 3445 
3 2906 3445 3446 
3 2906 3446 2907 
3 2706 2965 2707 
3 433 374 373 
3 433 3447 374 
3 433 2445 3447 
3 3448 3449 3450 
3 3448 2795 3451 
3 3448 3451 3452 
3 3448 3452 3449 
3 3448 3453 2795 
3 3448 3450 3453 
3 3449 3454 3450 
3 3449 2931 3454 
3 3449 3455 2931 
3 3449 3452 3455 
3 3450 3454 3456 
3 3450 3456 3457 
3 3450 3457 3453 
3 3458 3459 3460 
3 3458 2478 3459 
3 3458 3460 3461 
3 3458 3461 3462 
3 3458 3462 3463 
3 3458 3463 2478 
3 3459 3464 3465 
3 3459 3465 3460 
3 3459 2477 3464 
3 3459 2478 2477 
3 3460 3466 3467 
3 3460 3467 3461 
3 3460 3465 3466 
3 3248 3247 3468 
3 3248 3468 3469 
3 3248 3469 3251 
3 3247 3249 3470 
3 3247 3470 3471 
3 3247 3471 3468 
3 3472 3473 3474 
3 3472 3475 3473 
3 3472 3474 3476 
3 3472 3477 3475 
3 3472 3476 3478 
3 3472 3478 3477 
3 3473 3479 3480 
3 3473 3480 3474 
3 3473 3481 3479 
3 3473 3475 3481 
3 3474 3482 3483 
3 3474 3480 3482 
3 3474 3483 3476 
3 3479 3481 3484 
3 3479 3484 3485 
3 3479 3485 3486 
3 3479 3486 3480 
3 3480 3487 3482 
3 3480 3486 3487 
3 2853 3488 3489 
3 2853 2854 3488 
3 2853 3489 3239 
3 327 371 3490 
3 327 3490 3491 
3 327 3491 328 
3 3164 3492 3493 
3 3164 3493 3165 
3 3164 3167 3492 
3 516 2669 3494 
3 516 3494 517 
3 2164 3495 2165 
3 2164 2826 3495 
3 3030 3029 2104 
3 3030 2103 3496 
3 3030 2104 2103 
3 3030 1682 1681 
3 3030 3496 1682 
3 3029 3028 3497 
3 3029 3497 3498 
3 3029 3498 2104 
3 2104 3498 1236 
3 2620 3441 3499 
3 2620 3499 3500 
3 2620 3500 2621 
3 632 3501 633 
3 632 3502 3501 
3 632 1812 3502 
3 3103 2123 2122 
3 3103 3107 3503 
3 3103 3503 2123 
3 2123 3503 3504 
3 2123 3504 2124 
3 1620 1621 3126 
3 1620 3505 1622 
3 1620 3126 3505 
3 2551 47 27 
3 3506 3507 2723 
3 3506 3508 3509 
3 3506 3509 3507 
3 3506 2723 2557 
3 3506 2558 3508 
3 3506 2557 2558 
3 3507 3510 3511 
3 3507 3512 3510 
3 3507 3509 3512 
3 3507 3513 2723 
3 3507 3511 3513 
3 2723 3513 1991 
3 467 2668 3514 
3 467 3514 468 
3 3515 3516 3517 
3 3515 3518 3519 
3 3515 3520 3518 
3 3515 3521 3516 
3 3515 3517 3520 
3 3515 3519 3522 
3 3515 3522 3521 
3 3516 3363 3517 
3 3516 3361 3363 
3 3516 3523 3361 
3 3516 3521 3523 
3 3517 3363 3524 
3 3517 3525 3520 
3 3517 3524 3525 
3 3526 3527 3528 
3 3526 3529 3527 
3 3526 3528 3530 
3 3526 3530 1909 
3 3526 2560 3529 
3 3526 1909 2560 
3 3527 3529 2141 
3 3527 3531 3528 
3 3527 2141 2142 
3 3527 2142 3531 
3 3528 3531 3532 
3 3528 3533 3530 
3 3528 3532 3533 
3 2135 3534 2136 
3 2135 3302 3534 
3 3487 3535 3482 
3 3487 3486 3536 
3 3487 3537 3535 
3 3487 3536 3537 
3 3482 3538 3483 
3 3482 3535 3538 
3 3539 3540 3541 
3 3539 3542 3540 
3 3540 3543 3541 
3 3540 3544 3543 
3 3540 3542 3545 
3 3540 3545 3544 
3 3541 3543 3546 
3 3541 3546 3547 
3 3132 3548 2425 
3 3132 3133 3549 
3 3132 3549 3550 
3 3132 3551 3548 
3 3132 3550 3551 
3 2425 3552 2421 
3 2425 3548 3552 
3 3050 2049 3553 
3 3050 3554 3051 
3 3050 3553 3555 
3 3050 3555 3554 
3 3051 3554 1808 
3 3051 1807 435 
3 3051 1808 1807 
3 3556 2161 2162 
3 3556 2634 2161 
3 3556 3557 2634 
3 3556 3558 3557 
3 3556 3177 3558 
3 3556 2162 3177 
3 2162 3178 3177 
3 2162 2163 3178 
3 3559 1971 3436 
3 3559 85 1971 
3 3559 3436 3560 
3 3559 2825 85 
3 3559 3561 2825 
3 3559 3560 3561 
3 3436 3136 3562 
3 3436 3562 3560 
3 2441 3563 2663 
3 2441 2442 3563 
3 3262 3264 3564 
3 3262 3564 3565 
3 3262 3565 3566 
3 3262 3566 3263 
3 3263 3567 3268 
3 3263 3566 3567 
3 2494 3317 2564 
3 2494 2564 2495 
3 2020 2928 3568 
3 2020 3413 258 
3 2020 3568 3413 
3 779 2988 3569 
3 779 3569 780 
3 3324 3570 3571 
3 3324 3571 3326 
3 3324 3106 3570 
3 3283 3572 3573 
3 3283 3574 3572 
3 3283 2119 3574 
3 3283 3573 3104 
3 3104 3573 2762 
3 3575 3576 3577 
3 3575 3578 3576 
3 3575 3577 3579 
3 3575 3579 2586 
3 3575 3580 3578 
3 3575 2586 3580 
3 3576 3581 3582 
3 3576 3578 3581 
3 3576 3583 3577 
3 3576 3582 3584 
3 3576 3584 3583 
3 3577 3585 3579 
3 3577 3586 3585 
3 3577 3583 3586 
3 586 3587 3588 
3 586 610 3587 
3 586 3588 587 
3 1477 3282 1479 
3 3467 3589 3590 
3 3467 3591 3589 
3 3467 3466 3591 
3 3467 3590 3461 
3 3589 3592 3593 
3 3589 3591 3592 
3 3589 3593 3594 
3 3589 3594 3590 
3 3590 3594 3595 
3 3590 3596 3461 
3 3590 3595 3596 
3 3466 3597 3598 
3 3466 3465 3597 
3 3466 3598 3591 
3 3464 3599 3465 
3 3464 2484 3600 
3 3464 2477 2484 
3 3464 3601 3599 
3 3464 3600 3601 
3 3465 3599 3597 
3 3461 3596 3462 
3 2480 2482 3602 
3 2480 3602 3603 
3 2480 3603 2485 
3 3593 3592 3604 
3 3593 3605 3594 
3 3593 3606 3605 
3 3593 3604 3606 
3 3592 3591 3607 
3 3592 3608 3604 
3 3592 3607 3608 
3 2156 2158 3609 
3 2156 3609 3610 
3 2156 3611 2157 
3 2156 3610 3611 
3 2157 3611 3612 
3 2157 3612 2163 
3 2166 3017 945 
3 2166 2167 3210 
3 2158 3613 3614 
3 2158 3614 3609 
3 2158 2159 3613 
3 3613 3615 3616 
3 3613 3617 3614 
3 3613 3616 3617 
3 3613 2159 3615 
3 3614 3617 3618 
3 3614 3618 3619 
3 3614 3619 3609 
3 3609 3620 3610 
3 3609 3619 3620 
3 2609 2611 3176 
3 3227 3159 3230 
3 3228 3229 3621 
3 3228 3621 3155 
3 2354 3622 3623 
3 2354 154 3622 
3 2354 3623 2355 
3 2478 3463 2479 
3 3624 3625 3626 
3 3624 3627 3628 
3 3624 3628 3629 
3 3624 3626 3627 
3 3624 3629 3630 
3 3624 3630 3625 
3 3625 3631 3626 
3 3625 3630 3632 
3 3625 3633 3631 
3 3625 3632 3633 
3 3626 3634 3627 
3 3626 3631 3635 
3 3626 3635 3634 
3 3628 3636 3629 
3 3628 3637 3636 
3 3628 3627 3638 
3 3628 3638 3637 
3 3627 3634 3639 
3 3627 3639 3638 
3 3640 3641 3642 
3 3640 3642 2918 
3 3640 3643 3641 
3 3640 3644 3643 
3 3640 2918 3645 
3 3640 3645 3644 
3 3641 3646 3642 
3 3641 3647 3646 
3 3641 3648 3647 
3 3641 3643 3648 
3 3642 3646 2927 
3 3642 2927 2914 
3 3642 2914 2918 
3 3649 3650 3651 
3 3649 3407 3650 
3 3649 3651 2485 
3 3649 3406 3407 
3 3649 2485 3603 
3 3649 3603 3406 
3 3650 3407 3408 
3 3650 3408 3652 
3 3650 3653 3654 
3 3650 3654 3651 
3 3650 3652 3653 
3 3651 3252 2486 
3 3651 2486 2485 
3 3651 3654 3252 
3 3288 3289 3655 
3 3288 3656 3292 
3 3288 3655 3656 
3 3289 3290 3657 
3 3289 3658 3655 
3 3289 3657 3658 
3 3578 3659 3660 
3 3578 3660 3581 
3 3578 3580 3659 
3 3056 3055 3661 
3 3056 3662 3663 
3 3056 3663 3058 
3 3056 3661 3662 
3 3055 3057 3664 
3 3055 3665 3661 
3 3055 3664 3665 
3 3159 3160 3230 
3 3666 3667 3668 
3 3666 3669 3667 
3 3666 3670 3669 
3 3666 3668 3671 
3 3666 3672 3670 
3 3666 3671 3672 
3 3667 3673 2602 
3 3667 2598 3668 
3 3667 2602 2598 
3 3667 3669 3673 
3 3668 3674 3671 
3 3668 2598 2601 
3 3668 2601 3674 
3 3675 3676 3677 
3 3675 3678 3676 
3 3675 3679 3678 
3 3675 3680 3679 
3 3675 3677 3681 
3 3675 3682 3680 
3 3675 3681 3682 
3 3676 3683 3677 
3 3676 3684 3683 
3 3676 3685 3684 
3 3676 3678 3685 
3 3677 3686 3687 
3 3677 3683 3686 
3 3677 3687 3681 
3 3629 3636 3688 
3 3629 3688 3689 
3 3629 3689 3630 
3 3636 3637 3690 
3 3636 3690 3684 
3 3636 3684 3688 
3 3688 3684 3685 
3 3688 3685 3691 
3 3688 3692 3689 
3 3688 3691 3692 
3 3637 3693 3690 
3 3637 3694 3693 
3 3637 3695 3694 
3 3637 3638 3695 
3 3203 3696 3409 
3 3203 3205 3696 
3 3203 2416 3205 
3 3697 3698 3699 
3 3697 3700 3701 
3 3697 3701 3702 
3 3697 3703 3700 
3 3697 3699 3703 
3 3697 3702 3698 
3 3698 3704 3699 
3 3698 3705 3704 
3 3698 3706 3705 
3 3698 3702 3706 
3 3699 3707 3703 
3 3699 3708 3707 
3 3699 3704 3709 
3 3699 3709 3708 
3 3700 3703 3710 
3 3700 3710 1843 
3 3700 1843 1844 
3 3700 1844 3701 
3 3703 3711 3710 
3 3703 3707 3711 
3 3710 2750 1843 
3 3710 3711 3712 
3 3710 3712 2750 
3 3342 3713 3380 
3 3342 3343 3713 
3 2320 2640 2697 
3 2320 2639 2640 
3 2320 2321 2639 
3 2697 2640 3714 
3 2697 3714 3715 
3 2697 3715 2695 
3 3689 3716 3717 
3 3689 3717 3630 
3 3689 3692 3716 
3 3690 3683 3684 
3 3690 3718 3683 
3 3690 3693 3718 
3 3696 3205 3719 
3 3696 3719 3720 
3 3696 3720 3409 
3 3409 3652 3408 
3 3409 3720 3652 
3 1464 1471 2054 
3 906 3721 897 
3 897 3722 898 
3 897 3721 3722 
3 633 3501 694 
3 1841 3723 2087 
3 1841 1842 3724 
3 1841 3724 3723 
3 3519 3518 3725 
3 3519 3725 3726 
3 3519 3727 3522 
3 3519 3726 3727 
3 3518 3728 3729 
3 3518 3729 3725 
3 3518 3520 3728 
3 2265 2267 2885 
3 2265 3730 2266 
3 2265 3731 3730 
3 2265 2885 3731 
3 2266 3730 2632 
3 3529 3732 2141 
3 3529 3733 3732 
3 3529 2560 3733 
3 1727 2701 3734 
3 1727 2702 2701 
3 1727 1728 2702 
3 1727 3734 1730 
3 3735 3736 3737 
3 3735 3738 3736 
3 3735 3739 3738 
3 3735 3740 3739 
3 3735 3741 3740 
3 3735 3742 3741 
3 3735 3737 3742 
3 3736 3743 3744 
3 3736 3744 3745 
3 3736 3738 3743 
3 3736 3745 3737 
3 3737 3745 3746 
3 3737 3746 3742 
3 1892 3364 3747 
3 1892 3747 1259 
3 2602 3673 3748 
3 2602 3748 3749 
3 2602 3749 2336 
3 3673 3750 3748 
3 3673 3751 3750 
3 3673 3669 3751 
3 2540 2989 3160 
3 2401 2402 3235 
3 3752 3753 3687 
3 3752 3754 3753 
3 3752 3687 3755 
3 3752 3755 3756 
3 3752 3756 3757 
3 3752 3757 3754 
3 3753 3681 3687 
3 3753 3758 3681 
3 3753 3754 3759 
3 3753 3759 3758 
3 3687 3686 3755 
3 2782 3364 2783 
3 2782 3760 3364 
3 2782 2471 3760 
3 2782 2279 2471 
3 2783 2139 1924 
3 3761 3762 3169 
3 3761 3763 3764 
3 3761 3765 3762 
3 3761 3766 3765 
3 3761 3169 3763 
3 3761 3767 3766 
3 3761 3764 3767 
3 3762 3171 3169 
3 3762 3765 3768 
3 3762 3769 3171 
3 3762 3768 3769 
3 3169 2593 3763 
3 3405 3603 3404 
3 3405 3406 3603 
3 2081 3770 2082 
3 2081 3771 3770 
3 2081 2879 3771 
3 2082 3770 3772 
3 2082 3772 2083 
3 3235 3773 3774 
3 3235 2402 3773 
3 3235 3774 3236 
3 2421 3552 2731 
3 3552 3775 2731 
3 3552 3776 3775 
3 3552 3548 3776 
3 2731 3775 2291 
3 2731 2291 2293 
3 3363 3362 3524 
3 137 1998 1721 
3 2433 3777 339 
3 2433 2434 3778 
3 2433 3778 3777 
3 646 3779 650 
3 646 647 3780 
3 646 3780 3779 
3 3325 2689 2688 
3 3325 3328 2689 
3 3781 3782 3783 
3 3781 3784 3782 
3 3781 3785 3784 
3 3782 3784 3786 
3 3782 3786 3787 
3 3782 3788 3783 
3 3782 3787 3788 
3 3783 3788 3789 
3 898 3722 3790 
3 898 3790 3791 
3 898 3791 894 
3 3722 3721 3792 
3 3722 3792 3793 
3 3722 3793 3790 
3 1099 1102 3794 
3 1099 3794 3795 
3 1099 3795 1095 
3 1588 3796 1570 
3 1588 1589 3797 
3 1588 1605 3796 
3 1588 3797 1605 
3 1570 3796 3798 
3 1570 3798 1569 
3 2716 2729 3799 
3 2716 3800 2717 
3 2716 3799 3800 
3 2729 3801 3799 
3 2729 2730 3802 
3 2729 3802 3801 
3 2141 3732 1933 
3 1714 3803 1713 
3 1714 1959 3803 
3 1714 1715 1959 
3 1958 3803 1959 
3 1958 1960 1967 
3 1958 3804 3803 
3 1958 1967 3804 
3 1959 1715 1961 
3 3803 3805 1713 
3 3803 3804 3805 
3 2012 2016 2529 
3 2546 3374 3297 
3 2253 3806 3807 
3 2253 2255 3806 
3 2253 3807 2257 
3 2995 3398 2970 
3 1391 3808 3809 
3 1391 3810 3808 
3 1391 1394 3810 
3 1391 3811 1392 
3 1391 3809 3811 
3 1392 3811 3067 
3 2385 2562 2842 
3 3812 3813 3814 
3 3812 3665 3815 
3 3812 3816 3813 
3 3812 3661 3665 
3 3812 3814 3661 
3 3812 3815 3816 
3 3813 3817 3814 
3 3813 3816 3488 
3 3813 2854 3817 
3 3813 3488 2854 
3 3814 3817 3818 
3 3814 3819 3661 
3 3814 3818 3819 
3 279 258 3413 
3 3251 2486 3252 
3 3251 3469 2487 
3 3251 2487 2486 
3 3252 3654 3243 
3 3243 3654 3653 
3 3243 3653 3246 
3 1592 3352 1844 
3 1592 3353 3352 
3 1592 1593 3353 
3 2093 3820 2544 
3 2093 3821 3820 
3 2093 2359 3821 
3 3801 3822 3799 
3 3801 3574 3822 
3 3801 3572 3574 
3 3801 3802 3572 
3 3799 3822 3823 
3 3799 3823 3800 
3 1901 3824 2727 
3 1901 1902 3825 
3 1901 3825 3824 
3 3041 3042 3826 
3 3041 3827 3044 
3 3041 3826 3827 
3 2786 3828 3829 
3 2786 2785 3828 
3 2786 3829 3830 
3 2785 2787 3831 
3 2785 1386 3828 
3 2785 3831 1386 
3 2751 3832 2752 
3 2751 809 3833 
3 2751 3833 3832 
3 3832 3834 3835 
3 3832 3836 2752 
3 3832 3835 3836 
3 3832 3833 3834 
3 2752 3836 3314 
3 2752 3314 2753 
3 3415 3412 3837 
3 3415 3838 3416 
3 3415 3839 3838 
3 3415 3837 3839 
3 3412 3414 3840 
3 3412 3840 3837 
3 3837 3841 3839 
3 3837 3842 3841 
3 3837 3840 3842 
3 3843 3844 3845 
3 3843 3846 3844 
3 3843 3845 3847 
3 3843 3848 3846 
3 3843 3847 3849 
3 3843 3849 3848 
3 3844 2835 3845 
3 3844 3850 2835 
3 3844 3846 3851 
3 3844 2945 3850 
3 3844 3851 2945 
3 3845 2834 3847 
3 3845 2835 2834 
3 3792 3852 3793 
3 493 3293 494 
3 493 520 3293 
3 1106 3853 3854 
3 1106 3854 1102 
3 1106 1107 3855 
3 1106 3855 3853 
3 1102 3854 3794 
3 3856 2681 3857 
3 3856 3857 3858 
3 2681 3859 3857 
3 2681 2677 3859 
3 3857 3860 3861 
3 3857 3861 3858 
3 3857 3859 3860 
3 1906 2728 2500 
3 1906 2500 2230 
3 19 15 3374 
3 3389 3862 3863 
3 3389 3391 3862 
3 3389 3863 3392 
3 3213 3864 3865 
3 3213 3212 3866 
3 3213 3866 3864 
3 3213 3865 2939 
3 3212 2937 3867 
3 3212 3867 3868 
3 3212 3868 3866 
3 3869 3870 3871 
3 3869 3872 3870 
3 3869 3873 3872 
3 3869 3874 3873 
3 3869 3875 3874 
3 3869 3876 3875 
3 3869 3871 3876 
3 3870 3877 3871 
3 3870 3462 3877 
3 3870 3463 3462 
3 3870 3872 3463 
3 3871 3878 3876 
3 3871 3879 3878 
3 3871 3877 3879 
3 3639 3634 3880 
3 3639 3880 3881 
3 3639 3881 3882 
3 3639 3883 3638 
3 3639 3882 3883 
3 3634 3884 3880 
3 3634 3635 3884 
3 374 3447 375 
3 3483 3538 3885 
3 3483 3885 3886 
3 3483 3886 3476 
3 3209 3887 3888 
3 3209 3888 3211 
3 3209 3210 3887 
3 3889 3890 3891 
3 3889 3891 3892 
3 3889 3892 3893 
3 3889 3893 2463 
3 3889 3894 3890 
3 3889 2463 3894 
3 3890 3895 3891 
3 3890 3896 3895 
3 3890 3897 3896 
3 3890 3894 3897 
3 3891 3898 3892 
3 3891 3895 3899 
3 3891 3899 3898 
3 2585 3089 3900 
3 2585 3900 2586 
3 2586 3579 2587 
3 2586 3900 3580 
3 3230 3160 3901 
3 3230 3901 3231 
3 3902 3903 3904 
3 3902 3904 3905 
3 3902 3905 3906 
3 3902 3906 3907 
3 3902 3907 3908 
3 3902 3908 3903 
3 3903 3909 3904 
3 3903 3910 3911 
3 3903 3911 3909 
3 3903 3908 3910 
3 3904 3912 3905 
3 3904 3913 3912 
3 3904 3909 3913 
3 3905 3914 3906 
3 3905 3915 3914 
3 3905 3912 3915 
3 1700 3916 1702 
3 1700 2636 3916 
3 3711 3917 3712 
3 3711 3707 3917 
3 3355 1581 3356 
3 3355 3862 3918 
3 3355 3918 1581 
3 3355 3357 3862 
3 3356 1581 1582 
3 3356 1582 3358 
3 3898 3919 3892 
3 3898 3899 3920 
3 3898 3920 3921 
3 3898 3921 3919 
3 3892 3919 3922 
3 3892 3922 3893 
3 2773 3923 2774 
3 2773 3274 3924 
3 2773 3924 3923 
3 3274 3072 3925 
3 3274 2067 3924 
3 3274 3925 2067 
3 3416 3838 3553 
3 3416 2049 343 
3 3416 3553 2049 
3 3838 3839 3926 
3 3838 3927 3553 
3 3838 3926 3927 
3 1258 1259 3747 
3 1258 3928 1893 
3 1258 3747 3928 
3 3750 3751 3929 
3 3750 3929 3930 
3 3750 3930 3931 
3 3750 3931 3748 
3 3748 3932 3749 
3 3748 3931 3932 
3 3632 3717 3933 
3 3632 3630 3717 
3 3632 3933 3934 
3 3632 3935 3633 
3 3632 3934 3935 
3 3717 3716 3936 
3 3717 3936 3933 
3 3933 3937 3934 
3 3933 3938 3939 
3 3933 3939 3937 
3 3933 3936 3938 
3 3604 3940 3606 
3 3604 3941 3940 
3 3604 3608 3941 
3 3942 3943 1556 
3 3942 1556 1555 
3 3942 3944 3943 
3 3942 1555 3945 
3 3942 3946 3944 
3 3942 3945 3946 
3 3943 3947 1556 
3 3943 3944 642 
3 3943 642 649 
3 3943 649 3947 
3 1556 3947 1557 
3 3701 1844 3352 
3 3701 3352 3351 
3 3701 3948 3702 
3 3701 3351 3948 
3 3716 3949 3936 
3 3716 3692 3949 
3 262 305 3950 
3 262 3950 227 
3 804 2088 806 
3 940 941 3951 
3 940 3951 2131 
3 940 2131 943 
3 1622 1888 2098 
3 1622 2098 1623 
3 1622 3505 1888 
3 168 3952 169 
3 168 3953 3952 
3 168 1429 3953 
3 694 3501 3954 
3 694 3954 3955 
3 694 3955 695 
3 3501 3956 3954 
3 3501 3502 3956 
3 2722 2721 3957 
3 2722 3957 3958 
3 2722 3959 1705 
3 2722 3958 3959 
3 2721 3960 3957 
3 2721 3961 3960 
3 2721 1704 3961 
3 3957 3962 3958 
3 3957 3960 3962 
3 3963 1902 3964 
3 3963 3825 1902 
3 3963 3964 3965 
3 3963 3966 3825 
3 3963 3967 3966 
3 3963 3968 3967 
3 3963 3965 3968 
3 1902 1903 3964 
3 3964 1903 1910 
3 3964 1910 3969 
3 3964 3969 3965 
3 3825 3970 3824 
3 3825 3966 3970 
3 841 1842 842 
3 841 3724 1842 
3 841 2750 3724 
3 1003 1855 2570 
3 2727 2724 2728 
3 2727 3971 2724 
3 2727 3824 3971 
3 2728 2501 2500 
3 2728 2724 2501 
3 2566 2568 3972 
3 2566 3973 2567 
3 2566 3974 3973 
3 2566 3975 3974 
3 2566 3972 3975 
3 2567 3976 2736 
3 2567 3973 3976 
3 3977 3978 3979 
3 3977 3980 3978 
3 3977 3981 3982 
3 3977 3979 3981 
3 3978 3980 3983 
3 3978 3983 3984 
3 3978 3985 3979 
3 3978 3984 3985 
3 3979 3986 3981 
3 3979 3985 3987 
3 3979 3987 3986 
3 3476 3988 3989 
3 3476 3886 3988 
3 3476 3989 3478 
3 3988 3990 3989 
3 3988 3991 3992 
3 3988 3992 3990 
3 3988 3886 3991 
3 3989 3993 3994 
3 3989 3990 3993 
3 3989 3994 3478 
3 2273 3995 2886 
3 2273 3300 3995 
3 2273 2272 3300 
3 2273 2886 2268 
3 3995 3300 3996 
3 3995 3996 3997 
3 3995 3998 2886 
3 3995 3997 3998 
3 2886 3998 2887 
3 2339 3999 2996 
3 2339 4000 3999 
3 2339 2335 4000 
3 2996 3999 4001 
3 2996 4001 2997 
3 3999 4000 4002 
3 3999 4003 4001 
3 3999 4002 4003 
3 4004 3854 3853 
3 4004 4005 3854 
3 4004 3853 4006 
3 4004 4006 2138 
3 4004 4007 4005 
3 4004 2138 4007 
3 3854 4005 3794 
3 3853 3855 4008 
3 3853 4008 4006 
3 2687 3329 2688 
3 2687 4009 3329 
3 2687 2690 4009 
3 2484 2488 3600 
3 3599 4010 3597 
3 3599 4011 4010 
3 3599 3601 4011 
3 4012 4013 4014 
3 4012 4014 4015 
3 4012 4015 4016 
3 4012 4017 4013 
3 4012 4018 4017 
3 4012 4016 4018 
3 4013 4019 4014 
3 4013 4020 4019 
3 4013 4017 4021 
3 4013 4021 4020 
3 4014 4022 4015 
3 4014 4019 4023 
3 4014 4024 4022 
3 4014 4023 4024 
3 2888 4025 2891 
3 2888 2809 2803 
3 2888 2803 4025 
3 3271 4026 3445 
3 3271 4027 4026 
3 3271 3272 4027 
3 3272 3273 4027 
3 3080 4028 4029 
3 3080 3422 4028 
3 3080 4029 3081 
3 3081 4029 4030 
3 3081 4030 3085 
3 4031 4032 4033 
3 4031 1678 4032 
3 4033 4032 4034 
3 4033 4034 4035 
3 4033 4036 4037 
3 4033 4035 4036 
3 3418 4038 3419 
3 3418 2125 4039 
3 3418 4039 4038 
3 3683 3718 3686 
3 3057 4040 3664 
3 3057 3060 4040 
3 3600 4041 4042 
3 3600 2488 4041 
3 3600 4042 3601 
3 2434 2438 3778 
3 2254 2261 4043 
3 2254 4044 2256 
3 2254 4045 4044 
3 2254 4043 4045 
3 2634 3557 2635 
3 3254 3257 4046 
3 3254 4047 2777 
3 3254 4046 4047 
3 4048 4049 3489 
3 4048 4050 4051 
3 4048 3816 4052 
3 4048 4052 4050 
3 4048 3488 3816 
3 4048 3489 3488 
3 4048 4051 4049 
3 4049 4053 4054 
3 4049 4051 4053 
3 4049 4054 4055 
3 4049 4055 3489 
3 3489 4055 3239 
3 497 4056 521 
3 497 4057 4056 
3 497 498 4057 
3 1351 4058 1383 
3 1351 1353 4058 
3 4059 4060 4061 
3 4059 4062 4063 
3 4059 4064 4060 
3 4059 4063 4064 
3 4059 4065 4062 
3 4059 4061 4065 
3 4060 4066 4067 
3 4060 4067 4068 
3 4060 4068 4061 
3 4060 4064 4066 
3 4061 4068 1382 
3 4061 1382 1387 
3 4061 1387 4065 
3 1586 3419 4038 
3 1586 762 3419 
3 1586 763 762 
3 1586 4038 1583 
3 3419 762 3420 
3 4038 2690 1583 
3 4038 4039 2690 
3 2717 3800 4069 
3 2717 4069 2718 
3 1713 3805 1711 
3 2165 4070 3615 
3 2165 3615 2159 
3 2165 3495 4070 
3 3297 3374 2682 
3 4071 3395 4072 
3 4071 4072 4073 
3 4071 4074 4075 
3 4071 4075 3395 
3 4071 4076 4074 
3 4071 4073 4076 
3 3395 2781 4072 
3 3395 4075 3394 
3 4072 2781 2780 
3 4072 2780 3430 
3 4072 3430 4073 
3 4063 4077 4064 
3 4063 4078 4077 
3 4063 4062 4079 
3 4063 4079 4078 
3 4077 4078 4080 
3 4077 4080 4081 
3 4077 4081 4082 
3 4077 4082 4064 
3 4064 4082 4083 
3 4064 4083 4066 
3 2970 3398 2971 
3 3123 4084 1554 
3 3123 4085 4084 
3 3123 3125 4085 
3 1554 3945 1555 
3 1554 4084 3945 
3 3653 3652 4086 
3 3653 4086 3246 
3 2279 1623 2471 
3 4087 3146 4088 
3 4087 3147 3146 
3 4087 4089 3147 
3 4087 4088 4090 
3 4087 4090 4089 
3 3146 3145 4091 
3 3146 4091 4088 
3 4088 4091 4092 
3 4088 1478 4090 
3 4088 4092 1478 
3 2297 2298 2878 
3 2297 2878 2078 
3 2297 2078 2079 
3 3824 3970 4093 
3 3824 4093 3971 
3 1473 2295 555 
3 1473 555 2665 
3 1473 2665 1475 
3 2295 2296 2449 
3 2402 2403 4094 
3 2402 4094 3773 
3 3833 809 2823 
3 3833 3741 3834 
3 3833 2823 3741 
3 2823 3740 3741 
3 2823 2824 3740 
3 2191 2193 3278 
3 3859 4095 4096 
3 3859 4096 3860 
3 3859 4097 4095 
3 3859 2677 4097 
3 3664 4098 4099 
3 3664 4040 4098 
3 3664 4099 3665 
3 3380 4100 3381 
3 3380 4101 4100 
3 3380 3713 4101 
3 2541 2542 2986 
3 3909 4102 4103 
3 3909 4104 4102 
3 3909 4103 3913 
3 3909 3911 4104 
3 4015 4105 4016 
3 4015 4106 4105 
3 4015 4022 4106 
3 2343 2344 3922 
3 2343 3922 4107 
3 2343 4107 3130 
3 2695 3715 4108 
3 2695 4108 2696 
3 3631 3633 4109 
3 3631 4109 3635 
3 3553 3927 3555 
3 371 372 4110 
3 371 4111 3490 
3 371 4110 4111 
3 3490 4112 3491 
3 3490 4113 4112 
3 3490 4111 4113 
3 2764 2763 4114 
3 2764 4114 4115 
3 2764 4116 2765 
3 2764 4115 4116 
3 2763 3802 4114 
3 2763 2762 3573 
3 2763 3573 3802 
3 3806 4117 4118 
3 3806 4118 3807 
3 3806 2255 4119 
3 3806 4120 4117 
3 3806 4119 4120 
3 3807 4118 4121 
3 3807 3362 2257 
3 3807 4121 3362 
3 2255 4122 4119 
3 2255 2256 4122 
3 3413 3568 3414 
3 3414 3568 4123 
3 3414 4123 3840 
3 3895 4124 3899 
3 3895 4125 4124 
3 3895 3896 4125 
3 3896 4126 4125 
3 3896 4127 4126 
3 3896 3897 4127 
3 2942 3958 3048 
3 2942 3959 3958 
3 2942 4128 3959 
3 2942 2943 4128 
3 3048 4129 3049 
3 3048 3962 4129 
3 3048 3958 3962 
3 3947 649 4130 
3 3947 4130 4131 
3 3947 4131 1557 
3 2928 4132 3568 
3 2928 2929 4132 
3 3568 4132 4133 
3 3568 4133 4123 
3 3906 3914 4134 
3 3906 4134 4135 
3 3906 4135 3907 
3 2405 3237 3365 
3 642 3944 643 
3 649 650 4130 
3 3622 4136 3623 
3 3622 3216 4136 
3 3622 3214 3216 
3 3622 154 3214 
3 3623 4136 4137 
3 3623 4138 2355 
3 3623 4137 4138 
3 4139 4140 4001 
3 4139 4003 3694 
3 4139 3694 4141 
3 4139 4001 4003 
3 4139 4141 4142 
3 4139 4142 4140 
3 4140 2999 2997 
3 4140 2997 4001 
3 4140 4143 2999 
3 4140 4142 4143 
3 4051 4050 4144 
3 4051 4144 4053 
3 4050 4052 4145 
3 4050 4145 4146 
3 4050 4146 4144 
3 3249 3934 3937 
3 3249 3937 3470 
3 3249 3250 3934 
3 1107 4147 4148 
3 1107 4148 3855 
3 1107 1105 4147 
3 703 702 2748 
3 704 2749 705 
3 705 2749 4149 
3 705 4149 4150 
3 705 4150 700 
3 2873 4151 2871 
3 2873 4152 4151 
3 3685 3678 3691 
3 2520 4153 2829 
3 2520 4154 4153 
3 2520 4155 4154 
3 2520 2519 4155 
3 2519 4156 4155 
3 2519 2518 4156 
3 3607 3598 4157 
3 3607 3591 3598 
3 3607 4158 3608 
3 3607 4157 4158 
3 3598 3597 4159 
3 3598 4159 4157 
3 4157 4159 4160 
3 4157 4161 4158 
3 4157 4160 4161 
3 4003 3693 3694 
3 4003 4002 3693 
3 3694 3695 4141 
3 2186 3130 4162 
3 2186 4162 2966 
3 4163 2957 2956 
3 4163 2956 4164 
3 4163 4164 4165 
3 4163 4165 4166 
3 4163 4166 4167 
3 4163 4167 2957 
3 2957 4168 2958 
3 2957 4169 4168 
3 2957 4167 4169 
3 2956 2962 4164 
3 4164 4170 4165 
3 4164 4171 4170 
3 4164 2962 4171 
3 2632 3730 4172 
3 2632 4172 2826 
3 3481 3294 3484 
3 3481 3475 3291 
3 3481 3291 3294 
3 866 867 4173 
3 866 4174 4175 
3 866 4175 870 
3 866 4173 4174 
3 2460 2462 4174 
3 2460 4174 2461 
3 2462 877 873 
3 2462 873 4175 
3 2462 4175 4174 
3 169 3952 4176 
3 169 4176 4177 
3 169 4177 135 
3 3952 3953 4178 
3 3952 4178 4179 
3 3952 4179 4176 
3 4180 3558 3176 
3 4180 3176 2611 
3 4180 2611 4181 
3 4180 3303 3558 
3 4180 3302 3303 
3 4180 4181 3302 
3 3558 3303 3557 
3 3558 3177 3176 
3 1888 3505 1889 
3 4182 3960 3961 
3 4182 3961 4183 
3 4182 4184 3960 
3 4182 4185 4184 
3 4182 4183 4186 
3 4182 4186 4185 
3 3960 4184 3962 
3 3961 1703 4187 
3 3961 4187 4183 
3 3961 1704 1703 
3 2701 4188 3734 
3 2701 2700 4188 
3 3734 4189 1730 
3 1730 4189 4190 
3 1730 4190 1731 
3 4191 4192 4193 
3 4191 4193 4194 
3 4191 4194 4195 
3 4191 4196 4192 
3 4191 4197 4196 
3 4191 4195 4197 
3 4192 4196 4198 
3 4192 4199 4193 
3 4192 4198 4200 
3 4192 4200 4199 
3 4193 2058 4194 
3 4193 4201 2058 
3 4193 4199 4201 
3 1598 1599 4202 
3 1598 4202 4203 
3 1598 4203 3111 
3 3970 4204 4205 
3 3970 4206 4093 
3 3970 4205 4206 
3 3970 3966 4204 
3 3266 3267 4207 
3 3266 4207 4208 
3 3266 4208 3270 
3 2506 2724 3971 
3 2506 3971 2507 
3 4209 4210 1593 
3 4209 4211 4210 
3 4209 4212 4213 
3 4209 4213 4211 
3 4209 848 4214 
3 4209 1593 848 
3 4209 4214 4212 
3 4210 3353 1593 
3 4210 4211 3354 
3 4210 3354 3353 
3 3430 3428 4073 
3 2016 2027 4215 
3 2016 4215 2529 
3 2366 2639 2881 
3 2366 2881 1839 
3 1478 1479 4090 
3 1478 4092 2296 
3 941 4216 4217 
3 941 4217 3951 
3 941 2718 4216 
3 941 938 2718 
3 2246 4218 2969 
3 2246 2969 2247 
3 2246 2736 4218 
3 3059 3058 4219 
3 2587 4220 2588 
3 2587 4221 4220 
3 2587 3579 4221 
3 4032 1678 1683 
3 4032 4222 4034 
3 4032 1683 4222 
3 2378 4223 2375 
3 2378 4224 4223 
3 4225 4226 4227 
3 4225 4227 4228 
3 4225 4229 4230 
3 4225 4230 4231 
3 4225 4231 4226 
3 4225 4228 4229 
3 4226 3660 4227 
3 4226 4231 3582 
3 4226 3582 3581 
3 4226 3581 3660 
3 4227 3660 4232 
3 4227 4232 4233 
3 4227 4233 4228 
3 3244 3245 4234 
3 3244 4234 3935 
3 3244 3935 3250 
3 3245 3246 4235 
3 3245 4235 4236 
3 3245 4236 4234 
3 4237 4238 4239 
3 4237 4239 498 
3 4237 4240 4238 
3 4237 498 462 
3 4237 401 4240 
3 4237 462 401 
3 4238 4240 429 
3 4238 429 430 
3 4238 4241 4239 
3 4238 430 4241 
3 4239 4057 498 
3 4239 4242 4057 
3 4239 4241 4242 
3 2125 2124 4039 
3 3922 3919 4107 
3 3922 2344 3893 
3 2344 2392 3893 
3 2635 3557 3303 
3 3754 3932 3931 
3 3754 3931 3759 
3 3754 3757 3932 
3 3364 3760 3747 
3 4243 3910 3908 
3 4243 3908 3746 
3 4243 3746 3745 
3 4243 4244 4245 
3 4243 3745 4244 
3 4243 4245 3910 
3 3910 4246 3911 
3 3910 4245 4246 
3 3908 3907 3746 
3 2960 2961 3007 
3 4247 4248 4249 
3 4247 4249 4250 
3 4250 4251 4117 
3 4250 4117 4252 
3 4250 4249 4251 
3 2103 2102 3496 
3 3076 3084 4253 
3 3076 4253 648 
3 3076 648 3078 
3 4254 4236 4235 
3 4254 4255 4236 
3 4254 4235 4256 
3 4254 4256 4257 
3 4254 4258 4255 
3 4254 4257 4258 
3 4236 4109 4234 
3 4236 4255 4109 
3 4235 4086 4256 
3 4235 3246 4086 
3 339 3777 332 
3 647 648 4253 
3 647 4253 4259 
3 647 4259 3780 
3 3042 4260 4261 
3 3042 3043 4260 
3 3042 4261 3826 
3 3826 4261 4262 
3 3826 4262 3827 
3 3846 3848 4263 
3 3846 4263 4264 
3 3846 4264 3851 
3 3770 4265 4085 
3 3770 3771 4265 
3 3770 4085 3772 
3 3822 3574 4266 
3 3822 4266 3823 
3 4062 4065 4267 
3 4062 4268 4079 
3 4062 4267 4268 
3 3919 4269 4107 
3 3919 4270 4269 
3 3919 3921 4270 
3 2659 4271 4272 
3 2659 4272 2660 
3 2659 4273 4274 
3 2659 2656 4273 
3 2659 4274 4271 
3 4271 4275 4276 
3 4271 4277 4275 
3 4271 4278 4272 
3 4271 4276 4278 
3 4271 4274 4277 
3 4272 4279 2660 
3 4272 4280 4279 
3 4272 4278 4280 
3 2660 4281 2653 
3 2660 4279 4281 
3 1728 1729 2533 
3 1728 2533 4282 
3 1728 4282 2702 
3 4124 4125 4283 
3 4124 1815 4284 
3 4124 4284 3899 
3 4124 4283 1815 
3 3899 4284 3920 
3 3084 4285 4253 
3 3084 4286 4285 
3 3084 3085 4286 
3 3206 3410 4287 
3 3206 4288 3204 
3 3206 4287 4288 
3 3520 3525 4289 
3 3520 4289 3728 
3 1665 4290 1666 
3 1665 4291 4290 
3 1665 4292 4291 
3 1665 1667 4292 
3 1666 4290 4293 
3 1666 4293 1668 
3 4294 4295 4296 
3 4294 4219 4297 
3 4294 4297 4295 
3 3300 3301 3996 
3 3815 4298 4052 
3 3815 4052 3816 
3 3815 3665 4099 
3 3815 4099 4298 
3 3655 4299 4300 
3 3655 4300 3656 
3 3655 3658 4299 
3 3652 3720 4086 
3 2885 2890 3731 
3 4301 4302 4303 
3 4301 4304 4305 
3 4301 4305 4306 
3 4301 4307 4308 
3 4301 4303 4307 
3 4301 4306 4302 
3 4301 4308 4304 
3 4302 4309 4310 
3 4302 4310 4303 
3 4302 4306 4309 
3 4303 4310 4311 
3 4303 4311 4307 
3 4211 4213 4312 
3 4211 4312 4313 
3 4211 4313 3354 
3 2087 3723 4314 
3 2087 4314 4315 
3 2087 4315 2088 
3 4228 4233 4316 
3 4228 4317 4229 
3 4228 4316 4317 
3 3126 1621 3127 
3 3126 1122 3505 
3 1122 1123 1889 
3 1122 1889 3505 
3 4318 3094 3093 
3 4318 3093 4319 
3 4318 4319 4320 
3 4318 4321 3094 
3 4318 4322 4321 
3 4318 4320 4322 
3 3094 4321 4323 
3 3094 4323 3096 
3 3093 4324 4319 
3 3093 3095 4324 
3 3953 4325 4326 
3 3953 1429 4327 
3 3953 4326 4178 
3 3953 4327 4325 
3 3508 4328 4329 
3 3508 4330 3509 
3 3508 4329 4330 
3 3508 2558 4328 
3 3509 4330 3512 
3 4331 2043 2040 
3 4331 4332 2043 
3 4331 2040 4333 
3 4331 1476 4332 
3 4331 4333 1469 
3 4331 1469 1476 
3 2043 4332 2046 
3 2040 2041 4333 
3 4334 4335 4336 
3 4334 4336 4337 
3 4335 4115 4336 
3 4335 4338 4116 
3 4335 4116 4115 
3 4336 4339 4337 
3 4336 4115 4340 
3 4336 4340 4339 
3 1833 2085 4341 
3 1833 4341 1834 
3 4151 4342 1398 
3 4151 1399 2871 
3 4151 1398 1399 
3 4151 4152 4342 
3 2871 1399 2874 
3 4152 4343 4342 
3 984 4344 4345 
3 984 985 4344 
3 984 4345 986 
3 2110 4346 2349 
3 2110 2109 4346 
3 2349 3672 4347 
3 2349 4347 2350 
3 2349 4346 3672 
3 643 3944 4348 
3 643 4348 4349 
3 643 4349 645 
3 3944 3946 4348 
3 4290 4350 3810 
3 4290 4291 4350 
3 4290 3810 4293 
3 2643 2905 2644 
3 2643 2841 2905 
3 2644 2905 2704 
3 3292 3656 4351 
3 3292 4352 3293 
3 3292 4351 4352 
3 2576 4353 2577 
3 2576 3423 4353 
3 4353 4354 4355 
3 4353 3423 4354 
3 4353 4355 4356 
3 4353 4356 2577 
3 2577 4356 2747 
3 3044 3827 4357 
3 3044 4358 3045 
3 3044 4357 4358 
3 2668 3394 3514 
3 4117 4251 4118 
3 4117 4120 4252 
3 4118 4251 4359 
3 4118 4359 4121 
3 2184 3376 2638 
3 2639 2321 2881 
3 2881 2321 2880 
3 4360 4361 4362 
3 4360 4362 4363 
3 4360 4364 4361 
3 4360 4363 4365 
3 4360 4365 4364 
3 4361 4366 4362 
3 4361 4367 4366 
3 4361 4364 4368 
3 4361 4369 4367 
3 4361 4368 4369 
3 4362 4366 4370 
3 4362 4370 4371 
3 4362 4371 4363 
3 3747 3760 3928 
3 3659 4372 4232 
3 3659 4232 3660 
3 3659 4373 4372 
3 3659 3580 4373 
3 1729 1734 2528 
3 1729 2528 2533 
3 2482 4374 3602 
3 2482 4375 4374 
3 2482 2476 4375 
3 2088 4376 806 
3 2088 4315 4376 
3 4212 4377 4213 
3 4212 4378 4377 
3 4212 2694 4378 
3 4212 4214 2694 
3 4213 4377 4379 
3 4213 4379 4312 
3 3872 4380 2479 
3 3872 3873 4380 
3 3872 2479 3463 
3 701 4381 4382 
3 701 700 4381 
3 701 4382 3033 
3 4381 4383 4382 
3 4381 4384 4383 
3 4381 4150 4384 
3 4381 700 4150 
3 4382 4383 3369 
3 4382 4385 3033 
3 4382 3369 4385 
3 4171 4386 4387 
3 4171 2962 4386 
3 4171 4387 4388 
3 4171 4388 4170 
3 4386 2962 2963 
3 4387 4389 4388 
3 4019 4390 4391 
3 4019 4020 4390 
3 4019 4391 4023 
3 4390 4020 3166 
3 4390 3166 4143 
3 4390 4143 4142 
3 4390 4142 4391 
3 4391 4141 3883 
3 4391 3882 4023 
3 4391 4142 4141 
3 4391 3883 3882 
3 4392 4393 4394 
3 4392 4395 4396 
3 4392 4394 4397 
3 4392 4398 4393 
3 4392 4399 4395 
3 4392 4397 4399 
3 4392 4396 4398 
3 4393 4230 4229 
3 4393 4400 4230 
3 4393 4398 4400 
3 4393 4229 4394 
3 4394 4229 4317 
3 4394 4401 4397 
3 4394 4317 4401 
3 3746 3907 4402 
3 3746 4402 3742 
3 2579 2294 4403 
3 2579 4403 4404 
3 2579 4404 2580 
3 2580 4404 4405 
3 2580 4405 4406 
3 2580 4406 4407 
3 2580 4407 2581 
3 4408 4409 4410 
3 4408 4411 4412 
3 4408 4412 4409 
3 4408 3868 4411 
3 4408 3866 3868 
3 4408 4410 3866 
3 4409 4413 4410 
3 4409 4081 4413 
3 4409 4414 4081 
3 4409 4412 4414 
3 4410 4413 4415 
3 4410 3864 3866 
3 2777 4047 2947 
3 4231 4416 3582 
3 4231 4230 4417 
3 4231 4417 4416 
3 4416 3584 3582 
3 4416 4418 3584 
3 4416 4417 4419 
3 4416 4419 4418 
3 3760 2471 2472 
3 3760 2472 3928 
3 2750 3712 3724 
3 1545 2696 2713 
3 4420 4421 4422 
3 4420 4422 4423 
3 4420 4423 4424 
3 4420 4425 4421 
3 4420 4426 4425 
3 4420 4424 4426 
3 4421 3167 4021 
3 4421 4021 4422 
3 4421 3492 3167 
3 4421 4425 3492 
3 4422 4018 4423 
3 4422 4017 4018 
3 4422 4021 4017 
3 2863 4427 4428 
3 2863 4428 2868 
3 2863 2864 4427 
3 4251 4429 4359 
3 4251 4249 4429 
3 4430 4431 4432 
3 4430 4432 4433 
3 4430 4434 4431 
3 4430 4433 4435 
3 4430 4436 4434 
3 4430 4435 4436 
3 4431 4437 4432 
3 4431 4434 4438 
3 4431 4438 4437 
3 4432 4439 4440 
3 4432 4440 4433 
3 4432 4441 4439 
3 4432 4437 4441 
3 932 3366 919 
3 1095 3795 1092 
3 1047 1049 1081 
3 1176 1211 1177 
3 1211 1233 4442 
3 1211 4442 1177 
3 1840 828 3119 
3 1283 1282 4443 
3 1283 4443 1336 
3 4444 4445 4446 
3 4444 4446 4447 
3 1711 3805 3060 
3 1711 3060 1712 
3 1734 2014 2528 
3 1734 1741 2014 
3 435 1807 436 
3 1630 1631 2168 
3 3543 3544 3565 
3 3543 4448 3546 
3 3543 3565 4448 
3 4449 2070 2069 
3 4449 4450 2070 
3 4449 4451 4452 
3 4449 2069 4451 
3 4449 4453 4450 
3 4449 4452 4453 
3 2070 4450 4454 
3 2070 4454 2066 
3 2069 2068 4451 
3 2479 4380 2476 
3 4380 4455 4375 
3 4380 4375 2476 
3 4380 3873 4455 
3 2594 4456 2595 
3 2594 340 4456 
3 3192 3218 4457 
3 3192 4457 3320 
3 2861 4458 2864 
3 2237 2236 4459 
3 2237 4459 4460 
3 2237 4460 4461 
3 2236 2278 4462 
3 2236 4462 4463 
3 2236 4463 4459 
3 4459 4464 4465 
3 4459 4465 4460 
3 4459 4463 4464 
3 3893 2392 2463 
3 1027 3173 1028 
3 4345 4466 986 
3 4345 4344 2737 
3 4345 4467 4466 
3 4345 2737 4467 
3 4344 985 2738 
3 4344 2738 2737 
3 2955 4468 3009 
3 2955 2958 4468 
3 2640 2641 3714 
3 2641 4469 3714 
3 2641 2642 4470 
3 2641 4470 4469 
3 3714 4469 3715 
3 4383 4384 4471 
3 4383 4471 3371 
3 4383 3371 3369 
3 1394 1398 4472 
3 1394 4472 3810 
3 1398 4342 4472 
3 985 1008 2738 
3 3475 3477 3290 
3 3475 3290 3291 
3 1601 3112 3788 
3 1601 3787 1602 
3 1601 3788 3787 
3 3865 4473 2939 
3 3712 3723 3724 
3 3712 3917 3723 
3 4319 4474 4320 
3 4319 4324 4475 
3 4319 4475 4474 
3 4324 3095 4476 
3 4324 4476 4477 
3 4324 4477 4475 
3 2568 4478 3972 
3 2568 2569 4478 
3 3972 4479 3975 
3 3972 4480 4479 
3 3972 4478 4480 
3 4240 4481 4482 
3 4240 401 4481 
3 4240 4482 429 
3 4285 4259 4253 
3 4285 4483 4259 
3 4285 4484 4483 
3 4285 4286 4484 
3 4161 4485 4486 
3 4161 4487 4485 
3 4161 4160 4487 
3 4161 4486 4158 
3 4485 4488 4489 
3 4485 4487 4488 
3 4485 4489 3099 
3 4485 3099 4486 
3 4486 3099 3098 
3 4486 4490 4158 
3 4486 3098 4491 
3 4486 4491 4490 
3 1494 4492 1491 
3 1494 3431 4492 
3 1602 3401 1603 
3 1602 4493 3401 
3 1602 3787 4493 
3 1603 3401 3399 
3 1603 3399 1604 
3 4196 4494 4198 
3 4196 4197 4495 
3 4196 4495 4494 
3 4494 2916 2915 
3 4494 4495 2916 
3 4494 2915 4496 
3 4494 4496 4198 
3 4198 4496 4497 
3 4198 4497 4200 
3 3877 3462 3596 
3 3877 3596 3879 
3 3597 4010 4159 
3 4230 4400 4417 
3 4400 4498 4417 
3 4400 4398 4499 
3 4400 4499 4498 
3 4417 4498 4500 
3 4417 4500 4419 
3 4125 4126 4501 
3 4125 4501 4283 
3 4283 702 1813 
3 4283 1813 1815 
3 4283 4501 2748 
3 4283 2748 702 
3 2692 4502 2693 
3 2692 4503 4502 
3 2692 912 4503 
3 2692 904 912 
3 2693 4378 2694 
3 2693 4502 4378 
3 4502 4504 4378 
3 4502 4505 4504 
3 4502 4503 4505 
3 4506 4372 3270 
3 4506 4232 4372 
3 4506 4507 4233 
3 4506 4233 4232 
3 4506 4208 4507 
3 4506 3270 4208 
3 4372 3269 3270 
3 4372 4373 3269 
3 1815 1814 4284 
3 4284 4508 3920 
3 4284 1814 4508 
3 3775 2286 2291 
3 3775 3087 2286 
3 3775 3776 3087 
3 797 4509 2126 
3 797 793 4509 
3 2661 4510 2662 
3 2661 4511 4510 
3 2661 3168 4511 
3 4428 4427 4512 
3 4428 4513 2851 
3 4428 4512 4513 
3 4428 2852 2868 
3 4428 2851 2852 
3 4427 4514 4512 
3 4427 4515 4514 
3 4427 2864 4515 
3 4512 4514 4516 
3 4512 4517 4513 
3 4512 4516 4517 
3 2247 2969 2968 
3 2247 2972 2248 
3 2247 2968 2972 
3 4423 4518 4424 
3 4423 4018 4519 
3 4423 4519 4518 
3 4396 4520 4521 
3 4396 4521 4398 
3 4396 4522 4520 
3 4396 4395 4522 
3 4395 4523 4524 
3 4395 4399 4523 
3 4395 4524 4522 
3 3049 4129 4525 
3 3049 1385 2938 
3 3049 4525 1385 
3 2937 4526 3867 
3 2937 2938 4526 
3 4527 4528 4529 
3 4527 4529 4530 
3 4527 4531 4528 
3 4527 4530 4532 
3 4527 4532 4531 
3 4528 4533 4529 
3 4528 4531 4534 
3 4528 4534 4535 
3 4528 4535 4533 
3 4529 4103 4530 
3 4529 4536 4103 
3 4529 4537 4536 
3 4529 4533 4537 
3 3920 4538 3921 
3 3920 4508 4538 
3 3610 3620 4539 
3 3610 4539 4540 
3 3610 4540 3611 
3 4052 4298 4145 
3 4298 4099 4541 
3 4298 4542 4145 
3 4298 4541 4542 
3 3817 2854 2850 
3 3817 2850 4513 
3 3817 4513 4517 
3 3817 4517 3818 
3 3818 4517 4543 
3 3818 4543 3819 
3 3257 4544 4046 
3 3257 4545 4544 
3 3257 3258 4545 
3 3314 3836 4546 
3 3314 4546 3315 
3 3315 4547 3311 
3 3315 4548 4547 
3 3315 4546 4548 
3 1883 1123 1121 
3 1883 1121 1884 
3 1883 1889 1123 
3 1893 2300 2099 
3 1893 3928 2300 
3 3423 3083 3077 
3 3423 3077 4354 
3 4218 2603 2969 
3 4218 3976 2599 
3 4218 2736 3976 
3 4218 2599 2603 
3 2109 4549 4346 
3 2109 4131 4549 
3 2109 1557 4131 
3 340 341 4456 
3 3269 3089 3088 
3 3269 4373 3089 
3 3088 3086 3265 
3 2403 3195 4094 
3 4121 4359 4550 
3 4121 4550 3524 
3 4121 3524 3362 
3 3250 3935 3934 
3 1429 4551 4327 
3 1429 1430 4551 
3 2663 3563 2743 
3 2868 2852 3024 
3 4552 4553 4554 
3 4552 4555 4556 
3 4552 4554 4555 
3 4553 4557 4554 
3 3661 3819 3662 
3 3693 4002 3718 
3 648 644 3078 
3 824 3401 4493 
3 824 4493 2089 
3 2089 4558 2090 
3 2089 3786 4558 
3 2089 4493 3786 
3 4107 4269 4559 
3 4107 4559 3130 
3 2690 3504 4009 
3 2690 4039 3504 
3 1579 1578 4560 
3 1579 4560 4561 
3 1579 4562 1580 
3 1579 4563 4562 
3 1579 4561 4563 
3 1580 3358 1582 
3 1580 4562 3358 
3 3800 4564 4069 
3 3800 3823 4565 
3 3800 4565 4564 
3 2677 2678 4097 
3 3743 4566 3744 
3 3743 3738 4357 
3 3743 4357 3827 
3 3743 3827 4566 
3 4566 4244 3744 
3 4566 3827 4262 
3 4566 4567 4244 
3 4566 4262 4567 
3 3744 4244 3745 
3 1514 2811 768 
3 332 3777 4568 
3 332 4568 333 
3 644 4569 3078 
3 644 645 4569 
3 931 930 4570 
3 931 4570 1863 
3 4443 4571 1336 
3 4443 1282 2187 
3 4443 2187 4571 
3 4572 4556 4573 
3 4572 4573 4574 
3 4556 4575 4573 
3 4556 4555 4575 
3 4573 4576 4577 
3 4573 4575 4576 
3 4573 4577 4574 
3 4574 4578 4579 
3 4574 4577 4578 
3 4145 4542 4580 
3 4145 4580 4146 
3 3873 4581 4455 
3 3873 3874 4581 
3 3381 4582 3382 
3 3381 4100 4582 
3 3382 1722 1721 
3 3382 4582 1722 
3 3086 3087 4583 
3 3086 4583 3265 
3 2595 4456 4584 
3 2595 4585 2596 
3 2595 4584 4585 
3 3320 4457 4586 
3 3320 4586 4587 
3 3320 4587 3321 
3 2803 2806 4588 
3 2803 4588 4025 
3 4093 2507 3971 
3 4093 4589 2507 
3 4093 4206 4589 
3 2739 2740 4590 
3 2739 4590 2951 
3 2739 2951 4591 
3 2739 4591 3442 
3 3188 2530 4592 
3 3188 3375 2626 
3 3188 4592 3375 
3 2530 2529 4593 
3 2530 4593 4592 
3 4592 3376 3375 
3 4592 4593 4594 
3 4592 4594 3376 
3 929 4595 930 
3 929 4596 4595 
3 929 1606 4596 
3 3131 1740 4597 
3 3131 4597 4598 
3 3131 4598 3133 
3 4599 4600 4601 
3 4599 4602 4600 
3 4599 4601 4603 
3 4599 4604 4602 
3 4599 4603 4605 
3 4599 4605 4604 
3 4600 4606 4607 
3 4600 4602 4606 
3 4600 4607 4438 
3 4600 4438 4601 
3 4601 4434 4608 
3 4601 4608 4603 
3 4601 4438 4434 
3 3468 4609 3469 
3 3468 3471 4610 
3 3468 4610 4609 
3 3867 4611 3868 
3 3867 4526 4611 
3 3173 4612 4613 
3 3173 4613 1028 
3 3173 3175 4612 
3 775 774 4614 
3 775 4614 4615 
3 775 4615 4616 
3 775 4616 777 
3 774 2791 4614 
3 774 2735 2791 
3 3951 4217 4617 
3 3951 2132 2131 
3 3951 4617 2132 
3 4320 4474 4618 
3 4320 4619 4322 
3 4320 4618 4619 
3 4474 4620 4618 
3 4474 4475 4620 
3 3204 3719 3205 
3 3204 4288 3719 
3 3410 3411 4621 
3 3410 4621 4622 
3 3410 4622 4287 
3 4287 4623 4624 
3 4287 4622 4623 
3 4287 4624 4288 
3 3043 3038 4625 
3 3043 4625 4626 
3 3043 4626 4260 
3 4403 2294 1490 
3 4403 1490 4492 
3 4403 4492 4627 
3 4403 4627 4404 
3 1490 1491 4492 
3 3715 4628 4108 
3 3715 4469 4628 
3 4629 4630 4631 
3 4629 4632 4630 
3 4629 4633 4632 
3 4629 4634 4633 
3 4629 4631 4635 
3 4629 4636 4634 
3 4629 4635 4636 
3 4630 4632 4637 
3 4630 4638 4631 
3 4630 4639 4638 
3 4630 4637 4639 
3 4631 4207 3267 
3 4631 4638 4207 
3 4631 3267 4635 
3 4159 4640 4160 
3 4159 4010 4640 
3 2248 4641 4642 
3 2248 2972 4641 
3 2248 4642 2249 
3 305 4643 4644 
3 305 4644 3950 
3 305 306 4643 
3 4501 4126 4645 
3 4501 4645 2077 
3 4501 2077 2748 
3 4126 4127 4646 
3 4126 4646 4645 
3 2694 4214 849 
3 4424 4647 4648 
3 4424 4648 4426 
3 4424 4518 4647 
3 4649 4650 4651 
3 4649 4652 3821 
3 4649 3821 4650 
3 4649 4651 4653 
3 4649 4653 4654 
3 4649 4654 4652 
3 4650 4655 4651 
3 4650 3821 2359 
3 4650 4656 4655 
3 4650 2359 4656 
3 4651 4657 4653 
3 4651 4658 4657 
3 4651 4659 4658 
3 4651 4655 4659 
3 2593 2596 3763 
3 1965 4542 1966 
3 1965 4580 4542 
3 1965 1723 4580 
3 2662 4660 4661 
3 2662 4510 4660 
3 2662 4662 2439 
3 2662 4661 4662 
3 4514 4663 4664 
3 4514 4664 4516 
3 4514 4515 4663 
3 3304 3321 3305 
3 4445 4665 4666 
3 4445 4666 4667 
3 4445 4667 4446 
3 4446 4668 4669 
3 4446 4669 4447 
3 4446 4667 4668 
3 3277 4670 3280 
3 3277 3279 4671 
3 3277 4671 4670 
3 4473 2940 2939 
3 4672 4673 4674 
3 4672 4291 4292 
3 4672 4292 4675 
3 4672 4676 4291 
3 4672 4674 4676 
3 4672 4675 4673 
3 4673 4677 4678 
3 4673 4675 4677 
3 4673 4678 4674 
3 4674 4679 4676 
3 4674 4680 4679 
3 4674 4678 4680 
3 3773 4681 3774 
3 3773 4094 4682 
3 3773 4682 4681 
3 3774 4681 3218 
3 3774 3218 3219 
3 3774 3219 3236 
3 4397 4401 4683 
3 4397 4683 4684 
3 4397 4684 4399 
3 4685 4686 4687 
3 4685 4687 4688 
3 4685 4668 4686 
3 4685 4669 4668 
3 4685 4688 4689 
3 4685 4689 4669 
3 4686 4668 4690 
3 4686 4690 4691 
3 4686 4692 4687 
3 4686 4691 4692 
3 4687 4693 4688 
3 4687 4694 4693 
3 4687 4692 4694 
3 428 4482 372 
3 428 429 4482 
3 4695 4696 4697 
3 4695 4697 4698 
3 4695 4699 4700 
3 4695 4698 4699 
3 4695 4246 4696 
3 4695 4700 4246 
3 4696 4246 4245 
3 4696 4245 4701 
3 4696 4701 4702 
3 4696 4702 4697 
3 4697 3993 4698 
3 4697 4702 4703 
3 4697 4703 3993 
3 4377 4378 4504 
3 4377 4504 4704 
3 4377 4704 4379 
3 4705 4706 4707 
3 4705 4707 4708 
3 4705 4709 4706 
3 4705 4137 4709 
3 4705 4710 4137 
3 4705 4708 4710 
3 4706 4709 4711 
3 4706 4712 4713 
3 4706 4711 4712 
3 4706 4714 4707 
3 4706 4713 4714 
3 4707 4715 4708 
3 4707 4714 4716 
3 4707 4716 4715 
3 4374 3402 3403 
3 4374 4717 3402 
3 4374 4375 4717 
3 4374 3403 3602 
3 3602 3404 3603 
3 3602 3403 3404 
3 3089 4373 3900 
3 4718 4719 4720 
3 4718 4720 4721 
3 4718 4721 4722 
3 4718 4722 4723 
3 4719 4724 4720 
3 4688 4693 4725 
3 4688 4725 4726 
3 4688 4726 4689 
3 4727 4728 4729 
3 4727 4730 4731 
3 4727 4731 4732 
3 4727 4733 4730 
3 4727 4729 4733 
3 4727 4732 4728 
3 4728 4734 4729 
3 4728 4735 4734 
3 4728 4736 4735 
3 4728 4732 4736 
3 4729 4737 4738 
3 4729 4734 4737 
3 4729 4738 4733 
3 2027 312 4739 
3 2027 4739 4215 
3 400 401 462 
3 3148 3383 4740 
3 3148 629 3149 
3 3148 4740 629 
3 2455 4043 2456 
3 2455 3284 4043 
3 1374 1385 4525 
3 1374 4525 1379 
3 2146 4741 1938 
3 2146 4742 4741 
3 2146 3120 4742 
3 3120 4743 4742 
3 3120 4744 4743 
3 3120 3025 4744 
3 986 4466 4745 
3 986 4745 989 
3 3097 4489 4746 
3 3097 4746 3101 
3 3097 3099 4489 
3 3223 4747 3224 
3 3223 4748 4747 
3 3223 3231 4748 
3 3003 4749 4750 
3 3003 4750 3008 
3 3003 3006 4749 
3 3045 4751 4752 
3 3045 4752 3040 
3 3045 4358 4751 
3 3656 4300 4753 
3 3656 4753 4351 
3 4351 4241 4352 
3 4351 4242 4241 
3 4351 4753 4242 
3 4094 3195 4754 
3 4094 4754 4682 
3 1871 4755 1869 
3 1871 1019 4756 
3 1871 4756 4755 
3 4433 4440 4757 
3 4433 3949 4435 
3 4433 4757 3949 
3 3532 3531 4758 
3 3532 4759 3533 
3 3532 4760 4759 
3 3532 4758 4760 
3 3531 4761 4758 
3 3531 2142 4761 
3 4758 4762 4763 
3 4758 4763 4760 
3 4758 4761 4762 
3 4762 4764 4765 
3 4762 1939 4764 
3 4762 4765 4763 
3 4762 4761 1939 
3 4763 4765 4766 
3 4763 4766 990 
3 4763 990 4760 
3 4398 4521 4499 
3 3544 3567 3566 
3 3544 3566 3565 
3 3544 3545 3567 
3 3620 3619 2517 
3 3620 2521 4539 
3 3620 2517 2521 
3 4539 4767 4540 
3 4539 2523 4767 
3 4539 2521 2523 
3 3280 4670 4768 
3 3280 4769 2733 
3 3280 4768 4770 
3 3280 4770 4769 
3 1702 4771 1703 
3 1702 4772 4771 
3 1702 3916 4772 
3 4450 4773 4454 
3 4450 4774 4773 
3 4450 4453 4774 
3 4454 4195 2066 
3 4454 4197 4195 
3 4454 4773 4197 
3 4451 2068 2465 
3 4451 4775 4452 
3 4451 2465 4775 
3 4452 4776 4777 
3 4452 4777 4453 
3 4452 4775 4776 
3 3702 4563 3706 
3 3702 3948 4563 
3 4080 4413 4081 
3 2678 2680 4778 
3 2678 4778 4097 
3 1430 1750 4551 
3 1430 1748 1750 
3 1430 167 1748 
3 4434 4436 4608 
3 4099 4098 4541 
3 3394 4075 4779 
3 3394 4779 3514 
3 4780 4781 1976 
3 4780 1976 4782 
3 4780 4783 4781 
3 4780 4782 4784 
3 4780 4785 4783 
3 4780 4784 4785 
3 4781 1977 1976 
3 1976 1975 4782 
3 4737 4786 4738 
3 4737 4734 3605 
3 4737 3606 4786 
3 4737 3605 3606 
3 4738 4787 4733 
3 4738 4786 4788 
3 4738 4788 4787 
3 3945 4789 3946 
3 3945 4084 4789 
3 3258 3255 4790 
3 3258 4790 2444 
3 3258 2444 4545 
3 4337 4339 1917 
3 4337 1917 959 
3 4337 959 960 
3 4339 4340 1919 
3 4339 1919 1917 
3 4066 4791 4067 
3 4066 4792 4791 
3 4066 4083 4792 
3 4791 4792 1363 
3 4791 4793 4067 
3 4791 4794 4793 
3 4791 1363 4794 
3 4067 4795 4068 
3 4067 4793 4795 
3 2471 1623 2098 
3 3672 3671 4347 
3 3672 4346 3670 
3 4347 4796 4797 
3 4347 4797 2350 
3 4347 3671 4796 
3 2288 3847 2834 
3 2288 2589 3847 
3 2288 2287 2589 
3 3560 4798 4799 
3 3560 3562 4798 
3 3560 4799 3561 
3 3392 4313 4312 
3 3392 4312 4800 
3 3392 4800 3393 
3 3392 3863 4313 
3 3015 3016 4801 
3 3015 4802 3444 
3 3015 4801 4802 
3 4579 4578 4803 
3 4578 4804 4803 
3 4578 4309 4804 
3 4578 4577 4309 
3 3861 4805 3858 
3 3861 3860 4806 
3 3861 2709 4805 
3 3861 4806 2709 
3 3860 4096 4807 
3 3860 4807 4806 
3 2930 3390 4808 
3 2930 3918 3390 
3 2930 1581 3918 
3 2930 4808 2931 
3 2931 4808 3454 
3 2931 3455 1577 
3 4325 4568 4326 
3 4325 4809 4568 
3 4325 4810 4809 
3 4325 4327 4810 
3 4568 3777 4326 
3 4568 4809 333 
3 4326 3777 3778 
3 4326 3778 4178 
3 4595 1877 4811 
3 4595 1878 1877 
3 4595 4596 1878 
3 4595 4811 930 
3 930 4811 4570 
3 525 466 1807 
3 2066 4195 2057 
3 1737 4812 1739 
3 1737 3163 4812 
3 1966 4542 4541 
3 1966 4098 1967 
3 1966 4541 4098 
3 4384 4813 4814 
3 4384 4814 4471 
3 4384 4150 4813 
3 4471 4814 4815 
3 4471 4588 3371 
3 4471 4815 4588 
3 2880 2321 2317 
3 2880 2317 2318 
3 1578 3955 4560 
3 1578 719 3955 
3 4816 4817 4818 
3 4816 4818 4819 
3 3542 4634 3545 
3 1632 1633 1659 
3 943 2130 948 
3 943 2131 2130 
3 3361 3523 2658 
3 2658 4820 2656 
3 2658 3523 4820 
3 4259 4483 4821 
3 4259 4821 3780 
3 4103 4102 4530 
3 4103 4536 3913 
3 4530 4822 4532 
3 4530 4102 4822 
3 2533 2534 4282 
3 2621 4823 4784 
3 2621 3500 4823 
3 2621 4784 2623 
3 1812 3925 3502 
3 1812 2067 3925 
3 3136 2848 3562 
3 2292 2732 2293 
3 2292 2839 2732 
3 4611 4824 4411 
3 4611 4825 4824 
3 4611 4411 3868 
3 4611 4526 4825 
3 4824 4826 1360 
3 4824 4825 4826 
3 4824 4827 4411 
3 4824 1360 4828 
3 4824 4828 4827 
3 4411 4827 4412 
3 2298 4829 2878 
3 2298 4830 4829 
3 2298 4831 4830 
3 2298 1502 4831 
3 2352 4797 4479 
3 2352 2350 4797 
3 2352 3318 2351 
3 2352 4479 3318 
3 4797 4796 3975 
3 4797 3975 4479 
3 4479 4480 3318 
3 4723 4832 4833 
3 4723 4722 4832 
3 3834 4402 3835 
3 3834 3742 4402 
3 3834 3741 3742 
3 3835 4402 4135 
3 3835 4834 3836 
3 3835 4135 4834 
3 2793 4835 2794 
3 2793 4836 4835 
3 2793 2469 4837 
3 2793 4837 4836 
3 2794 4835 3451 
3 2794 3451 2795 
3 4016 4105 4838 
3 4016 4839 4018 
3 4016 4838 4839 
3 3431 4627 4492 
3 3431 4264 4627 
3 3431 2944 4264 
3 4627 4840 4404 
3 4627 4264 4840 
3 3996 4841 4617 
3 3996 3301 4841 
3 3996 4842 3997 
3 3996 4617 4842 
3 3149 2448 3145 
3 3149 628 2448 
3 3149 629 628 
3 3145 2448 4091 
3 4348 4843 4349 
3 4348 3946 4844 
3 4348 4845 4843 
3 4348 4844 4845 
3 4068 4795 1355 
3 4068 1355 1382 
3 4846 4847 4848 
3 4846 4849 4850 
3 4846 4851 4852 
3 4846 4852 4849 
3 4846 4850 4847 
3 4846 4848 4851 
3 4847 4853 4848 
3 4847 4850 4854 
3 4847 4854 4853 
3 4848 4853 4855 
3 4848 4855 4856 
3 4848 4856 4851 
3 1377 4826 1378 
3 1377 4857 4826 
3 1377 1691 4857 
3 4826 4825 1378 
3 4826 1361 1360 
3 4826 4857 1361 
3 1378 4825 1384 
3 3695 3883 4141 
3 3695 3638 3883 
3 3847 4858 3849 
3 3847 2589 4858 
3 3982 3981 4859 
3 4859 3981 4860 
3 4859 4639 4637 
3 4859 4860 4639 
3 4782 1975 1983 
3 4782 2623 4784 
3 4782 1983 2623 
3 4412 4861 4414 
3 4412 4827 4861 
3 1028 4613 1046 
3 4862 4863 4864 
3 4862 4865 4866 
3 4862 4867 4863 
3 4862 4866 4867 
3 4862 4864 4868 
3 4862 4868 4865 
3 4863 4869 4870 
3 4863 4870 4864 
3 4863 4867 4871 
3 4863 4871 4869 
3 4864 4870 4872 
3 4864 4872 4873 
3 4864 4873 4868 
3 4805 2709 2708 
3 4874 4875 4876 
3 4874 4877 4878 
3 4874 4879 4877 
3 4874 4876 4880 
3 4874 4880 4879 
3 4874 4878 4875 
3 4875 4881 4470 
3 4875 4882 4881 
3 4875 4470 4876 
3 4875 4878 4882 
3 4876 4883 4880 
3 4876 4470 2642 
3 4876 2642 4883 
3 2444 4790 2445 
3 2444 2664 4545 
3 2664 4544 4545 
3 2664 496 523 
3 2664 523 4544 
3 4884 4885 4886 
3 4884 4887 4096 
3 4884 4888 4889 
3 4884 4889 4885 
3 4884 4886 4887 
3 4884 4096 4095 
3 4884 4095 4888 
3 4885 4890 4891 
3 4885 4892 4890 
3 4885 4889 4892 
3 4885 4891 4886 
3 4886 4893 4887 
3 4886 1325 4893 
3 4886 4891 1325 
3 4507 4316 4233 
3 4507 4894 4895 
3 4507 4895 4316 
3 4507 4208 4894 
3 4316 4895 4896 
3 4316 4896 4897 
3 4316 4897 4317 
3 2840 3273 2841 
3 2840 4898 3273 
3 2840 2842 4770 
3 2840 4770 4898 
3 4783 4785 4389 
3 3311 4547 3437 
3 3437 4899 3438 
3 3437 4547 4899 
3 338 4900 341 
3 338 375 4900 
3 2106 2302 2543 
3 1273 4901 1275 
3 1273 1223 4902 
3 1273 4902 4901 
3 1359 1363 4903 
3 1359 4903 4828 
3 1359 4828 1360 
3 2765 4904 2760 
3 2765 4116 4338 
3 1305 1306 4905 
3 1305 4905 4906 
3 1305 4906 1323 
3 1306 4907 4905 
3 1306 1304 4908 
3 1306 4908 4907 
3 135 4177 1732 
3 777 4616 2989 
3 1683 1679 4909 
3 1683 4909 4222 
3 4037 4036 1667 
3 2466 4910 4775 
3 2466 4775 2465 
3 2466 1830 4910 
3 2225 2628 736 
3 4899 4911 3438 
3 4899 4912 4913 
3 4899 4913 4911 
3 4899 4547 4912 
3 3438 4914 3439 
3 3438 4911 4915 
3 3438 4915 4914 
3 1969 1963 1717 
3 1969 1718 1985 
3 1969 1717 1718 
3 1985 1719 1987 
3 1985 1718 1719 
3 1987 1720 1994 
3 1987 1719 1720 
3 1994 1725 1997 
3 1994 1720 1725 
3 1997 1726 2001 
3 1997 1725 1726 
3 2001 1995 2003 
3 2001 1726 1995 
3 2003 1743 2005 
3 2003 1995 1743 
3 2005 1744 2009 
3 2005 1743 1744 
3 2009 1747 2018 
3 2009 1744 1747 
3 2018 1749 2024 
3 2018 1747 1749 
3 2024 1755 2031 
3 2024 1749 1755 
3 2031 1765 2036 
3 2031 1755 1765 
3 2036 271 1774 
3 2036 1765 271 
3 3594 3605 4916 
3 3594 4916 4917 
3 3594 4917 3595 
3 3194 3402 4918 
3 3194 4918 3195 
3 3521 3522 4919 
3 3521 4919 3523 
3 3946 4789 4844 
3 3611 4540 3612 
3 3612 3175 3174 
3 3612 3174 2163 
3 3612 4540 3175 
3 4516 4664 4295 
3 4516 4543 4517 
3 4516 4295 4543 
3 3224 4920 4921 
3 3224 4747 4920 
3 3224 4921 3226 
3 867 868 4922 
3 867 4922 4173 
3 3338 1999 3339 
3 3338 1998 1999 
3 4786 3940 4923 
3 4786 3606 3940 
3 4786 4923 4788 
3 3784 4924 3786 
3 3784 3785 4924 
3 1241 1313 1219 
3 1241 1340 1313 
3 3608 4925 3941 
3 3608 4158 4925 
3 3954 3956 4926 
3 3954 4927 3955 
3 3954 4926 4927 
3 4341 4928 4929 
3 4341 4929 1834 
3 4341 4930 4928 
3 4341 2085 4930 
3 4928 4931 4929 
3 4928 4932 4931 
3 4928 4933 4932 
3 4928 4930 4933 
3 4929 4931 4934 
3 4929 1825 1834 
3 4929 4934 1825 
3 4354 4935 4355 
3 4354 3079 4935 
3 4354 3077 3079 
3 4355 4935 4936 
3 4355 4936 4937 
3 4355 4937 4356 
3 4938 4939 4940 
3 4938 4405 4840 
3 4938 4263 4939 
3 4938 4840 4263 
3 4938 4941 4405 
3 4938 4940 4941 
3 4939 4263 3848 
3 4939 4942 4940 
3 4939 3848 4943 
3 4939 4943 4942 
3 4940 4944 4941 
3 4940 4945 4944 
3 4940 4946 4945 
3 4940 4942 4946 
3 4328 2554 4947 
3 4328 2558 2554 
3 4328 4947 4948 
3 4328 4948 4329 
3 4329 4949 4950 
3 4329 4948 4949 
3 4329 4950 4330 
3 4951 4952 4953 
3 4951 4954 4952 
3 4951 4955 4954 
3 4951 4953 4878 
3 4951 4878 4877 
3 4951 4877 4955 
3 4952 4956 4953 
3 4952 4957 4956 
3 4952 4958 4957 
3 4952 4954 4958 
3 4953 4956 4959 
3 4953 4959 4882 
3 4953 4882 4878 
3 4204 4960 4205 
3 4204 4961 4960 
3 4204 3967 4961 
3 4204 3966 3967 
3 4960 4962 4963 
3 4960 4961 4962 
3 4960 4964 4205 
3 4960 4965 4964 
3 4960 4963 4965 
3 4205 4966 4206 
3 4205 4964 4966 
3 4967 4968 4557 
3 4967 4969 4970 
3 4967 4970 4968 
3 4968 4554 4557 
3 4968 4971 4554 
3 4968 4972 4971 
3 4968 4973 4972 
3 4968 4970 4973 
3 3273 4898 4027 
3 1223 1198 4974 
3 1223 4974 4902 
3 4065 1387 3831 
3 4065 3831 4267 
3 3997 4975 3998 
3 3997 4842 4975 
3 3255 3256 4976 
3 3255 4976 4790 
3 1236 4977 1237 
3 1236 3498 4977 
3 1120 1884 1121 
3 1120 1246 1884 
3 1120 1158 1246 
3 1187 1247 1188 
3 1187 1219 1287 
3 1187 1287 1247 
3 1219 1313 1287 
3 3790 4122 3791 
3 3790 4978 4122 
3 3790 3793 4978 
3 1940 1939 2140 
3 1599 3327 4202 
3 1599 1600 4979 
3 1599 4979 3327 
3 4663 4515 4458 
3 3730 2980 4172 
3 3730 4980 2980 
3 3730 3731 4980 
3 2842 4769 4770 
3 2842 2562 4769 
3 4734 4916 3605 
3 4734 4735 4916 
3 4456 4900 4584 
3 4456 341 4900 
3 2850 2851 4513 
3 4160 4640 4487 
3 3732 4981 1933 
3 3732 3733 3184 
3 3732 3184 4981 
3 4804 4309 4306 
3 4804 4855 4803 
3 4804 4982 4855 
3 4804 4306 4982 
3 4803 4855 4983 
3 4379 4704 4984 
3 4379 4800 4312 
3 4379 4984 4800 
3 2839 2838 1442 
3 4825 4526 1384 
3 3669 4985 3751 
3 3669 3670 4985 
3 3691 4435 3692 
3 3691 4986 4435 
3 3691 3678 4986 
3 3916 4987 4893 
3 3916 2636 4987 
3 3916 4893 4772 
3 517 3494 519 
3 3445 4026 4988 
3 3445 4988 4989 
3 3445 4989 3446 
3 4554 4971 4555 
3 4536 4537 4990 
3 4536 4990 3913 
3 4537 4991 4990 
3 4537 4533 4992 
3 4537 4992 4991 
3 4371 4993 4994 
3 4371 4994 4995 
3 4371 4995 4363 
3 4371 4370 4993 
3 4993 4996 4991 
3 4993 4370 4996 
3 4993 4991 4992 
3 4993 4992 4994 
3 4994 4997 4998 
3 4994 4998 4995 
3 4994 4992 4997 
3 4815 4814 4999 
3 4815 5000 4025 
3 4815 4999 5000 
3 4815 4025 4588 
3 4814 4813 5001 
3 4814 5001 4999 
3 4999 2982 5002 
3 4999 5002 5003 
3 4999 5001 2982 
3 4999 5003 5000 
3 3778 2438 4178 
3 5004 3004 5005 
3 5004 3005 3004 
3 5004 5006 5007 
3 5004 5008 5006 
3 5004 5005 5008 
3 5004 5007 3005 
3 3004 3009 5005 
3 5005 5009 5010 
3 5005 3009 5009 
3 5005 5010 5008 
3 4995 5011 4363 
3 4995 5012 5011 
3 4995 4998 5012 
3 2982 2979 5002 
3 2982 5013 2983 
3 2982 5001 5013 
3 2979 2980 4980 
3 2979 4980 5002 
3 5002 5014 5003 
3 5002 4980 5014 
3 4359 4429 4550 
3 4976 3256 5015 
3 4976 5016 5017 
3 4976 5017 4790 
3 4976 5018 5016 
3 4976 5015 5018 
3 3256 5019 5015 
3 3256 5020 5019 
3 3256 3020 5020 
3 5015 5021 5018 
3 5015 5022 5021 
3 5015 5019 5022 
3 311 2028 355 
3 275 2045 2827 
3 1739 4597 1740 
3 1739 4812 4597 
3 35 3378 3379 
3 35 34 3378 
3 35 3379 36 
3 3378 1948 1955 
3 3378 34 1948 
3 3379 1970 88 
3 3379 88 36 
3 4560 4927 5023 
3 4560 3955 4927 
3 4560 5023 4561 
3 3422 3424 4028 
3 2669 5024 3494 
3 2669 5025 5024 
3 2669 3295 5025 
3 3165 5026 3396 
3 3165 3493 5026 
3 4558 3786 4924 
3 4558 5027 2090 
3 4558 5028 5027 
3 4558 4924 5028 
3 3786 4493 3787 
3 4924 5029 5028 
3 4924 3785 5029 
3 5030 4535 4534 
3 5030 5031 5032 
3 5030 5032 4535 
3 5030 5033 5031 
3 5030 4534 5033 
3 4535 5032 4533 
3 4534 5034 5033 
3 4534 4531 5035 
3 4534 5035 5034 
3 1814 2075 4508 
3 4028 5036 4029 
3 4028 3424 5037 
3 4028 5037 5038 
3 4028 5038 5036 
3 4029 5039 4030 
3 4029 5036 5039 
3 4439 5040 4440 
3 4439 5041 5040 
3 4439 4441 5041 
3 4440 5040 5042 
3 4440 5042 4757 
3 3755 4002 4000 
3 3755 3686 4002 
3 3755 4000 3756 
3 2848 2849 3562 
3 3318 4480 3319 
3 948 4008 949 
3 948 2130 2137 
3 948 2137 4006 
3 948 4006 4008 
3 949 4008 5043 
3 949 5043 952 
3 4008 3855 5043 
3 5044 5045 2866 
3 5044 2866 3022 
3 5044 1953 3129 
3 5044 3129 5045 
3 5044 1954 1953 
3 5044 3022 1954 
3 5045 2858 2857 
3 5045 2857 2866 
3 5045 5046 2858 
3 5045 5047 5046 
3 5045 3129 5047 
3 2636 2637 4806 
3 2636 4806 4987 
3 4835 2895 3451 
3 4835 2896 2895 
3 4835 4836 2896 
3 3451 2897 3452 
3 3451 2895 2897 
3 2897 2606 3452 
3 2897 2605 2606 
3 4894 4207 4638 
3 4894 4638 5048 
3 4894 4208 4207 
3 4894 5048 4895 
3 4895 3987 4896 
3 4895 5048 3987 
3 2924 2976 2925 
3 2924 5049 2976 
3 2924 2927 5049 
3 312 313 4739 
3 4468 5009 3009 
3 4468 5050 5009 
3 4468 5051 5050 
3 4468 2958 5051 
3 2971 3398 5052 
3 2971 5052 4641 
3 2971 4641 2972 
3 4865 4915 4911 
3 4865 4911 4866 
3 4865 5053 4915 
3 4865 4868 5053 
3 4866 4911 5054 
3 4866 5054 5055 
3 4866 5055 4867 
3 3166 4020 3167 
3 3166 2999 4143 
3 3167 4020 4021 
3 5039 4606 4602 
3 5039 4602 4030 
3 5039 5056 4606 
3 5039 5036 5056 
3 4030 4602 4604 
3 4030 4604 3085 
3 4693 5057 4725 
3 4693 5058 5057 
3 4693 4694 5058 
3 4694 5059 5060 
3 4694 5060 5058 
3 4694 4692 5059 
3 213 227 5061 
3 213 5061 5062 
3 213 5062 198 
3 4792 4903 1363 
3 4792 4083 4861 
3 4792 4861 4903 
3 1363 1364 4794 
3 2829 4153 5063 
3 2829 5063 2822 
3 1967 4098 3804 
3 4332 2745 2046 
3 4332 5064 2745 
3 4332 1476 5064 
3 1936 4764 1939 
3 1936 5065 4764 
3 1936 1937 5065 
3 1939 4761 2140 
3 4187 4906 4905 
3 4187 4771 4906 
3 4187 1703 4771 
3 4187 4905 4183 
3 4906 4771 1323 
3 4905 4907 4183 
3 5066 2911 2926 
3 5066 2915 2911 
3 5066 4496 2915 
3 5066 3011 659 
3 5066 2926 3011 
3 5066 659 4496 
3 4596 1606 5067 
3 4596 5068 1878 
3 4596 5067 5068 
3 1991 3513 1992 
3 2375 4223 4947 
3 2375 4947 2376 
3 609 5069 610 
3 609 630 5069 
3 1774 1773 2042 
3 3439 4914 3066 
3 3439 3066 3440 
3 2167 2544 3210 
3 2335 3756 4000 
3 2335 2337 3756 
3 3836 4834 5070 
3 3836 5070 4546 
3 3718 4002 3686 
3 4561 3706 4563 
3 4561 5071 3706 
3 4561 5023 5071 
3 3339 4661 4660 
3 3339 1999 4661 
3 3339 4660 3340 
3 3562 2849 4798 
3 4923 5072 4520 
3 4923 3940 5072 
3 4923 4520 4522 
3 4923 4522 4788 
3 3940 3941 5072 
3 333 4809 335 
3 2355 4138 2357 
3 2193 5073 5074 
3 2193 2194 5073 
3 2193 5074 5075 
3 2193 5075 3278 
3 5076 5077 5078 
3 5076 5078 4056 
3 5076 4300 5077 
3 5076 4056 4753 
3 5076 4753 4300 
3 5077 5079 5078 
3 5077 4300 4299 
3 5077 4299 5080 
3 5077 5080 5079 
3 5078 521 4056 
3 5078 5081 521 
3 5078 5079 5081 
3 1825 4934 1826 
3 4668 4667 4690 
3 4690 5082 4691 
3 4690 5083 5082 
3 4690 4667 5083 
3 3024 2852 2847 
3 2176 2951 4590 
3 2176 4590 2177 
3 4582 4146 1724 
3 4582 4144 4146 
3 4582 4100 4144 
3 4582 1724 1722 
3 4460 5084 4461 
3 4460 4465 5084 
3 4296 4295 4664 
3 3428 5085 4073 
3 3428 3427 4642 
3 3428 4642 5085 
3 3427 3429 4837 
3 3427 4837 2249 
3 3427 2249 4642 
3 4073 5085 4076 
3 4811 1877 3127 
3 4811 3127 5086 
3 4811 5086 4570 
3 3127 1621 5086 
3 4971 5087 5088 
3 4971 5088 4555 
3 4971 4972 5087 
3 2544 3820 3887 
3 2544 3887 3210 
3 3993 3990 4698 
3 3993 4703 3994 
3 4698 5089 4699 
3 4698 3990 5089 
3 5090 5091 4996 
3 5090 4996 4370 
3 5090 4370 4366 
3 5090 5092 5091 
3 5090 5093 5092 
3 5090 4366 5093 
3 5091 5094 4996 
3 5091 5092 5095 
3 5091 5095 5096 
3 5091 5096 5094 
3 4996 5097 4991 
3 4996 5094 5097 
3 4790 5017 2445 
3 3791 4044 5098 
3 3791 4122 4044 
3 3791 5098 894 
3 2835 3850 2836 
3 4153 5099 5063 
3 4153 5100 5099 
3 4153 4154 5100 
3 5099 5100 5101 
3 5099 5101 5102 
3 5099 5102 5103 
3 5099 5103 5063 
3 5063 5103 5104 
3 5063 5104 2822 
3 5105 5106 5107 
3 5105 5108 5109 
3 5105 5109 3991 
3 5105 3991 5106 
3 5105 5110 5108 
3 5105 5107 5110 
3 5106 5111 5107 
3 5106 3885 5112 
3 5106 5112 5111 
3 5106 3991 3885 
3 5107 5111 5113 
3 5107 5113 5114 
3 5107 5114 5110 
3 3369 3370 4385 
3 4081 4414 4082 
3 3005 5007 5115 
3 3005 5115 3006 
3 2448 2447 4091 
3 2447 4092 4091 
3 2447 2449 4092 
3 1919 4340 2730 
3 3524 4550 3525 
3 5073 5116 5074 
3 5073 2194 180 
3 5073 180 5117 
3 5073 5117 5116 
3 5116 3511 5074 
3 5116 5117 1992 
3 5116 3513 3511 
3 5116 1992 3513 
3 5074 3511 5118 
3 5074 5118 5075 
3 2795 3453 2796 
3 1999 1733 4661 
3 5119 5120 5121 
3 5119 5122 5120 
3 5119 5123 5124 
3 5119 5124 5122 
3 5119 5121 4483 
3 5119 4483 4484 
3 5119 4484 5123 
3 5120 3929 5125 
3 5120 5125 5121 
3 5120 3930 3929 
3 5120 5122 3930 
3 5121 5125 5126 
3 5121 5126 4821 
3 5121 4821 4483 
3 4961 3967 5127 
3 4961 5127 5128 
3 4961 5128 4962 
3 5057 5129 4725 
3 5057 5058 5130 
3 5057 5131 5129 
3 5057 5130 5131 
3 4725 5132 4726 
3 4725 5129 5132 
3 4991 5097 4990 
3 1380 1379 5133 
3 1380 5133 5134 
3 1380 5134 1376 
3 1379 4129 5133 
3 1379 4525 4129 
3 5133 4129 3962 
3 5133 4184 5134 
3 5133 3962 4184 
3 4809 4112 4113 
3 4809 4810 4112 
3 4809 4113 335 
3 4813 4149 5135 
3 4813 5136 5001 
3 4813 5135 5136 
3 4813 4150 4149 
3 5001 5136 5013 
3 5137 4671 5138 
3 5137 5138 5010 
3 5137 5010 5139 
3 5137 5139 5140 
3 5137 5141 4671 
3 5137 5140 5141 
3 4671 5141 4670 
3 4671 5142 5138 
3 4671 3279 5142 
3 5138 5008 5010 
3 5138 5143 5008 
3 5138 5142 5143 
3 4363 5011 5144 
3 4363 5144 4365 
3 4645 662 2077 
3 4645 2073 662 
3 4645 4646 2073 
3 4681 5145 4457 
3 4681 4457 3218 
3 4681 4682 5145 
3 5146 4248 5147 
3 5146 5147 5148 
3 5146 5149 5150 
3 5146 5148 5149 
3 5146 5150 4429 
3 5146 4249 4248 
3 5146 4429 4249 
3 4248 5151 5147 
3 5147 5152 5153 
3 5147 5153 5148 
3 5147 5151 5152 
3 4098 4040 3804 
3 4914 4915 5154 
3 4914 5154 3066 
3 4726 5155 4689 
3 4726 5132 5156 
3 4726 5156 5155 
3 4562 3948 3359 
3 4562 3359 3358 
3 4562 4563 3948 
3 4550 5150 5157 
3 4550 5157 3525 
3 4550 4429 5150 
3 3511 3510 5118 
3 3510 3512 5006 
3 3510 5006 5143 
3 3510 5143 5118 
3 179 5117 180 
3 179 1745 5117 
3 1807 466 436 
3 1808 3554 5158 
3 1808 5158 1806 
3 4195 4194 2057 
3 1450 5159 2684 
3 1450 1449 5159 
3 2946 5160 2950 
3 2946 5161 5160 
3 2946 2947 5161 
3 4404 4840 4405 
3 1671 2543 5162 
3 1671 5162 1690 
3 3396 5163 4074 
3 3396 5026 5163 
3 3396 4074 3397 
3 2322 2797 3400 
3 5040 5164 5042 
3 5040 5165 5164 
3 5040 5041 5165 
3 5042 5166 3938 
3 5042 3938 4757 
3 5042 5164 5166 
3 2849 3238 4798 
3 4798 3238 5167 
3 4798 5167 5168 
3 4798 5168 4799 
3 2126 4509 2120 
3 2787 4267 3831 
3 3850 2684 2836 
3 3850 2945 2683 
3 3850 2683 2684 
3 4843 4936 4349 
3 4843 4937 4936 
3 4843 4845 5169 
3 4843 4830 4937 
3 4843 5169 4830 
3 4349 4936 5170 
3 4349 5170 645 
3 1658 1657 1194 
3 3678 3679 4986 
3 4829 2879 2878 
3 4829 5171 2879 
3 4829 5169 5171 
3 4829 4830 5169 
3 5056 5172 5173 
3 5056 5173 4606 
3 5056 5174 5172 
3 5056 5036 5174 
3 5172 5175 5173 
3 5172 5174 5176 
3 5172 5176 5177 
3 5172 5177 5175 
3 5173 4607 4606 
3 5173 5175 4607 
3 4779 5163 5178 
3 4779 4075 5163 
3 4779 5178 5179 
3 4779 5179 3514 
3 5163 4075 4074 
3 5163 5026 5178 
3 5178 4426 4648 
3 5178 4648 5179 
3 5178 5026 4426 
3 4105 4106 4621 
3 4105 4621 5180 
3 4105 5180 4838 
3 5043 4148 5181 
3 5043 5181 952 
3 5043 3855 4148 
3 2983 5013 3068 
3 4887 4893 4987 
3 4887 4987 4807 
3 4887 4807 4096 
3 2045 5182 2827 
3 2045 2047 5182 
3 2827 5182 5183 
3 2827 5183 2828 
3 3452 2606 3455 
3 4252 5184 5185 
3 4252 4120 5184 
3 4120 4119 5186 
3 4120 5186 5184 
3 4018 4839 4519 
3 5187 5188 5189 
3 5187 5190 5191 
3 5187 5191 5192 
3 5187 5193 5190 
3 5187 5192 5188 
3 5187 5194 5193 
3 5187 5189 5194 
3 5188 5195 5189 
3 5188 5192 2151 
3 5188 2151 5195 
3 5189 5195 2808 
3 5189 2808 5194 
3 2456 2260 5196 
3 2456 5196 2451 
3 2456 4043 2261 
3 2456 2261 2260 
3 4043 3284 4045 
3 4851 4305 4304 
3 4851 5197 4852 
3 4851 4304 5197 
3 4851 4856 4305 
3 4305 4856 4982 
3 4305 4982 4306 
3 4304 5198 5199 
3 4304 5199 5197 
3 4304 4308 5198 
3 3670 4346 4549 
3 3670 4549 4985 
3 3393 5200 922 
3 3393 922 1848 
3 3393 4800 5200 
3 3175 4540 4612 
3 3174 3178 2163 
3 3390 5201 4808 
3 3390 3387 5201 
3 3390 3918 3391 
3 4808 3456 3454 
3 4808 5201 3456 
3 4765 5202 4766 
3 4765 4764 5065 
3 4765 5065 5202 
3 4789 4265 5203 
3 4789 4084 4265 
3 4789 5203 4844 
3 4282 2534 5204 
3 4282 5204 2699 
3 4282 2699 2702 
3 4123 3765 3766 
3 4123 4133 3765 
3 4123 3766 3840 
3 4132 2929 5205 
3 4132 5205 4133 
3 4931 4932 5206 
3 4931 5206 5207 
3 4931 5207 4934 
3 4291 4676 4350 
3 4915 5053 5154 
3 4911 4913 5054 
3 4405 4941 4406 
3 4898 4768 5208 
3 4898 5208 4027 
3 4898 4770 4768 
3 4027 5209 4026 
3 4027 5208 5209 
3 1198 5210 4974 
3 1198 1199 5210 
3 1215 2187 1183 
3 1215 1237 4571 
3 1215 4571 2187 
3 5009 5050 5139 
3 5009 5139 5010 
3 5050 5211 5139 
3 5050 5051 5212 
3 5050 5212 5211 
3 5139 5211 5140 
3 2980 2981 4172 
3 5016 5213 5017 
3 5016 5214 5213 
3 5016 5018 5214 
3 5017 3447 2445 
3 5017 5213 3447 
3 5019 5020 5215 
3 5019 5215 5216 
3 5019 5216 5022 
3 2940 5217 2941 
3 5218 5219 3729 
3 5218 5144 5219 
3 5218 3729 5220 
3 5218 5220 5221 
3 5218 5221 5222 
3 5218 5222 5144 
3 5219 3725 3729 
3 5219 5144 5011 
3 5219 5012 3725 
3 5219 5011 5012 
3 3729 3728 5220 
3 5223 5224 5225 
3 5223 5225 5226 
3 5223 5227 5224 
3 5223 5228 5227 
3 5223 5226 5229 
3 5223 5229 5228 
3 5224 5230 5231 
3 5224 5231 5232 
3 5224 5232 5225 
3 5224 5227 5230 
3 5225 5232 5233 
3 5225 5233 5234 
3 5225 5234 5226 
3 4447 4669 5235 
3 4447 5235 5236 
3 4295 5237 4543 
3 4295 4297 5237 
3 3793 5238 5186 
3 3793 3852 5238 
3 3793 5186 4978 
3 3398 3397 5052 
3 5052 5085 4641 
3 5052 4076 5085 
3 5052 3397 4076 
3 1716 1717 1963 
3 1716 1963 1961 
3 1716 1961 1715 
3 3429 4836 4837 
3 3429 2896 4836 
3 3402 4717 4918 
3 3111 4203 5239 
3 3111 3789 3112 
3 3111 5239 3789 
3 2916 4495 5240 
3 2916 5241 2917 
3 2916 5240 5241 
3 3848 3849 4943 
3 4932 4933 5242 
3 4932 5243 5206 
3 4932 5244 5243 
3 4932 5242 5244 
3 5245 5246 5247 
3 5245 5248 5246 
3 5245 5249 5250 
3 5245 5247 5249 
3 5245 5251 5248 
3 5245 5250 5251 
3 5246 5248 5252 
3 5246 5253 5247 
3 5246 5252 5254 
3 5246 5254 5253 
3 5247 5253 5255 
3 5247 5255 5249 
3 4708 4715 5256 
3 4708 5256 5257 
3 4708 5257 4710 
3 4935 3079 4569 
3 4935 5170 4936 
3 4935 4569 5170 
3 4838 5258 4644 
3 4838 4644 4839 
3 4838 5180 5258 
3 3491 5259 328 
3 3491 4112 5259 
3 3950 4644 5258 
3 3950 5258 5061 
3 3950 5061 227 
3 4570 5086 1863 
3 2874 1400 2875 
3 2874 1399 1400 
3 4891 4890 5260 
3 4891 5260 1326 
3 4891 1326 1325 
3 4890 4892 5210 
3 4890 5210 5261 
3 4890 5261 5260 
3 3830 3829 4817 
3 4223 4948 4947 
3 4223 4224 4948 
3 3470 3937 5262 
3 3470 5263 3471 
3 3470 5262 5263 
3 4547 5264 4912 
3 4547 4548 5264 
3 1196 5260 1195 
3 1196 1326 5260 
3 1196 1220 1326 
3 1220 1221 1301 
3 4136 4709 4137 
3 4136 5265 4709 
3 4136 3216 5265 
3 1468 4333 5266 
3 1468 5266 1470 
3 1468 1469 4333 
3 4333 2041 5266 
3 5266 5267 1470 
3 5266 5268 5267 
3 5266 2041 5268 
3 3072 3332 3925 
3 3925 3332 3502 
3 2989 3901 3160 
3 2989 4616 3901 
3 3332 3956 3502 
3 3332 3334 3956 
3 2730 4340 4114 
3 2730 4114 3802 
3 4773 4774 5269 
3 4773 5269 5240 
3 4773 5240 4197 
3 4608 3680 5270 
3 4608 3679 3680 
3 4608 5270 4603 
3 4608 4436 3679 
3 3932 3757 3749 
3 3749 2337 2336 
3 3749 3757 2337 
3 1470 5267 454 
3 1470 454 1471 
3 3738 5271 4357 
3 3738 3739 5271 
3 5271 3739 5272 
3 5271 5272 5273 
3 5271 5273 4358 
3 5271 4358 4357 
3 5274 4754 4918 
3 5274 4581 5275 
3 5274 5145 4754 
3 5274 4717 4581 
3 5274 4918 4717 
3 5274 5275 5145 
3 4754 3195 4918 
3 4754 5145 4682 
3 3456 5201 4920 
3 3456 4920 3457 
3 5276 5277 4565 
3 5276 4565 5278 
3 5276 5278 5279 
3 5276 5280 5277 
3 5276 5281 5280 
3 5276 5279 5282 
3 5276 5282 5281 
3 5277 5283 4564 
3 5277 5284 5283 
3 5277 4564 4565 
3 5277 5280 5284 
3 4565 3823 5278 
3 3990 3992 5089 
3 4717 4455 4581 
3 4717 4375 4455 
3 2438 4179 4178 
3 2438 2439 4179 
3 4299 5285 5080 
3 4299 3658 5285 
3 4642 4641 5085 
3 3583 3584 5286 
3 3583 5287 3586 
3 3583 5286 5287 
3 5231 5230 5288 
3 5231 5289 5232 
3 5231 5288 5289 
3 5230 5290 5291 
3 5230 5227 5290 
3 5230 5291 5288 
3 4992 4533 5032 
3 4992 5032 4997 
3 3424 2582 5292 
3 3424 5292 5037 
3 3087 3776 4583 
3 3351 3359 3948 
3 4913 4912 5293 
3 4913 5293 5294 
3 4913 5294 5054 
3 4912 5295 5293 
3 4912 5264 5295 
3 4888 5296 4889 
3 4888 4778 5296 
3 4888 4095 4097 
3 4888 4097 4778 
3 4889 5296 5297 
3 4889 5297 4892 
3 3674 3974 4796 
3 3674 4796 3671 
3 3674 5298 3974 
3 3674 2601 5298 
3 2611 2610 4181 
3 3512 5007 5006 
3 3512 4330 5007 
3 5006 5008 5143 
3 4147 5299 4148 
3 4147 1105 5300 
3 4147 5300 5299 
3 4148 5301 5181 
3 4148 5299 5301 
3 3469 4041 2488 
3 3469 4609 4041 
3 3469 2488 2487 
3 5003 5014 2890 
3 5003 2890 2891 
3 5003 2891 5000 
3 4930 5302 4933 
3 4930 5303 5302 
3 4930 2085 5303 
3 3862 3391 3918 
3 3862 3357 3863 
3 4549 4131 5304 
3 4549 5304 4985 
3 1569 3798 1572 
3 4747 3457 4920 
3 4747 4748 5305 
3 4747 5305 3457 
3 952 5181 953 
3 5236 5235 5306 
3 5235 4689 5155 
3 5235 5155 5306 
3 5235 4669 4689 
3 5306 5155 5307 
3 5306 5308 5309 
3 5306 5307 5308 
3 3937 3939 5262 
3 2090 5310 827 
3 2090 5311 5310 
3 2090 5027 5311 
3 4892 4974 5210 
3 4892 5297 4974 
3 5210 1199 5261 
3 3849 4858 5312 
3 3849 5312 4943 
3 4309 4576 4310 
3 4309 4577 4576 
3 3112 3789 3788 
3 3022 3217 1954 
3 1150 5300 1105 
3 1686 1294 1691 
3 1686 1269 1294 
3 1181 3031 2100 
3 453 5267 1778 
3 453 454 5267 
3 1194 1657 1221 
3 2836 2684 5159 
3 2836 5159 2837 
3 691 5313 2071 
3 691 1511 5313 
3 2071 5314 3281 
3 2071 5313 5314 
3 2071 3281 1810 
3 2539 3158 2515 
3 3225 3226 5315 
3 3225 5315 3229 
3 762 761 3420 
3 2638 4594 313 
3 2638 3376 4594 
3 3128 3365 5316 
3 3128 5317 3129 
3 3128 5316 5317 
3 3548 5318 3776 
3 3548 3551 5318 
3 3956 3334 4926 
3 4330 5115 5007 
3 4330 4950 5115 
3 2733 4769 2562 
3 3130 4559 4162 
3 4870 5319 4872 
3 4870 5320 5319 
3 4870 4869 5320 
3 5319 5320 5321 
3 5319 5321 5322 
3 5319 5323 4872 
3 5319 5322 5323 
3 4872 5323 5324 
3 4872 5324 4873 
3 5293 5295 5234 
3 5293 5234 5233 
3 5293 5233 5294 
3 5295 5325 5326 
3 5295 5264 5325 
3 5295 5326 5234 
3 3823 4266 5278 
3 3125 3142 4085 
3 3016 2095 1059 
3 3016 1059 4801 
3 5100 4154 5327 
3 5100 5327 5328 
3 5100 5328 5101 
3 5101 5244 5102 
3 5101 5328 5329 
3 5101 5329 5330 
3 5101 5330 5244 
3 3058 3663 4219 
3 4498 5331 4500 
3 4498 5332 5331 
3 4498 4499 5332 
3 5331 5332 4323 
3 5331 4321 4322 
3 5331 4323 4321 
3 5331 4322 4500 
3 4500 5333 4419 
3 4500 4322 5333 
3 5087 5334 5088 
3 5087 4972 5335 
3 5087 5335 5336 
3 5087 5336 5334 
3 5088 5334 5337 
3 5088 5337 4575 
3 5088 4575 4555 
3 2637 2709 4806 
3 1323 4771 4772 
3 1323 4772 1324 
3 3929 3751 5338 
3 3929 5338 5125 
3 3751 4985 5338 
3 5338 5339 5125 
3 5338 4985 5304 
3 5338 5304 5339 
3 5314 5313 5340 
3 5314 5341 3281 
3 5314 4089 5341 
3 5314 5340 4089 
3 3281 5341 3282 
3 4801 5342 5343 
3 4801 5343 4802 
3 4801 1060 5342 
3 4801 1059 1060 
3 2107 2108 5340 
3 2107 5344 1510 
3 2107 5340 5344 
3 2108 3147 5340 
3 2108 2313 3147 
3 4510 4511 5345 
3 4510 3340 4660 
3 4510 5345 3340 
3 4511 3168 5346 
3 4511 5346 5347 
3 4511 5347 5345 
3 4074 4076 3397 
3 4532 5348 4531 
3 4532 5349 5348 
3 4532 4822 5349 
3 5348 5108 4531 
3 5348 5349 5350 
3 5348 5109 5108 
3 5348 5350 5109 
3 4531 5108 5035 
3 4661 1733 4662 
3 5201 3387 4921 
3 5201 4921 4920 
3 3565 3564 3550 
3 3565 3550 4448 
3 2589 2588 4858 
3 3142 3772 4085 
3 3142 3435 3772 
3 3776 5318 4583 
3 828 827 3119 
3 4194 2058 2057 
3 3584 4418 5286 
3 987 988 4759 
3 987 4759 4760 
3 987 4760 990 
3 988 5351 5352 
3 988 5352 4759 
3 988 989 5351 
3 1577 3455 2299 
3 3455 2606 2299 
3 2626 3375 3377 
3 2626 3377 2627 
3 2826 4172 5353 
3 2826 5353 3495 
3 4170 5354 4165 
3 4170 4388 5354 
3 4165 5354 3499 
3 4165 3499 4166 
3 3723 3917 4314 
3 5108 5110 5035 
3 5109 5350 3992 
3 5109 3992 3991 
3 827 5310 3119 
3 5310 3118 3119 
3 5310 5355 3118 
3 5310 5311 5355 
3 2918 2919 3645 
3 1621 1619 5086 
3 5356 5357 5358 
3 5356 5358 5359 
3 5356 5360 5357 
3 5356 5361 5362 
3 5356 5362 5360 
3 5356 5359 5361 
3 5357 5360 5363 
3 5357 5363 5364 
3 5357 5365 5358 
3 5357 5364 5365 
3 5358 5366 5359 
3 5358 5367 5366 
3 5358 5365 5367 
3 5125 5339 5126 
3 3495 5353 5368 
3 3495 5368 4070 
3 4903 4827 4828 
3 4903 4861 4827 
3 4643 4839 4644 
3 4643 4519 4839 
3 4643 306 4519 
3 3728 4289 5369 
3 3728 5369 5220 
3 4869 5082 5320 
3 4869 5370 5082 
3 4869 4871 5370 
3 868 3313 4922 
3 3955 719 695 
3 4921 3387 3388 
3 4921 3388 3226 
3 5072 3941 5371 
3 5072 5371 5372 
3 5072 5372 4520 
3 4520 5373 4521 
3 4520 5372 5373 
3 4956 4957 5374 
3 4956 5374 5375 
3 4956 5375 4959 
3 1237 5376 4571 
3 1237 4977 5376 
3 4172 2981 5353 
3 4154 4155 5327 
3 4102 4104 4700 
3 4102 4700 4822 
3 4937 5377 4356 
3 4937 4831 5377 
3 4937 4830 4831 
3 4269 5378 4559 
3 4269 5379 5378 
3 4269 4270 5379 
3 4559 5378 2707 
3 4559 2707 4162 
3 2515 5380 2232 
3 2515 3158 5380 
3 1510 5344 1511 
3 1619 1863 5086 
3 3914 5381 5382 
3 3914 5382 4134 
3 3914 5383 5381 
3 3914 3915 5383 
3 3915 3912 5384 
3 3915 5384 5385 
3 3915 5385 5383 
3 4583 5318 3264 
3 4583 3264 3265 
3 5386 5206 5387 
3 5386 5207 5206 
3 5386 5387 5388 
3 5386 5388 5389 
3 5386 5390 5207 
3 5386 5389 5390 
3 5206 5243 5387 
3 5387 5243 5330 
3 5387 5391 5388 
3 5387 5392 5391 
3 5387 5330 5392 
3 4219 3663 4297 
3 2879 5171 3771 
3 4840 4264 4263 
3 4699 5349 4822 
3 4699 4822 4700 
3 4699 5089 5349 
3 4700 4104 4246 
3 5313 5344 5340 
3 5313 1511 5344 
3 5393 5394 5233 
3 5393 5233 5232 
3 5393 5395 5394 
3 5393 5232 5289 
3 5393 5396 5395 
3 5393 5289 5396 
3 5394 5055 5294 
3 5394 5397 5055 
3 5394 5395 5397 
3 5394 5294 5233 
3 5258 5398 5061 
3 5258 5180 5398 
3 3118 5355 888 
3 5399 5400 5401 
3 5399 5111 5402 
3 5399 5402 5400 
3 5399 4276 5113 
3 5399 5113 5111 
3 5399 5401 4276 
3 5400 5402 5403 
3 5400 5404 5401 
3 5400 5403 5405 
3 5400 5405 5404 
3 5401 5404 4280 
3 5401 4280 4278 
3 5401 4278 4276 
3 1004 955 2143 
3 1346 1356 2301 
3 5202 5065 1660 
3 5202 1659 1633 
3 5202 1633 4766 
3 5202 1660 1659 
3 4766 991 990 
3 4766 1633 991 
3 2599 3976 2600 
3 610 5069 3587 
3 4607 5175 5406 
3 4607 5406 4437 
3 4607 4437 4438 
3 3078 4569 3079 
3 5407 3646 3647 
3 5407 5408 5049 
3 5407 5049 3646 
3 5407 5409 5408 
3 5407 3647 5409 
3 3646 5049 2927 
3 3647 5410 5411 
3 3647 3648 5410 
3 3647 5411 5409 
3 1443 296 5412 
3 1443 5412 1428 
3 2096 3211 3031 
3 494 3293 4352 
3 494 430 427 
3 494 4352 430 
3 3037 3039 5413 
3 3037 5414 3038 
3 3037 5415 5414 
3 3037 5413 5415 
3 3038 5414 4625 
3 5054 5294 5055 
3 4625 5414 5416 
3 4625 5416 5079 
3 4625 5079 4626 
3 2958 4168 5051 
3 5275 4586 5145 
3 5275 4581 3874 
3 5275 4587 4586 
3 5275 3874 4587 
3 5117 1745 1992 
3 2439 4662 5417 
3 2439 5417 4179 
3 3998 4975 5418 
3 3998 5418 2887 
3 5419 4777 5420 
3 5419 5421 4777 
3 5419 5422 5421 
3 5419 5420 5423 
3 5419 5390 5422 
3 5419 5423 5390 
3 4777 4776 5420 
3 4777 5421 4453 
3 5420 1826 5423 
3 5420 1828 1826 
3 5420 4776 1828 
3 5126 5339 3779 
3 5126 3779 3780 
3 5126 3780 4821 
3 1008 998 2738 
3 1008 1037 998 
3 1037 1038 1010 
3 1037 997 998 
3 1037 1010 997 
3 4508 2075 5424 
3 4508 5424 4538 
3 3930 5122 3759 
3 3930 3759 3931 
3 4857 1362 1361 
3 4857 1691 1362 
3 3546 5425 3547 
3 3546 4448 5426 
3 3546 5426 5425 
3 5278 4266 2121 
3 5278 2121 5279 
3 1667 4036 4292 
3 5181 5301 2143 
3 5181 2143 953 
3 4934 5423 1826 
3 4934 5207 5423 
3 4584 5427 4585 
3 4584 4900 5428 
3 4584 5428 5427 
3 3720 4256 4086 
3 3720 3719 4256 
3 5262 5166 5429 
3 5262 3939 5166 
3 5262 5429 5263 
3 4540 4767 4612 
3 4082 4414 4083 
3 5430 4731 5431 
3 5430 5431 5432 
3 5430 5433 4731 
3 4652 5434 3887 
3 4652 3820 3821 
3 4652 3887 3820 
3 4652 4654 5434 
3 2534 3190 5204 
3 2534 2532 3190 
3 5155 5156 5307 
3 2046 2744 2047 
3 2046 2745 2744 
3 2047 2743 5182 
3 2047 2744 2743 
3 5267 5268 1778 
3 1778 5268 1772 
3 4340 4115 4114 
3 2100 5435 5436 
3 2100 5436 2101 
3 2100 3031 5435 
3 629 4740 631 
3 5437 2458 5438 
3 5437 5439 2458 
3 5439 1232 2458 
3 5439 1281 1232 
3 2245 4837 2469 
3 2245 2249 4837 
3 1606 5440 5067 
3 1606 1607 5440 
3 5440 5441 5442 
3 5440 5442 5067 
3 5440 5443 5441 
3 5440 1607 5443 
3 5067 5444 2720 
3 5067 2720 5068 
3 5067 5442 5444 
3 3238 3239 5167 
3 3290 3477 3657 
3 3657 5445 5446 
3 3657 5447 3658 
3 3657 5446 5447 
3 3657 3477 5445 
3 5167 5448 5168 
3 5167 3239 5448 
3 2671 5449 3366 
3 2671 5450 5449 
3 2671 2672 5450 
3 2177 4590 2180 
3 5374 3587 5069 
3 5374 5451 3588 
3 5374 4957 5451 
3 5374 3588 3587 
3 5374 5069 5375 
3 5069 630 5375 
3 3129 5317 5047 
3 896 888 5355 
3 896 5355 5452 
3 2256 4044 4122 
3 5115 4950 5453 
3 5115 5453 3006 
3 3294 518 519 
3 3294 519 3484 
3 3484 5454 3485 
3 3484 519 5454 
3 5145 4586 4457 
3 4933 5455 5242 
3 4933 5302 5455 
3 3706 5071 3705 
3 4085 4265 4084 
3 4327 4551 4810 
3 4162 2707 2965 
3 4162 2965 2966 
3 4793 4794 5162 
3 4793 5456 4795 
3 4793 5162 5456 
3 3411 5180 4621 
3 3411 5398 5180 
3 3411 2427 5398 
3 4621 4106 4622 
3 5457 5458 5312 
3 5457 5312 4220 
3 5457 3585 5459 
3 5457 5459 5458 
3 5457 4221 3585 
3 5457 4220 4221 
3 5458 5459 5460 
3 5458 5460 4942 
3 5458 4942 4943 
3 5458 4943 5312 
3 5312 4858 4220 
3 4297 3663 5237 
3 3663 3662 5237 
3 5237 3662 3819 
3 5237 3819 4543 
3 2596 4585 5461 
3 2596 5461 3763 
3 4806 4807 4987 
3 3383 5462 4740 
3 3383 5463 5462 
3 3383 2713 5463 
3 4740 5462 631 
3 4949 4224 5464 
3 4949 4948 4224 
3 4949 5464 5465 
3 4949 5465 4950 
3 4950 5465 5453 
3 1590 2689 1591 
3 5340 3147 4089 
3 1679 5466 4909 
3 1679 1682 5466 
3 5351 5467 5352 
3 5351 5468 5467 
3 5351 989 5468 
3 5352 3533 4759 
3 5352 5467 3969 
3 5352 3969 3533 
3 4134 5070 4834 
3 4134 5382 5070 
3 4134 4834 4135 
3 5354 4388 4823 
3 5354 3500 3499 
3 5354 4823 3500 
3 4388 4389 4785 
3 4388 4785 4823 
3 4314 5469 4315 
3 4314 5470 5469 
3 4314 3917 5470 
3 4655 4677 4659 
3 4655 4678 4677 
3 4655 4656 4678 
3 5471 5472 5473 
3 5471 5474 5472 
3 5471 5199 5474 
3 5471 5197 5199 
3 5471 5252 5197 
3 5471 5254 5252 
3 5471 5473 5254 
3 5472 5474 5475 
3 5472 5475 5476 
3 5472 5476 4368 
3 5472 4368 5473 
3 5473 4364 5477 
3 5473 5477 5254 
3 5473 4368 4364 
3 4767 5478 4612 
3 4767 2523 5478 
3 4612 5478 4613 
3 5327 5479 5480 
3 5327 4155 5479 
3 5327 5480 5328 
3 3497 5481 5482 
3 3497 5482 3498 
3 3497 5483 5481 
3 3497 3028 5483 
3 5481 5484 5485 
3 5481 5486 5482 
3 5481 5485 5486 
3 5481 5483 5484 
3 5482 5486 5487 
3 5482 5487 4977 
3 5482 4977 3498 
3 3719 4257 4256 
3 3719 4288 4257 
3 3725 5012 3726 
3 1705 3959 5488 
3 1705 5488 1706 
3 3621 3229 5489 
3 3621 5489 1846 
3 3621 5449 5450 
3 3621 1846 5449 
3 3621 5450 3155 
3 3229 5315 5489 
3 4925 4158 4490 
3 4925 5371 3941 
3 4925 4490 5371 
3 4490 4491 5490 
3 4490 5490 5371 
3 4040 3060 3805 
3 4040 3805 3804 
3 4959 5491 4882 
3 4959 5375 5492 
3 4959 5492 5491 
3 5493 5494 5495 
3 5493 5496 5497 
3 5493 5495 5498 
3 5493 2815 5496 
3 5493 5498 2815 
3 5493 5499 5494 
3 5493 5497 5499 
3 5494 5499 5500 
3 5494 5501 5495 
3 5494 3433 5501 
3 5494 5500 3433 
3 5495 4965 4963 
3 5495 5501 4965 
3 5495 4963 5498 
3 4975 5193 5418 
3 4975 5502 5193 
3 4975 5503 5502 
3 4975 4842 5503 
3 767 768 2810 
3 767 2810 2152 
3 5402 5112 3535 
3 5402 5111 5112 
3 5402 3535 5403 
3 4406 5504 4407 
3 4406 4941 4944 
3 4406 4944 5504 
3 5408 2976 5049 
3 5408 5505 5368 
3 5408 5409 5505 
3 5408 5368 2977 
3 5408 2977 2976 
3 5199 5198 5474 
3 5198 4308 5361 
3 5198 5361 5474 
3 5474 5361 5475 
3 5248 4852 5252 
3 5248 4849 4852 
3 5248 5251 4849 
3 5252 4852 5197 
3 4947 2554 2376 
3 5506 4628 4881 
3 5506 5463 4628 
3 5506 5492 5462 
3 5506 4881 5491 
3 5506 5462 5463 
3 5506 5491 5492 
3 4628 4469 4881 
3 4628 5463 4108 
3 4881 4882 5491 
3 4881 4469 4470 
3 3154 3155 5450 
3 3154 5450 2672 
3 4317 4897 4401 
3 5373 5507 4521 
3 5373 5508 5507 
3 5373 5372 5508 
3 4521 5507 4499 
3 3808 4676 4679 
3 3808 4350 4676 
3 3808 3810 4350 
3 3808 4679 3809 
3 3809 5509 3811 
3 3809 4679 5509 
3 1232 2457 2458 
3 1232 1230 2457 
3 1954 3217 1955 
3 2074 5510 2075 
3 2074 2226 5510 
3 919 3366 5449 
3 919 5449 1846 
3 2600 3976 3973 
3 2600 3973 5298 
3 2600 5298 2601 
3 2119 2121 4266 
3 2119 4266 3574 
3 5211 5511 5209 
3 5211 5209 5140 
3 5211 5212 5511 
3 3704 3705 5512 
3 3704 5512 3709 
3 3705 5071 5513 
3 3705 5513 5512 
3 3554 3555 5514 
3 3554 5514 5158 
3 4005 2610 2612 
3 4005 2612 3794 
3 4005 4007 2610 
3 3305 3321 3875 
3 3305 3878 2278 
3 3305 3876 3878 
3 3305 3875 3876 
3 3530 3533 3969 
3 3530 1910 1909 
3 3530 3969 1910 
3 5515 522 5081 
3 5515 5081 5416 
3 5515 5516 5517 
3 5515 5416 5516 
3 5515 5517 5518 
3 5515 5518 522 
3 522 521 5081 
3 522 5518 523 
3 5081 5079 5416 
3 5416 5414 5516 
3 2083 3772 3435 
3 2083 3435 2084 
3 1449 2148 5159 
3 4130 5519 5304 
3 4130 650 5519 
3 4130 5304 4131 
3 4748 5520 5521 
3 4748 5521 5305 
3 4748 3231 5520 
3 4053 4101 4054 
3 4053 4100 4101 
3 4053 4144 4100 
3 4054 4101 5522 
3 4054 5522 5523 
3 4054 5523 4055 
3 5055 5397 4867 
3 1078 5524 1021 
3 1078 1021 1020 
3 1078 1083 5524 
3 2524 1706 5488 
3 2524 5488 5525 
3 3525 5157 4289 
3 4289 5526 5369 
3 4289 5157 5526 
3 2610 3534 4181 
3 2610 4007 3534 
3 4181 3534 3302 
3 1195 5261 1161 
3 1195 5260 5261 
3 3168 3170 5346 
3 2749 3367 4149 
3 3994 5527 5445 
3 3994 5445 3478 
3 3994 4703 5527 
3 4954 5405 4958 
3 4954 4955 5404 
3 4954 5404 5405 
3 4069 5283 5528 
3 4069 4564 5283 
3 4069 5528 2718 
3 1046 4613 5529 
3 1046 5529 1049 
3 4776 4775 4910 
3 4776 4910 1828 
3 5288 5530 5289 
3 5288 5531 5530 
3 5288 5291 5531 
3 4092 2449 2296 
3 3547 5532 5533 
3 3547 5425 5532 
3 5204 1982 1981 
3 5204 3189 1982 
3 5204 1981 2699 
3 5204 3190 3189 
3 4292 4035 4675 
3 4292 4036 4035 
3 5534 5535 5536 
3 5534 5537 5538 
3 5534 5538 4477 
3 5534 4477 5535 
3 5534 5176 5537 
3 5534 5536 5176 
3 5535 4476 3100 
3 5535 4477 4476 
3 5535 3100 5539 
3 5535 5539 5536 
3 5536 5539 5540 
3 5536 5540 5177 
3 5536 5177 5176 
3 4220 4858 2588 
3 5541 5542 5502 
3 5541 4216 5528 
3 5541 5502 5503 
3 5541 5503 4216 
3 5541 5528 5542 
3 5542 5190 5502 
3 5542 5283 5284 
3 5542 5284 5190 
3 5542 5528 5283 
3 5502 5190 5193 
3 630 5492 5375 
3 630 631 5492 
3 3796 1605 1604 
3 3796 5543 3798 
3 3796 1604 5543 
3 5098 3117 893 
3 5098 4044 4045 
3 5098 893 894 
3 5098 4045 3117 
3 2067 2059 3924 
3 4418 4419 5333 
3 4418 5544 5286 
3 4418 5333 5544 
3 5403 3537 5545 
3 5403 3535 3537 
3 5403 5545 5405 
3 5546 5547 5548 
3 5546 5548 4945 
3 5546 4945 5549 
3 5546 5550 5547 
3 5546 5549 5550 
3 5547 5551 5552 
3 5547 5553 5548 
3 5547 5552 5553 
3 5547 5550 5551 
3 5548 5504 4944 
3 5548 4944 4945 
3 5548 5553 5504 
3 4425 5026 3493 
3 4425 3493 3492 
3 4425 4426 5026 
3 5220 5369 5554 
3 5220 5554 5221 
3 2743 3563 5182 
3 5182 3563 5183 
3 4709 5265 4711 
3 4711 5555 5556 
3 4711 5265 5555 
3 4711 5556 4712 
3 4137 4710 4138 
3 5071 5023 5513 
3 3707 5470 3917 
3 3707 3708 5470 
3 3887 5434 3888 
3 3888 5435 3211 
3 3888 5436 5435 
3 3888 5434 5436 
3 4197 5240 4495 
3 5341 4089 4090 
3 5341 4090 1479 
3 5341 1479 3282 
3 5027 5557 5311 
3 5027 5028 5557 
3 2357 4138 4710 
3 2357 4710 5257 
3 2357 5257 2358 
3 3680 5558 5270 
3 3680 3682 5558 
3 5270 5123 4603 
3 5270 5124 5123 
3 5270 5558 5124 
3 3939 3938 5166 
3 3938 3936 4757 
3 4957 4958 5451 
3 1733 1732 4662 
3 4893 1325 1324 
3 4893 1324 4772 
3 5432 5559 5560 
3 5432 5561 5559 
3 5432 5431 5561 
3 5560 5559 5562 
3 4657 4658 5563 
3 4657 5564 4653 
3 4657 5563 5564 
3 4658 5565 5563 
3 4658 5566 5565 
3 4658 4659 5566 
3 5563 5565 4909 
3 5563 4909 5466 
3 5563 5466 5564 
3 5516 5414 5415 
3 5516 5567 5517 
3 5516 5415 5567 
3 5517 4046 5518 
3 5517 5568 4046 
3 5517 5567 5568 
3 4675 5569 4677 
3 4675 4035 5569 
3 5412 328 5259 
3 5412 296 328 
3 5412 5259 4551 
3 5412 4551 1750 
3 5412 1750 1428 
3 5259 4112 4810 
3 5259 4810 4551 
3 5320 5083 5321 
3 5320 5082 5083 
3 5321 5570 5322 
3 5321 4666 5571 
3 5321 5083 4666 
3 5321 5571 5570 
3 3343 3344 4716 
3 3343 4716 5572 
3 3343 5572 3713 
3 4720 4849 4721 
3 4720 4850 4849 
3 4720 4724 4850 
3 4849 5251 4721 
3 4721 5251 4722 
3 5573 4367 4369 
3 5573 5574 4367 
3 5573 5575 5574 
3 5573 5476 5366 
3 5573 4369 5476 
3 5573 5367 5575 
3 5573 5366 5367 
3 4367 5093 4366 
3 4367 5574 5093 
3 4369 4368 5476 
3 5251 5250 4722 
3 5345 3344 3341 
3 5345 3341 3340 
3 5345 5576 3344 
3 5345 5347 5576 
3 4244 4567 4701 
3 4244 4701 4245 
3 3344 5576 4716 
3 5576 5347 5577 
3 5576 5577 4715 
3 5576 4715 4716 
3 4716 4714 5572 
3 4850 4724 4854 
3 5093 5574 5228 
3 5093 5228 5092 
3 5574 5290 5228 
3 5574 5575 5290 
3 5228 5290 5227 
3 5228 5229 5092 
3 3107 3329 3503 
3 3329 4009 3503 
3 8 1712 2629 
3 1607 924 5578 
3 1607 5578 5443 
3 5102 5579 5103 
3 5102 5242 5579 
3 5102 5244 5242 
3 2101 5580 2102 
3 2101 5436 5580 
3 2529 4215 4593 
3 4183 4907 4186 
3 3157 3156 5581 
3 3157 5380 3158 
3 3157 5581 3186 
3 3157 3186 5380 
3 3156 2170 5581 
3 3156 2169 2170 
3 5581 2170 2168 
3 5581 2168 3185 
3 5581 3185 3186 
3 5582 3064 5583 
3 5582 5583 5584 
3 5582 5584 5585 
3 5582 3065 3064 
3 5582 5586 3065 
3 5582 5585 5586 
3 3064 3067 5583 
3 5583 3067 5587 
3 5583 5587 5588 
3 5583 5588 5584 
3 5059 5396 5060 
3 5059 5395 5396 
3 5059 5589 5395 
3 5059 5590 5589 
3 5059 4692 5590 
3 5060 5591 5058 
3 5060 5530 5591 
3 5060 5396 5530 
3 5429 5166 5164 
3 5429 5164 5592 
3 5429 5592 5593 
3 5429 5593 5263 
3 2797 1572 3798 
3 2797 3798 5543 
3 2797 5543 3400 
3 5435 3031 3211 
3 3839 3841 5594 
3 3839 5595 3926 
3 3839 5594 5595 
3 3926 5596 3927 
3 3926 5595 5597 
3 3926 5597 5596 
3 5511 4026 5209 
3 5511 5598 4988 
3 5511 4988 4026 
3 5511 5212 5598 
3 5209 5208 5140 
3 4757 3936 3949 
3 2140 4761 2142 
3 5342 5444 5343 
3 5342 2719 5444 
3 5342 1065 2719 
3 5342 1060 1065 
3 5343 5444 5442 
3 5343 5442 4802 
3 5404 4955 4280 
3 5467 3965 3969 
3 5467 3968 3965 
3 5467 5468 3968 
3 5123 4605 4603 
3 5123 4484 4605 
3 3457 5305 3453 
3 3100 3101 5539 
3 3100 4476 3095 
3 4146 4580 1724 
3 1724 4580 1723 
3 3831 1387 1386 
3 5538 5552 5551 
3 5538 5599 4477 
3 5538 5551 5599 
3 5538 5537 5552 
3 5537 5174 5600 
3 5537 5176 5174 
3 5537 5600 5552 
3 5140 5208 5141 
3 4820 5601 4273 
3 4820 4919 5601 
3 4820 4273 2656 
3 4820 3523 4919 
3 5601 5602 5603 
3 5601 4274 4273 
3 5601 5603 4274 
3 5601 4919 5602 
3 4823 4785 4784 
3 5479 4155 4156 
3 5479 4156 5604 
3 5479 5604 5605 
3 5479 5605 5480 
3 5480 5410 5606 
3 5480 5605 5410 
3 5480 5606 5328 
3 3535 5112 3538 
3 5112 3885 3538 
3 4526 2938 1384 
3 4466 5607 5608 
3 4466 5608 4745 
3 4466 4467 5607 
3 4496 659 657 
3 4496 657 4497 
3 4497 656 4200 
3 4497 657 656 
3 4113 4111 397 
3 4113 397 335 
3 5464 5609 5465 
3 4972 4973 5610 
3 4972 5610 5335 
3 5058 5591 5130 
3 5591 5611 5130 
3 5591 5530 5531 
3 5591 5531 5611 
3 4919 3522 5612 
3 4919 5612 5602 
3 1081 1049 1082 
3 924 921 5613 
3 924 5613 5578 
3 3063 5614 1396 
3 3063 5154 5614 
3 3063 3066 5154 
3 2774 5020 3020 
3 2774 3923 5020 
3 3267 3268 4635 
3 1442 2838 3417 
3 3326 3571 5615 
3 3326 5615 4202 
3 3326 4202 3327 
3 3912 4990 5384 
3 3912 3913 4990 
3 1869 4755 2522 
3 4056 4057 4242 
3 4056 4242 4753 
3 655 2072 5616 
3 655 5616 5617 
3 655 5617 656 
3 4509 5282 5279 
3 4509 793 5282 
3 4509 5279 2120 
3 306 5618 4518 
3 306 4518 4519 
3 306 303 5618 
3 2747 4356 5377 
3 2747 5377 1503 
3 2747 1503 1497 
3 3927 5619 3555 
3 3927 5596 5619 
3 3101 4746 5620 
3 3101 5620 5539 
3 5539 5620 5621 
3 5539 5621 5540 
3 4083 4414 4861 
3 4524 4523 5622 
3 4524 5622 4787 
3 4524 4788 4522 
3 4524 4787 4788 
3 4523 5623 5622 
3 4523 5624 5623 
3 4523 4399 5624 
3 5622 5623 5561 
3 5622 5561 4730 
3 5622 4730 4733 
3 5622 4733 4787 
3 4796 3974 3975 
3 4504 4505 5625 
3 4504 5625 4704 
3 3067 3811 5587 
3 5122 3758 3759 
3 5122 5124 3758 
3 4613 5478 5529 
3 5397 4871 4867 
3 5397 5589 4871 
3 5397 5395 5589 
3 4896 3987 3985 
3 4896 5626 4897 
3 4896 3985 5626 
3 2059 2060 5627 
3 2059 5627 3924 
3 4619 5333 4322 
3 4619 5628 5544 
3 4619 4618 5628 
3 4619 5544 5333 
3 4489 5629 4746 
3 4489 4488 5629 
3 4746 5630 5620 
3 4746 5629 5630 
3 3588 5451 5631 
3 3588 5631 587 
3 5451 5545 5631 
3 5451 4958 5545 
3 5631 5545 5632 
3 5631 3296 587 
3 5631 5632 3296 
3 2623 1983 2624 
3 3756 2337 3757 
3 1386 1383 3828 
3 5234 5326 5226 
3 5296 3347 4901 
3 5296 4778 3347 
3 5296 4902 5297 
3 5296 4901 4902 
3 5297 4902 4974 
3 5324 5633 5634 
3 5324 5634 4873 
3 5324 5323 5633 
3 5633 2875 5634 
3 5633 2876 2875 
3 5633 5323 5635 
3 5633 5635 2876 
3 5634 2875 5636 
3 5634 5636 4873 
3 4945 4946 5549 
3 372 4482 4110 
3 4110 396 4111 
3 4110 4482 4481 
3 4110 4481 402 
3 4110 402 396 
3 5190 5284 5191 
3 5637 5638 5639 
3 5637 5639 5640 
3 5637 5641 5638 
3 5637 4488 5641 
3 5637 5640 5629 
3 5637 5629 4488 
3 5638 5642 5643 
3 5638 5643 5639 
3 5638 5644 5642 
3 5638 5641 5644 
3 5639 5593 5640 
3 5639 5263 5593 
3 5639 5643 5263 
3 3039 3040 5645 
3 3039 5645 5413 
3 5413 5646 5415 
3 5413 5647 5646 
3 5413 5645 5647 
3 2525 1731 5648 
3 2525 5648 5649 
3 2525 5649 3161 
3 5421 4774 4453 
3 5421 5650 4774 
3 5421 5422 5650 
3 5651 5446 5527 
3 5651 5652 5653 
3 5651 5447 5446 
3 5651 5653 5447 
3 5651 5654 5652 
3 5651 5527 5654 
3 5446 5445 5527 
3 5527 4703 4702 
3 5527 4702 5654 
3 5422 5390 5389 
3 5422 5655 5650 
3 5422 5389 5655 
3 5507 5332 4499 
3 5507 5508 5332 
3 5036 5038 5174 
3 407 5656 408 
3 407 468 5656 
3 921 5200 5613 
3 921 922 5200 
3 5549 5460 5657 
3 5549 5658 5550 
3 5549 4946 5460 
3 5549 5657 5658 
3 4270 3921 5659 
3 4270 5659 5379 
3 3435 3432 2084 
3 5475 5359 5366 
3 5475 5366 5476 
3 5475 5361 5359 
3 848 849 4214 
3 3885 3991 3886 
3 4257 4288 4624 
3 4257 4624 4258 
3 5660 5661 5662 
3 5660 5663 5664 
3 5660 5662 4819 
3 5660 4818 5663 
3 5660 4819 4818 
3 5660 5664 5661 
3 5661 5485 5662 
3 5661 5486 5485 
3 5661 5665 5486 
3 5661 5664 5665 
3 5239 4203 5666 
3 5666 5667 5668 
3 5666 4203 5667 
3 5666 5668 5669 
3 2612 2613 3795 
3 2612 3795 3794 
3 5513 3331 5512 
3 5513 3333 3331 
3 5513 5023 3333 
3 5322 5635 5323 
3 5322 5670 5635 
3 5322 5570 5670 
3 5129 5131 5671 
3 5129 5671 5672 
3 5129 5672 5132 
3 5305 2796 3453 
3 5305 5521 2796 
3 4046 4544 5518 
3 4046 5568 4047 
3 5347 5346 5577 
3 5346 5673 5577 
3 5346 3170 5673 
3 5577 5673 5256 
3 5577 5256 4715 
3 3367 3070 3069 
3 3367 5135 4149 
3 3367 3069 5135 
3 4774 5674 5269 
3 4774 5650 5674 
3 5398 5062 5061 
3 5398 2427 5062 
3 5144 5222 4365 
3 4916 4464 4917 
3 4916 4735 4464 
3 5558 3682 3758 
3 5558 3758 5124 
3 3399 5543 1604 
3 3399 3400 5543 
3 3555 5619 5514 
3 659 3011 660 
3 660 3011 3070 
3 1806 5158 2060 
3 793 794 5282 
3 3579 3585 4221 
3 313 4594 4739 
3 4597 5675 4598 
3 4597 4812 5675 
3 4156 3618 5604 
3 4156 2518 3618 
3 4638 4639 5048 
3 2938 1385 1384 
3 5641 4487 4640 
3 5641 4488 4487 
3 5641 4640 5644 
3 4640 4010 5644 
3 5676 5677 5678 
3 5676 5679 5680 
3 5676 5678 5679 
3 5680 3162 3161 
3 5680 5679 3162 
3 3974 5298 3973 
3 3595 4917 5681 
3 3595 5681 3879 
3 3595 3879 3596 
3 4538 5424 5682 
3 4538 5659 3921 
3 4538 5682 5659 
3 5424 2327 5682 
3 5424 5510 2327 
3 5424 2075 5510 
3 5682 2327 2326 
3 5682 2326 2395 
3 5682 2395 5659 
3 2014 1741 1764 
3 2028 2440 355 
3 5396 5289 5530 
3 1933 4981 1934 
3 5611 5363 5683 
3 5611 5364 5363 
3 5611 5683 5130 
3 5611 5531 5364 
3 5130 5683 5131 
3 5290 5575 5291 
3 5291 5364 5531 
3 5291 5575 5365 
3 5291 5365 5364 
3 1092 3795 2613 
3 1092 2613 1093 
3 4962 5684 4963 
3 4962 5685 5684 
3 4962 5128 5685 
3 4963 5684 5498 
3 355 2440 383 
3 4750 4749 5609 
3 5127 5468 5686 
3 5127 5686 5128 
3 5127 3967 3968 
3 5127 3968 5468 
3 5468 4745 5686 
3 5468 989 4745 
3 5686 4745 5608 
3 5686 5687 5128 
3 5686 5608 5687 
3 3065 5586 3440 
3 3065 3440 3066 
3 5282 794 5281 
3 5279 2121 2120 
3 5378 5688 2648 
3 5378 2648 2707 
3 5378 5379 5688 
3 5000 2891 4025 
3 2053 2058 4201 
3 2053 1804 2058 
3 2053 4201 5689 
3 2053 5689 2052 
3 4201 4199 5690 
3 4201 5690 5689 
3 2581 5691 2582 
3 2581 4407 5691 
3 1878 5068 1875 
3 4323 4491 3096 
3 4323 5332 5490 
3 4323 5490 4491 
3 5332 5508 5490 
3 5423 5207 5390 
3 3679 4436 4986 
3 736 2628 737 
3 4276 4275 5113 
3 5113 4275 5114 
3 408 5656 5618 
3 408 5618 409 
3 5578 5613 5692 
3 5578 5692 5443 
3 3144 2725 5693 
3 3144 5693 5501 
3 3144 5501 3433 
3 2725 5694 5693 
3 2725 2508 5694 
3 3417 2838 2837 
3 3417 2837 2148 
3 3214 154 139 
3 5264 4548 5695 
3 5264 5695 5325 
3 1847 1845 5489 
3 1847 5489 5315 
3 1847 5315 3388 
3 1845 1846 5489 
3 3327 4979 3328 
3 2102 5580 5564 
3 2102 5564 3496 
3 2233 3181 2234 
3 2233 2232 5380 
3 2233 5380 3186 
3 2233 3186 3181 
3 3181 3182 2234 
3 2234 2561 1908 
3 2234 3182 2561 
3 5384 5094 5385 
3 5384 5097 5094 
3 5384 4990 5097 
3 1692 1376 5134 
3 1692 5696 1693 
3 1692 5697 5696 
3 1692 5134 5697 
3 1693 3025 1687 
3 1693 4744 3025 
3 1693 5696 4744 
3 2943 2941 5698 
3 2943 5698 4128 
3 2570 2830 5699 
3 2570 1855 2830 
3 2570 5699 2571 
3 2830 2831 5699 
3 5699 2831 5607 
3 5699 5607 4467 
3 5699 4467 2571 
3 4402 3907 4135 
3 4313 3863 3357 
3 4313 3357 3354 
3 3828 4058 3829 
3 3828 1383 4058 
3 5700 5701 5702 
3 5700 5702 5703 
3 5700 5704 5160 
3 5700 5160 5701 
3 5700 5703 5705 
3 5700 5705 5704 
3 5701 5647 5702 
3 5701 5160 5161 
3 5701 5161 5706 
3 5701 5706 5647 
3 5702 5647 5707 
3 5702 5708 5703 
3 5702 5707 5708 
3 5703 5708 5470 
3 5703 5470 3708 
3 5703 3708 5705 
3 3681 3758 3682 
3 3923 5215 5020 
3 3923 5709 5215 
3 3923 3924 5709 
3 4749 3006 5453 
3 4749 5453 5465 
3 4749 5465 5609 
3 5623 5710 5559 
3 5623 5559 5561 
3 5623 5624 5710 
3 3643 3644 5391 
3 3643 5392 3648 
3 3643 5391 5392 
3 3644 5711 5712 
3 3644 5712 5391 
3 3644 3645 5711 
3 5092 5229 5095 
3 3441 3442 5713 
3 3441 5713 4166 
3 3441 4166 3499 
3 3442 4591 5713 
3 2137 2138 4006 
3 4255 3635 4109 
3 4255 4258 3884 
3 4255 3884 3635 
3 1338 1339 1352 
3 1937 4741 5714 
3 1937 1938 4741 
3 1937 5714 5065 
3 5208 4768 5141 
3 4983 4855 4853 
3 4855 4982 4856 
3 5545 3537 5632 
3 5545 4958 5405 
3 2359 2360 4656 
3 3959 4128 5488 
3 3334 3333 4926 
3 4926 5023 4927 
3 4926 3333 5023 
3 5268 1773 1772 
3 5268 2042 1773 
3 5268 2041 2042 
3 4481 401 402 
3 5688 2394 2393 
3 5688 2393 2648 
3 5688 5379 2394 
3 5349 5089 5350 
3 5427 5461 4585 
3 5427 5214 5715 
3 5427 5716 5461 
3 5427 5715 5716 
3 5427 5428 5214 
3 5191 5717 5192 
3 5191 5280 5717 
3 5191 5284 5280 
3 5555 4799 5556 
3 5555 5718 4799 
3 5555 3215 5718 
3 5555 5265 3215 
3 4799 5168 5556 
3 4799 5718 3561 
3 5556 5168 5719 
3 5556 5719 4712 
3 4973 5720 5610 
3 4973 5721 5720 
3 4973 4970 5721 
3 5445 3477 3478 
3 4569 645 5170 
3 5369 5722 5554 
3 5369 5149 5722 
3 5369 5526 5149 
3 5656 4518 5618 
3 5656 468 4647 
3 5656 4647 4518 
3 5613 5200 5723 
3 5613 5723 5692 
3 4111 396 397 
3 1605 3797 1600 
3 5554 5722 5249 
3 5554 5255 5221 
3 5554 5249 5255 
3 5084 4736 5724 
3 5084 4465 4736 
3 5725 5726 5727 
3 5725 3570 5726 
3 5725 3571 3570 
3 5725 5668 3571 
3 5726 5728 5727 
3 5726 2758 5728 
3 5726 2759 2758 
3 5726 3570 2759 
3 4106 4022 5729 
3 4106 5729 4622 
3 5575 5367 5365 
3 3585 3586 5459 
3 5459 3586 5657 
3 5459 5657 5460 
3 5226 5326 5730 
3 5226 5730 5229 
3 5434 5580 5436 
3 5434 4654 5580 
3 3739 2824 5272 
3 3739 3740 2824 
3 5215 5731 5216 
3 5215 5709 5731 
3 4873 5732 4868 
3 4873 5636 5732 
3 787 5733 2086 
3 787 2150 5733 
3 5728 2758 4904 
3 4795 1356 1355 
3 4795 5456 1356 
3 34 41 1948 
3 794 2086 5281 
3 1895 1754 1432 
3 5579 5242 5455 
3 5579 5734 5103 
3 5579 5455 5497 
3 5579 5497 5734 
3 5103 5734 5104 
3 672 5735 2628 
3 672 3033 5735 
3 2133 2132 4841 
3 2133 4841 3301 
3 4234 3633 3935 
3 4234 4109 3633 
3 3880 5736 3881 
3 3880 3884 5737 
3 3880 5737 5736 
3 3884 5738 5737 
3 3884 4258 5738 
3 5677 5739 5740 
3 5677 5740 5678 
3 1334 1335 5665 
3 1334 5665 5664 
3 1334 5664 1339 
3 1335 5376 5487 
3 1335 1336 5376 
3 1335 5487 5665 
3 2864 4458 4515 
3 4626 5080 4260 
3 4626 5079 5080 
3 2890 5014 3731 
3 3068 5013 5136 
3 3068 5136 3069 
3 3069 5136 5135 
3 5552 5600 5741 
3 5552 5741 5553 
3 5551 5742 5599 
3 5551 5550 5742 
3 3279 3278 5075 
3 3279 5075 5142 
3 4280 4955 4879 
3 4280 4879 4279 
3 5512 3330 5743 
3 5512 3331 3330 
3 5512 5743 3709 
3 4670 5141 4768 
3 5444 2719 2720 
3 5240 5269 5241 
3 5492 631 5462 
3 5418 5193 5194 
3 5418 2889 2887 
3 5418 5194 2889 
3 4034 5566 5569 
3 4034 5569 4035 
3 4034 4222 5566 
3 5062 2427 199 
3 5062 199 198 
3 5355 5311 5452 
3 2060 5744 5627 
3 2060 5158 5744 
3 5065 5714 1660 
3 4662 1732 5417 
3 5417 4177 4176 
3 5417 1732 4177 
3 5417 4176 4179 
3 5205 5745 3768 
3 5205 2929 2358 
3 5205 3768 4133 
3 5205 5257 5745 
3 5205 2358 5257 
3 5745 3769 3768 
3 5745 5673 3769 
3 5745 5257 5256 
3 5745 5256 5673 
3 3768 3765 4133 
3 5460 4946 4942 
3 5559 5710 5562 
3 5562 5746 5747 
3 5562 5710 5746 
3 3841 3767 5748 
3 3841 3842 3767 
3 3841 5748 5594 
3 4548 5749 5695 
3 4548 4546 5749 
3 5299 5750 5301 
3 5299 5751 5750 
3 5299 5300 5751 
3 4275 5752 5114 
3 4275 4277 5752 
3 3443 4503 2767 
3 3443 3444 5753 
3 3443 5753 4505 
3 3443 4505 4503 
3 2767 4503 912 
3 4752 5469 5754 
3 4752 5754 3040 
3 4752 5755 5469 
3 4752 4751 5755 
3 4751 5756 5755 
3 4751 4358 5273 
3 4751 5273 5756 
3 5168 5448 5719 
3 5505 3616 4070 
3 5505 4070 5368 
3 5505 5757 3616 
3 5505 5409 5757 
3 3616 5757 3617 
3 3616 3615 4070 
3 3570 3105 2759 
3 3570 3106 3105 
3 2758 2760 4904 
3 3522 3727 5612 
3 5171 5203 3771 
3 5171 5169 4845 
3 5171 4845 5203 
3 5203 4265 3771 
3 5203 4845 4844 
3 3726 4998 5758 
3 3726 5012 4998 
3 3726 5758 3727 
3 5200 4800 4984 
3 5200 4984 5723 
3 3851 4264 2944 
3 3851 2944 2945 
3 5037 5741 5600 
3 5037 5600 5038 
3 5037 5292 5741 
3 1983 1982 2624 
3 2517 3619 2518 
3 5618 303 409 
3 5710 5624 4684 
3 5710 4684 5759 
3 5710 5759 5746 
3 2796 5521 2792 
3 4472 4342 5760 
3 4472 5760 4293 
3 4472 4293 3810 
3 873 870 4175 
3 889 893 3117 
3 2050 1784 5761 
3 2050 5761 5762 
3 2050 5762 1791 
3 2050 1791 1790 
3 2222 5510 2226 
3 2222 2327 5510 
3 3580 3900 4373 
3 2180 4590 2740 
3 2180 2740 3377 
3 1311 1332 5438 
3 1311 5438 2458 
3 2806 3371 4588 
3 4174 4173 2461 
3 4435 3949 3692 
3 4435 4986 4436 
3 5606 5410 3648 
3 5606 3648 5392 
3 5606 5392 5329 
3 5606 5329 5328 
3 5410 5605 5411 
3 3572 3802 3573 
3 4352 4241 430 
3 4571 5376 1336 
3 5376 4977 5487 
3 2278 3878 4462 
3 4665 5571 4666 
3 3444 4802 5441 
3 3444 5441 5753 
3 4802 5442 5441 
3 238 1746 239 
3 3040 5754 5645 
3 4477 5599 4475 
3 3874 3875 4587 
3 4399 4684 5624 
3 955 953 2143 
3 5667 4203 5615 
3 5667 3571 5668 
3 5667 5615 3571 
3 4741 4742 5763 
3 4741 5764 5714 
3 4741 5763 5764 
3 2084 3432 5303 
3 2084 5303 2085 
3 3133 5765 3549 
3 3133 5766 5765 
3 3133 4598 5766 
3 5452 5557 5767 
3 5452 5311 5557 
3 4598 5675 5768 
3 4598 5768 5766 
3 5769 5567 5646 
3 5769 5770 5568 
3 5769 5568 5567 
3 5769 5646 5706 
3 5769 5706 5770 
3 5567 5415 5646 
3 5646 5647 5706 
3 2507 4589 2508 
3 4203 4202 5615 
3 4879 4880 5771 
3 4879 5771 4279 
3 4879 4955 4877 
3 4880 4883 5772 
3 4880 5772 5771 
3 5771 4281 4279 
3 5771 5773 4281 
3 5771 5772 5773 
3 5524 1083 5774 
3 5524 4756 1021 
3 5524 4755 4756 
3 5524 5774 4755 
3 1021 4756 1019 
3 5265 3216 3215 
3 5385 5096 5775 
3 5385 5775 5383 
3 5385 5094 5096 
3 5360 5776 5777 
3 5360 5362 5776 
3 5360 5777 5363 
3 4742 4743 5778 
3 4742 5778 5763 
3 4743 4744 5779 
3 4743 5780 5778 
3 4743 5779 5780 
3 5561 5431 4730 
3 2451 5781 2452 
3 2451 5196 5781 
3 3537 3536 5025 
3 3537 5025 5632 
3 5353 2977 5368 
3 5353 2978 2977 
3 5353 2981 2978 
3 5192 5733 2151 
3 5192 5717 5733 
3 2442 5183 3563 
3 2442 2443 5183 
3 4817 5782 5783 
3 4817 5783 4818 
3 4817 3829 5782 
3 4604 4605 4286 
3 4604 4286 3085 
3 2720 1875 5068 
3 2627 3377 2740 
3 5648 1731 4190 
3 397 334 335 
3 5564 5580 4653 
3 5564 5466 3496 
3 4653 5580 4654 
3 5526 5150 5149 
3 5526 5157 5150 
3 4119 4978 5186 
3 4119 4122 4978 
3 472 4127 443 
3 472 505 4646 
3 472 4646 4127 
3 4617 4217 4842 
3 4617 4841 2132 
3 4217 5503 4842 
3 4217 4216 5503 
3 5164 5165 5592 
3 5533 5532 5784 
3 5632 5025 3295 
3 5632 3295 3296 
3 5148 5785 5722 
3 5148 5722 5149 
3 5148 5153 5785 
3 2745 5064 2746 
3 5183 2443 2828 
3 5307 5721 5308 
3 5307 5156 5721 
3 5309 5308 5786 
3 5308 5721 5786 
3 5786 4970 4969 
3 5786 5721 4970 
3 3330 2949 5743 
3 5463 2713 4108 
3 5469 5755 4315 
3 5469 5470 5708 
3 5469 5708 5754 
3 4315 5755 4376 
3 1083 1082 5774 
3 5774 5529 5478 
3 5774 5478 2522 
3 5774 2522 4755 
3 5774 1082 5529 
3 5711 5787 5788 
3 5711 3645 5787 
3 5711 5655 5712 
3 5711 5788 5655 
3 5712 5388 5391 
3 5712 5389 5388 
3 5712 5655 5389 
3 1275 4901 1329 
3 277 366 298 
3 277 298 276 
3 277 2828 366 
3 502 5762 5789 
3 502 5789 503 
3 502 1791 5762 
3 1787 5761 1784 
3 1787 2051 5761 
3 2259 2655 2260 
3 760 1564 761 
3 385 5790 2464 
3 385 415 5790 
3 1434 1432 1754 
3 2807 2808 5195 
3 2807 5195 2152 
3 2807 2152 2810 
3 2808 2809 2889 
3 2808 2889 5194 
3 3312 5586 5791 
3 3312 3440 5586 
3 3312 5791 3313 
3 3264 5318 3564 
3 5604 5792 5605 
3 5604 3618 5792 
3 3618 2518 3619 
3 3618 3617 5792 
3 2500 2516 2230 
3 2500 2495 2516 
3 4127 3897 443 
3 443 5790 415 
3 443 3897 5790 
3 806 5793 807 
3 806 4376 5793 
3 4246 4104 3911 
3 2260 2655 5196 
3 5196 2655 2654 
3 5196 2654 5794 
3 5196 5794 5781 
3 2463 2464 3894 
3 15 2682 3374 
3 1741 1746 1764 
3 768 2811 2810 
3 5719 5448 5523 
3 5719 5523 5795 
3 5719 5795 4712 
3 5448 3239 4055 
3 5448 4055 5523 
3 5032 5031 4997 
3 2136 4007 2138 
3 2136 3534 4007 
3 2543 5796 5162 
3 2543 2302 5796 
3 5162 5796 5456 
3 5162 4794 1690 
3 5518 4544 523 
3 3284 3117 4045 
3 2168 1631 3185 
3 2628 5735 5797 
3 2628 5797 737 
3 3370 5797 4385 
3 3370 1515 5797 
3 5041 5798 5165 
3 5041 4441 5799 
3 5041 5799 5621 
3 5041 5621 5798 
3 5504 5553 5800 
3 5504 5800 4407 
3 5553 5741 5800 
3 5800 5691 4407 
3 5800 5741 5292 
3 5800 5292 5691 
3 1691 1294 1362 
3 4310 5337 4311 
3 4310 4576 5337 
3 5337 5334 4311 
3 5337 4576 4575 
3 4311 5801 5776 
3 4311 5776 4307 
3 4311 5334 5801 
3 968 5802 5588 
3 968 5588 969 
3 968 5803 5802 
3 968 971 5803 
3 969 5588 5804 
3 969 5805 970 
3 969 5804 5805 
3 5681 4463 4462 
3 5681 4462 3879 
3 5681 4917 4463 
3 4463 4917 4464 
3 4462 3878 3879 
3 3549 5426 4448 
3 3549 5765 5426 
3 3549 4448 3550 
3 5765 5532 5425 
3 5765 5766 5532 
3 5765 5425 5426 
3 5143 5142 5118 
3 5714 1661 1660 
3 5714 5764 1661 
3 4702 4701 5654 
3 4701 4567 5654 
3 5654 4567 5652 
3 5487 5486 5665 
3 5350 5089 3992 
3 4593 4739 4594 
3 4593 4215 4739 
3 2875 1400 5636 
3 1230 1208 2457 
3 3319 5806 2988 
3 3319 2988 2987 
3 3319 4480 5806 
3 2987 2986 3317 
3 5175 5177 5406 
3 5292 2582 5691 
3 4464 4735 4465 
3 5627 5744 5807 
3 5627 5807 5709 
3 5627 5709 3924 
3 5607 2831 5808 
3 5607 5808 5608 
3 5608 5808 5687 
3 5250 5249 5785 
3 5250 5785 4832 
3 5250 4832 4722 
3 5249 5722 5785 
3 5785 5153 4832 
3 2151 2152 5195 
3 2151 5733 2150 
3 2624 1982 3189 
3 4041 4609 4042 
3 4199 4200 5617 
3 4199 5617 5690 
3 4712 5795 4713 
3 5363 5777 5683 
3 5683 5809 5131 
3 5683 5777 5809 
3 5118 5142 5075 
3 1515 737 5797 
3 4200 656 5617 
3 4216 2718 5528 
3 4679 4680 5509 
3 5018 5021 5715 
3 5018 5715 5214 
3 4909 5565 4222 
3 3829 4058 5782 
3 5588 5802 5584 
3 5588 5587 5804 
3 5802 5585 5584 
3 5802 5803 5585 
3 3471 5263 5643 
3 3471 5643 4610 
3 5695 5381 5810 
3 5695 5749 5381 
3 5695 5810 5325 
3 4364 4365 5477 
3 5620 5798 5621 
3 5620 5630 5798 
3 4691 5370 5590 
3 4691 5590 4692 
3 4691 5082 5370 
3 5713 4989 4167 
3 5713 4591 3446 
3 5713 3446 4989 
3 5713 4167 4166 
3 4591 2907 3446 
3 4591 2951 2907 
3 4614 5520 4615 
3 4614 5521 5520 
3 4614 2791 5521 
3 1600 3797 4979 
3 5160 5704 2950 
3 2950 5704 2949 
3 5134 4185 5697 
3 5134 4184 4185 
3 1330 1329 3347 
3 1329 4901 3347 
3 5647 5645 5707 
3 5645 5754 5707 
3 5707 5754 5708 
3 5269 5674 5787 
3 5269 5787 5241 
3 3586 5287 5811 
3 3586 5811 5657 
3 504 5812 5616 
3 504 5616 2072 
3 504 2072 505 
3 504 503 5812 
3 5812 5690 5616 
3 5812 503 5789 
3 5812 5789 5689 
3 5812 5689 5690 
3 5616 5690 5617 
3 5179 4648 4647 
3 5179 4647 468 
3 5179 468 3514 
3 5600 5174 5038 
3 5128 5687 5685 
3 3033 4385 5735 
3 5334 5336 5801 
3 4023 3881 4024 
3 4023 3882 3881 
3 3881 5736 4024 
3 4024 5736 4022 
3 2054 1471 454 
3 4680 5813 5509 
3 4680 5814 5813 
3 4680 4678 5814 
3 5813 5814 5805 
3 5813 5804 5509 
3 5813 5805 5804 
3 5509 5587 3811 
3 5509 5804 5587 
3 4261 4260 5653 
3 4261 5652 4262 
3 4261 5653 5652 
3 4260 5285 5653 
3 4260 5080 5285 
3 5653 5285 5447 
3 5684 5815 2816 
3 5684 5685 5815 
3 5684 2816 5498 
3 5253 5221 5255 
3 5253 5222 5221 
3 5253 5254 5477 
3 5253 5477 5222 
3 5244 5330 5243 
3 5657 5811 5658 
3 1161 5261 1199 
3 2461 4173 5816 
3 2461 5816 971 
3 5718 3215 1989 
3 5718 1989 2825 
3 5718 2825 3561 
3 5411 5757 5409 
3 5411 5792 5757 
3 5411 5605 5792 
3 3420 761 1564 
3 5753 5441 5443 
3 5753 5443 5625 
3 5753 5625 4505 
3 5362 5361 4308 
3 5362 4308 4307 
3 5362 4307 5776 
3 4010 4011 5644 
3 4011 3601 5817 
3 4011 5642 5644 
3 4011 5817 5642 
3 5598 5212 4168 
3 5598 4169 4988 
3 5598 4168 4169 
3 4988 4169 4989 
3 5678 5740 5675 
3 5678 5675 4812 
3 5678 4812 3163 
3 5678 3163 5679 
3 304 409 303 
3 3321 4587 3875 
3 3388 5315 3226 
3 3098 3096 4491 
3 2508 4589 5694 
3 4589 4206 4966 
3 4589 4966 5694 
3 1396 5732 1397 
3 1396 5614 5732 
3 5522 5818 5795 
3 5522 5795 5523 
3 5522 3713 5818 
3 5522 4101 3713 
3 5818 5572 4714 
3 5818 4714 4713 
3 5818 3713 5572 
3 5818 4713 5795 
3 3564 3551 3550 
3 3564 5318 3551 
3 5777 5776 5801 
3 5777 5801 5809 
3 5696 5779 4744 
3 5696 5819 5779 
3 5696 5697 5819 
3 5488 4128 5525 
3 5643 5642 4610 
3 4634 4636 3545 
3 5499 5497 5455 
3 5499 5455 5302 
3 5499 5302 5500 
3 5500 5303 3434 
3 5500 5302 5303 
3 5500 3434 3433 
3 5529 1082 1049 
3 383 2440 1794 
3 383 1794 413 
3 4735 4736 4465 
3 2072 2073 505 
3 650 3779 5519 
3 5788 5650 5655 
3 5788 5787 5674 
3 5788 5674 5650 
3 5787 3645 2919 
3 5787 2919 5241 
3 4609 4610 5817 
3 4609 5817 4042 
3 5761 2051 5762 
3 2665 2666 2746 
3 2665 2746 1475 
3 2986 2542 3317 
3 2051 5789 5762 
3 2051 2052 5789 
3 3617 5757 5792 
3 2148 2837 5159 
3 1474 1475 5064 
3 1474 5064 1476 
3 5793 5273 5272 
3 5793 5756 5273 
3 5793 5272 807 
3 5793 4376 5756 
3 5272 2824 807 
3 3496 5466 1682 
3 4342 4343 5760 
3 1502 1503 5377 
3 1502 5377 4831 
3 4871 5589 5370 
3 5461 3764 3763 
3 5461 5716 3764 
3 1934 4981 3183 
3 1934 3183 1925 
3 4981 3184 3183 
3 3183 1920 1925 
3 5640 5593 5820 
3 5640 5820 5630 
3 5640 5630 5629 
3 1690 4794 1364 
3 1294 1295 1362 
3 5014 4980 3731 
3 1400 1397 5636 
3 5161 5770 5706 
3 5161 2947 5770 
3 5770 2947 4047 
3 5770 4047 5568 
3 5496 2815 2817 
3 5496 5734 5497 
3 5496 5104 5734 
3 5496 2817 5104 
3 5744 5158 5514 
3 5744 5514 5807 
3 5807 5731 5709 
3 5807 5619 5731 
3 5807 5514 5619 
3 2052 5689 5789 
3 5478 2523 2522 
3 3328 5821 2689 
3 3328 4979 5821 
3 4910 1827 1828 
3 4910 1830 1827 
3 5822 5602 5612 
3 5822 5033 5034 
3 5822 5034 5823 
3 5822 5824 5033 
3 5822 5823 5602 
3 5822 5612 5824 
3 5602 5823 5603 
3 5612 3727 5824 
3 5048 4639 4860 
3 5048 4860 3986 
3 5048 3986 3987 
3 5675 5740 5768 
3 4656 2360 5814 
3 4656 5814 4678 
3 4058 1353 5782 
3 5152 4833 5153 
3 5153 4833 4832 
3 4684 4683 5759 
3 5590 5370 5589 
3 4615 3901 4616 
3 4615 5520 3231 
3 4615 3231 3901 
3 5521 2791 2792 
3 4979 3797 5821 
3 5704 5705 5743 
3 5704 5743 2949 
3 3733 2561 3182 
3 3733 3182 3184 
3 3733 2560 2561 
3 5301 5750 2144 
3 5301 2144 2143 
3 5593 5592 5820 
3 5820 5165 5798 
3 5820 5592 5165 
3 5820 5798 5630 
3 2642 2563 4883 
3 1475 2746 5064 
3 4222 5565 5566 
3 5371 5490 5372 
3 3986 4860 3981 
3 4736 4732 5724 
3 3897 3894 5790 
3 3432 3434 5303 
3 4401 5626 4683 
3 4401 4897 5626 
3 4683 5626 3984 
3 4683 3984 5759 
3 4989 4169 4167 
3 5372 5490 5508 
3 3485 5024 3536 
3 3485 3536 3486 
3 3485 5454 5024 
3 2452 4883 2563 
3 2452 5781 4883 
3 5596 5825 5731 
3 5596 5731 5619 
3 5596 5597 5825 
3 2822 5104 2817 
3 3494 5454 519 
3 3494 5024 5454 
3 5024 5025 3536 
3 5238 5184 5186 
3 5238 5185 5184 
3 5659 2394 5379 
3 5659 2395 2394 
3 5697 4186 5819 
3 5697 4185 4186 
3 5687 5808 5815 
3 5687 5815 5685 
3 3980 5826 3983 
3 5664 5663 1339 
3 5663 4818 5783 
3 5663 5783 1339 
3 5477 4365 5222 
3 5053 5614 5154 
3 5053 4868 5732 
3 5053 5732 5614 
3 3503 4009 3504 
3 3504 4039 2124 
3 5381 5749 5382 
3 5381 5383 5810 
3 5810 5383 5775 
3 5810 5775 5730 
3 5810 5730 5326 
3 5810 5326 5325 
3 5114 5827 5110 
3 5114 5752 5827 
3 2653 5773 2654 
3 2653 4281 5773 
3 2564 3317 2542 
3 2564 2516 2495 
3 3601 4042 5817 
3 2360 5805 5814 
3 2360 970 5805 
3 3727 5758 5824 
3 4274 5603 4277 
3 5781 5794 5772 
3 5781 5772 4883 
3 3779 5339 5519 
3 4778 2680 3347 
3 5131 5809 5671 
3 5809 5828 5671 
3 5809 5801 5336 
3 5809 5336 5828 
3 5671 5828 5672 
3 5610 5720 5829 
3 5610 5829 5335 
3 5443 5692 5625 
3 5830 4620 5742 
3 5830 4618 4620 
3 5830 5742 5658 
3 5830 5811 5628 
3 5830 5658 5811 
3 5830 5628 4618 
3 4620 5599 5742 
3 4620 4475 5599 
3 5742 5550 5658 
3 5636 1397 5732 
3 5797 5735 4385 
3 2689 5821 1591 
3 5070 5382 5749 
3 5070 5749 4546 
3 5778 1663 5763 
3 5778 1944 1663 
3 5778 5780 1944 
3 2654 5773 5794 
3 5821 3797 1589 
3 5821 1589 1591 
3 5519 5339 5304 
3 1352 5783 5782 
3 1352 5782 1353 
3 1352 1339 5783 
3 5717 2086 5733 
3 5717 5281 2086 
3 5717 5280 5281 
3 5758 5031 5824 
3 5758 4998 4997 
3 5758 4997 5031 
3 5031 5033 5824 
3 2571 4467 2737 
3 2828 2443 366 
3 5241 2919 2917 
3 4730 5431 4731 
3 5729 4022 5736 
3 5729 4623 4622 
3 5729 5736 5737 
3 5729 5737 4623 
3 5540 5621 5799 
3 5540 5799 5177 
3 4277 5603 5752 
3 5569 4659 4677 
3 5569 5566 4659 
3 5433 4732 4731 
3 5433 5724 4732 
3 5673 3170 3769 
3 5828 5335 5829 
3 5828 5336 5335 
3 5828 5829 5672 
3 4666 5083 4667 
3 5285 3658 5447 
3 4128 5698 5525 
3 4965 5693 4964 
3 4965 5501 5693 
3 5095 5775 5096 
3 5095 5730 5775 
3 5095 5229 5730 
3 5595 5831 5597 
3 5595 5832 5831 
3 5595 5594 5832 
3 5831 5825 5597 
3 5831 5832 5833 
3 5831 5833 5834 
3 5831 5834 5825 
3 1038 1069 1010 
3 2713 2696 4108 
3 2218 2325 2326 
3 2326 2325 2395 
3 4437 5406 4441 
3 2472 2300 3928 
3 4478 3569 5806 
3 4478 5806 4480 
3 4478 2569 3569 
3 5406 5799 4441 
3 5406 5177 5799 
3 4293 5760 1668 
3 3842 3766 3767 
3 3842 3840 3766 
3 4567 4262 5652 
3 3170 3171 3769 
3 780 3569 2569 
3 5763 1662 5764 
3 5763 1663 1662 
3 1304 1944 4908 
3 5806 3569 2988 
3 5827 5823 5034 
3 5827 5034 5035 
3 5827 5752 5823 
3 5827 5035 5110 
3 1356 5456 2301 
3 4186 5835 5819 
3 4186 4907 5835 
3 5835 4908 5780 
3 5835 5780 5819 
3 5835 4907 4908 
3 5819 5780 5779 
3 5738 4624 4623 
3 5738 4258 4624 
3 5738 4623 5737 
3 5826 5746 3983 
3 5826 5747 5746 
3 5692 5723 4704 
3 5692 4704 5625 
3 5752 5603 5823 
3 1662 1661 5764 
3 5756 4376 5755 
3 5330 5329 5392 
3 4908 1944 5780 
3 3313 5791 4922 
3 5626 3985 3984 
3 4900 375 5428 
3 3767 3764 5748 
3 5748 5716 5832 
3 5748 3764 5716 
3 5748 5832 5594 
3 2073 4646 505 
3 3983 5759 3984 
3 3983 5746 5759 
3 5825 5216 5731 
3 5825 5834 5216 
3 5768 5739 5784 
3 5768 5784 5766 
3 5768 5740 5739 
3 5132 5720 5156 
3 5132 5672 5720 
3 5720 5672 5829 
3 5720 5721 5156 
3 4173 5836 5816 
3 4173 4922 5836 
3 5816 5836 5803 
3 5816 5803 971 
3 5498 2816 2815 
3 2816 5815 2818 
3 5693 5694 4964 
3 4964 5694 4966 
3 5217 5698 2941 
3 5217 5525 5698 
3 5760 4343 5837 
3 5796 2301 5456 
3 5796 2302 2301 
3 5832 5716 5833 
3 5287 5544 5628 
3 5287 5628 5811 
3 5287 5286 5544 
3 3268 3567 4636 
3 3268 4636 4635 
3 3567 3545 4636 
3 3894 2464 5790 
3 5784 5532 5766 
3 5794 5773 5772 
3 4286 4605 4484 
3 5212 5051 4168 
3 3162 5679 3163 
3 5557 5028 5767 
3 5803 5836 5585 
3 4610 5642 5817 
3 5214 5428 5213 
3 5715 5833 5716 
3 5715 5021 5833 
3 5705 3709 5743 
3 5705 3708 3709 
3 5791 5585 5836 
3 5791 5586 5585 
3 5791 5836 4922 
3 4704 5723 4984 
3 5216 5834 5022 
3 5021 5022 5834 
3 5021 5834 5833 
3 5213 375 3447 
3 5213 5428 375 
3 5767 5028 5029 
3 2819 5808 2831 
3 2819 2818 5808 
3 5815 5808 2818 

POINT_DATA 5838
FIELD FieldData 1
wss 3 5838 double
0.11846486749 -0.56889613665 0.27267362985 0.11780957732 -0.52775117225 0.26821639172 0.12569814675 -0.50234756056 0.23774268192 
0.11342275106 -0.60582558046 0.31205209228 0.12142997072 -0.6645296683 0.32660107171 0.11492944386 -0.57617698413 0.31705099955 
0.12820038861 -0.48050696253 0.23386616697 0.12394970682 -0.51697968689 0.27427706512 0.13124495085 -0.45523710259 0.21218153533 
0.13960607002 -0.47419175557 0.21597983022 0.11027829141 -0.71637363845 0.377318922 0.10878235956 -0.65673271089 0.36516965547 
0.11133377738 -0.63283424859 0.3734833829 0.1203725808 -0.56640090579 0.328641016 0.10291574661 -0.7108961683 0.42788145838 
0.10015794112 -0.77435814382 0.44019703018 0.10471236765 -0.68312382554 0.43749363798 0.11571816658 -0.61845718811 0.39019452451 
0.093835878752 -0.7632580487 0.48969496155 0.097305702361 -0.87232335864 0.52880682709 0.094443462459 -0.72323067189 0.49159539198 
0.10833604303 -0.66240322841 0.44651847833 0.080445059164 -0.80882162809 0.5408906237 0.083356273179 -0.91441648893 0.5692793894 
0.081490475905 -0.75913821532 0.53986651548 0.097656186802 -0.69652043196 0.49344623455 0.064193878813 -0.85807246227 0.58761054081 
0.066023070778 -0.97763316229 0.61989507705 0.067114891653 -0.8077655917 0.57910036861 0.085667585545 -0.7322874088 0.53596867271 
0.007620406905 0.17234805627 -0.2263111502 0.0051977703281 0.16733002868 -0.21579777965 0.0050298949079 0.16665173855 -0.21276215397 
0.0026764974714 0.17684794398 -0.2333744031 0.0056642778888 0.18062991285 -0.23482237341 0.0065812714308 0.19170472352 -0.25454826227 
0.0062478273937 0.19089579844 -0.25810897762 0.0067500006 0.16369308491 -0.20504060263 -0.0073280673597 0.17529908288 -0.22602906056 
-0.0014684810136 0.16681379264 -0.21049068248 0.0087161148111 0.16325690912 -0.20324527539 0.003922496765 0.17379915235 -0.2213619857 
0.011274210237 0.15438231496 -0.18789527566 0.005652079664 0.15191469832 -0.18652231271 0.011133638463 0.1565304998 -0.18984116647 
0.0062558594786 0.16258219691 -0.20166418534 0.045164086979 -0.91579312303 0.62318970871 0.043576660465 -1.0862629236 0.6922018814 
0.055459103395 -0.86158950177 0.60927701105 0.076114196789 -0.77709246719 0.56655826805 -0.011653564993 0.18922957415 -0.24918144314 
-0.0036590196995 0.19995382566 -0.26888295062 -0.02035478058 0.18621605212 -0.24054936281 -0.015458523622 0.17442806608 -0.22147762398 
-0.0053962969594 0.15572958027 -0.19351565715 0.030677857824 -0.98016360926 0.66242822896 0.016710629416 -1.155874559 0.73629688156 
0.055123428292 -0.93647699963 0.65445376185 0.077902047882 -0.83689620875 0.60162290163 -0.01524310327 0.2152970924 -0.28982401846 
-0.025632668009 0.20780739356 -0.27266883232 -0.036032574347 0.19751869925 -0.25621241082 -0.030271729542 0.18334937225 -0.23471033295 
-0.020134619767 0.16053026597 -0.20213213303 0.026857789266 -1.0656571251 0.73048683743 -0.002437843296 -1.2142246714 0.7911793101 
0.066200367811 -1.0469588408 0.74462767558 0.09421314217 -0.9335992668 0.67460231065 0.045745428002 -0.19902231407 0.1629838445 
0.035494009977 -0.15637243528 0.1419163192 0.03656376868 -0.14217368107 0.11505443489 0.049577735452 -0.19118727298 0.14467405764 
0.04509796772 -0.21848687679 0.19580299753 0.063813485456 -0.28281743089 0.22129224011 0.060731883178 -0.30112855665 0.23941143001 
0.038197991513 -0.17639065226 0.1879577849 0.02667699701 -0.10617063482 0.094736830456 0.025567707121 -0.11241643403 0.11810157168 
0.018242749402 -0.06147001033 0.045870228361 0.033788714425 -0.11560233684 0.084731424944 -0.026828182302 0.2354963428 -0.31812359489 
-0.031790361673 0.23140392817 -0.30809137339 -0.012880877366 0.22739229365 -0.31302756645 -0.048668459918 0.24875275625 -0.330376452 
-0.04874917342 0.26167482788 -0.3497723375 -0.02072137581 0.24241488558 -0.33551601599 -0.060186032435 0.24626817799 -0.32285443285 
-0.051181893111 0.22420434297 -0.29215763331 -0.0052104830746 0.21189315636 -0.28908885255 -0.062674988257 0.20920825318 -0.27080981205 
-0.052824535332 0.19344354607 -0.24966833154 -0.040706315821 0.1672786181 -0.21419276254 0.036504770219 -1.1955174547 0.85548123518 
-0.0046600248282 -1.2746076113 0.86633060591 0.082484682496 -1.2101693024 0.9051789475 0.11788755852 -1.0731027352 0.81123003205 
0.05192509885 -0.24665750848 0.23934864091 0.060103199309 -0.32577838833 0.27505165587 0.053365749232 -0.20522743953 0.23467064061 
0.034263561913 -0.13543008541 0.16974980449 -0.079100099307 0.26454432897 -0.34366535628 -0.073074305676 0.27578122195 -0.36063980186 
-0.096582413793 0.26265782562 -0.33783899248 -0.084428587154 0.23764984901 -0.30634883298 -0.09797908513 0.22246591364 -0.28749291516 
-0.083483894224 0.20476294964 -0.26649219786 -0.066611890641 0.17529143996 -0.22861589389 -0.0058081963612 -1.4145442934 1.0032325489 
0.038957134187 -1.387575323 1.0361722297 0.13101723573 -1.2089616295 0.99685322878 0.10115801598 -1.4219016112 1.18221873 
0.073531041942 -0.28532155664 0.30235936674 0.069050418117 -0.35216921588 0.32060778249 0.084530735956 -0.25693581184 0.31768494277 
0.058718360422 -0.17535740781 0.24019897748 -0.11846161465 0.2821053798 -0.35628898124 -0.099051561224 0.2891755724 -0.36905165943 
-0.14280506862 0.28078762903 -0.35321811779 -0.12489625781 0.25347410378 -0.32314098312 -0.13628770253 0.23643793206 -0.30616572578 
-0.12009940847 0.21599718227 -0.28398334501 -0.09994171768 0.18449586394 -0.24541297511 0.1113830717 -0.35590129011 0.41473501934 
0.096494050548 -0.40077252123 0.39019914088 0.1224913727 -0.35169038981 0.46085787874 0.096267646956 -0.25190627538 0.36145910462 
-0.032640507484 0.094566561119 -0.041341016154 -0.044335703747 0.11601209824 -0.048132663915 -0.048115353368 0.1378499402 -0.095020292273 
-0.0031982913845 0.0022011621509 0.017255303259 -0.0032845947834 0.00069604522347 0.042405566199 -0.028001996121 0.084988760431 -0.057029088394 
-0.022371094513 0.06132828141 0.022006041727 -0.028058840699 0.076038807922 0.029239463338 -0.062374433552 0.15643671672 -0.093275692883 
-0.049129473833 0.11512952767 -0.013503432577 -0.068240081203 0.18612034325 -0.14384946314 -0.050598373268 0.14988066792 -0.12362205754 
-0.16963395748 0.30377307525 -0.37290063195 -0.13722767226 0.3060199365 -0.38225416975 -0.19228363312 0.30058655343 -0.36967475894 
-0.17163892689 0.2707613462 -0.34104997738 -0.18619229121 0.25289245199 -0.32781978361 -0.16755822588 0.22884858911 -0.3054419466 
-0.14352527404 0.19383177543 -0.26497127054 0.14468471638 -0.46319087729 0.57624982974 0.13414033083 -0.49612293033 0.51320851351 
0.14178614518 -0.45023024553 0.63610409595 0.12274750209 -0.34821747501 0.52120568937 0.013630396074 -0.038346607779 0.11767041933 
0.00324085157 0.009192859653 0.11141961521 0.0012419083547 0.021520063611 0.12412365392 -0.021719925477 0.064047350709 0.080066250443 
-0.22850019103 0.32803320441 -0.38436449218 -0.19667862592 0.33948076733 -0.40195305216 -0.24332949534 0.31351297973 -0.37702307782 
-0.22255589962 0.28539758749 -0.3547230477 -0.24808963896 0.26943020926 -0.34757947106 -0.2240388155 0.24308840913 -0.32904853412 
-0.19792575456 0.20546812158 -0.29066298697 0.15392509254 -0.55504663513 0.74157345669 0.15873281977 -0.61772406019 0.68567921362 
0.13847677714 -0.51596140845 0.7751654796 0.12421762095 -0.41061189241 0.66343051728 0.046988778771 -0.10352324881 0.21999355992 
0.045073121672 -0.081945528087 0.24778952523 -0.0036737042412 0.034782190006 0.15968157201 0.025850235082 -0.027176860754 0.24825989063 
-0.033790437035 0.091272203276 0.088595370137 -0.046857321723 0.11042071922 0.035007804814 -0.28767095287 0.30131612358 -0.36911272697 
-0.31602438433 0.28597262558 -0.36761701008 -0.28444137883 0.26036256535 -0.35145165407 -0.25844285497 0.21621564884 -0.31510556493 
0.018799635051 -1.8530587671 1.8867438479 0.0076799782007 -1.7325659973 1.8793837951 0.064785006309 -1.7149235138 1.735435967 
-0.036802156155 -1.8684592264 2.0603399977 -0.057452347237 -2.1663910676 2.1662411402 0.068476955308 -1.8138505232 1.7128343465 
-0.0096250978812 -2.0883616694 1.9106991031 -0.034623014238 -1.7343677434 2.0496904889 0.056285485679 -1.6154497767 1.7461574431 
0.013921002307 -1.6350864165 1.9176203346 0.10745658102 -1.5902199503 1.5970674879 0.11095254693 -1.6636312369 1.5675270026 
0.14510418863 -0.61565481706 0.87194481673 0.16002086244 -0.71744612706 0.85672717389 0.13025547592 -0.55502366348 0.88726631078 
0.12167415521 -0.44760469326 0.7976288479 -0.28878236903 0.34381570486 -0.38970791292 -0.31558085072 0.33366338235 -0.3898990038 
-0.35181358713 0.35906006045 -0.39407848561 -0.31664901566 0.37097822323 -0.40073111191 -0.27252515938 0.36148815152 -0.39994513148 
-0.39004574586 0.34843688687 -0.3960817064 -0.36393348261 0.3196479535 -0.38546721359 -0.38538495714 0.2950756979 -0.37969316521 
-0.37544887478 0.2739169505 -0.37388186977 -0.33623704741 0.23839815082 -0.34376125071 -0.082410288565 -1.8597133017 2.227677095 
-0.12389249007 -2.1732926453 2.3293660835 -0.06963542176 -1.7148473932 2.1929514583 -0.020320354577 -1.6226188135 2.0622398936 
0.13401852578 -0.65496335957 0.99187287472 0.14444957317 -0.78353635272 1.0000429056 0.12573391676 -0.5936503369 1.0041943852 
0.12042565049 -0.48018047439 0.91656130391 -0.4328825162 0.37517857675 -0.39439721647 -0.38652733078 0.38889597525 -0.4012848971 
-0.46732554421 0.36001803635 -0.39827662032 -0.43865529973 0.32922219749 -0.39236667196 -0.46236305496 0.30296552222 -0.39301302494 
-0.44340094099 0.27949924899 -0.3915169636 -0.12158057651 -1.8319059056 2.3692991266 -0.16609876578 -2.1339932168 2.50083364 
-0.099903624952 -1.6728429082 2.3176017518 -0.051086834289 -1.5939375228 2.1884009361 0.12648139254 -0.6928611658 1.1126303032 
0.12793757973 -0.81852086173 1.134377207 0.11994300705 -0.63592894389 1.1238795901 0.12066654041 -0.51935158427 1.0216372127 
-0.51102682379 0.38998216967 -0.39306833623 -0.47264843292 0.40816035842 -0.39534840363 -0.54677418112 0.36750539256 -0.39615644978 
-0.52029180536 0.33743090724 -0.39852190265 -0.54993047343 0.30796240364 -0.40361947214 -0.53498941814 0.28006144369 -0.40256581977 
-0.70106936488 -2.8621943448 7.8501016725 -0.79402324053 -2.9038600199 7.886565363 -0.91365267623 -2.9774024207 7.8220574448 
-0.60281135194 -2.8936653566 7.8689302745 -0.42684337273 -2.7874718346 7.8386692069 -0.8313074768 -2.9700433165 7.8659797891 
-0.5630808027 -2.7616208679 7.87053133 -0.6768816066 -2.7846513426 7.8601285536 -1.0371401531 -3.0659762793 7.942160226 
-0.9343205717 -2.9963660188 8.048304262 -1.1626750632 -3.0883626291 7.8195178736 -1.0393598528 -3.0513124242 7.8246660678 
-0.14502214345 -1.7495925274 2.4685646092 -0.20951049094 -2.1298579359 2.7107026967 -0.1276731883 -1.5486085134 2.3846131955 
-0.080759938766 -1.5573152479 2.2981644557 0.11756905682 -0.73217949348 1.2349688486 0.11349196959 -0.84876232624 1.255642554 
0.1110879242 -0.67831045037 1.239234399 0.12280036526 -0.56593841161 1.1381635821 0.10526276171 -0.32721625704 0.85319964803 
0.10741201827 -0.36084862399 0.82779772977 0.11320274472 -0.39551787222 0.91233620112 0.1121642273 -0.36509686579 0.92979896175 
0.10397646802 -0.28518696815 0.90590635409 0.092020458259 -0.2371192693 0.82103968645 0.093660438608 -0.28365140103 0.75567970708 
0.099939635713 -0.30973427127 0.67037244835 0.11814170371 -0.42177076051 0.99788324993 -0.59019291899 0.39890195034 -0.3850005945 
-0.53986883431 0.41881713773 -0.38508968765 -0.62605759538 0.36921843269 -0.39165021164 -0.6050130038 0.33936681491 -0.39993530502 
-0.63591488746 0.30625023041 -0.40948722315 -0.63119788774 0.2802312572 -0.4170608839 -0.26119785138 -2.6993004129 7.7986123223 
-0.44568281408 -2.6580165656 7.8151505421 -0.60145528046 -2.7022517451 7.8506690798 -0.87972498891 -2.8886248439 8.0754158296 
-0.17066828453 -1.6466133859 2.5346789491 -0.25002014455 -2.0451802581 2.8173025093 -0.18047108291 -1.4630205938 2.4233564191 
-0.13881672924 -1.3748533684 2.30842843 -0.075358611301 -1.3580633691 2.19485632 0.10086234399 -0.80334789504 1.3923447807 
0.099157184356 -0.88416484708 1.3917594012 0.1189236831 -0.6152704068 1.2605362028 0.097753365333 -0.71864982025 1.3664560195 
0.11853607861 -0.3712294536 1.0211900461 0.12385915219 -0.48012485874 1.1403422031 -0.66876969995 0.39743219117 -0.36720594334 
-0.63485434631 0.42036329556 -0.34730041428 -0.71232579203 0.36139818395 -0.37730682942 -0.69308092068 0.33588752436 -0.39665700517 
-0.72916626644 0.30348607417 -0.41310766649 -0.70816391853 0.26907475643 -0.42378601753 -0.10052643346 -2.6315624838 7.6938759889 
-0.32607777097 -2.6118878995 7.7986567529 -0.53370630654 -2.6591009004 7.9350766975 -0.82778316674 -2.8338614347 8.2176032782 
-0.22495797027 -1.5612644283 2.5882187061 -0.26974511813 -1.911670383 2.8860139257 -0.23329569991 -1.3611173003 2.4357354068 
-0.20223783981 -1.3111076819 2.3390584337 0.091379503682 -0.21871318236 0.87318830999 0.10555699151 -0.28046942082 0.95482460263 
0.088438239889 -0.20658649225 0.87604907166 0.068410296811 -0.14755720414 0.7653246099 0.064546605595 -0.13977328708 0.72216888016 
0.10544790369 -0.28046422041 1.003008049 0.11667882807 -0.36411920411 1.076899817 -0.74697371768 0.38446918757 -0.3384013912 
-0.69445749056 0.41235698796 -0.32371231726 -0.80016537427 0.34724451199 -0.35033085331 -0.8006126586 0.32211251484 -0.37641704325 
-0.79904146923 0.25594680712 -0.41998420461 -0.83236109637 0.28654322898 -0.39728659262 -0.68506503317 0.23814588068 -0.42081002685 
-0.76507343987 0.20837818398 -0.42565019305 -2.0126993279 -4.1020891268 8.5448352182 -1.958735848 -3.8920028813 8.5863971386 
-2.0146536648 -4.1693448493 8.3684397521 -1.9477065638 -3.8279665798 8.763114349 -2.010276988 -3.995974285 8.7056850821 
-2.0684538177 -4.2068641561 8.4399839104 -2.0921951861 -4.355246809 8.2810108041 -1.8640145942 -3.554703701 8.7213528848 
-1.9147337319 -3.8962583174 8.369902211 -1.8082405 -3.5545107687 8.4373140522 -1.9309290835 -4.1145370355 8.1228727001 
-2.0196887507 -4.372073062 8.0774283583 -0.26932747376 -1.4303167674 2.5690806296 -0.31124976727 -1.7941883301 2.9370124771 
-0.2710496142 -1.2101084795 2.3693853278 -0.2450376623 -1.1798270033 2.2744138343 0.074700700487 -0.16504674525 0.83191969417 
0.097123481047 -0.2362379069 0.98026180639 0.087646927255 -0.19846272388 0.95847965679 0.066465510633 -0.13302316005 0.88775174034 
0.048698753324 -0.094295595963 0.75850211627 0.033843569884 -0.058143207873 0.61488593094 -0.19784963332 0.32899314996 0.10330401228 
-0.23782026634 0.35213606259 0.10947432176 -0.23494603756 0.35363744733 0.02789519236 -0.18903409357 0.32166003504 0.038080444646 
-0.14125247824 0.26317520797 0.11671035369 -0.18893897272 0.30937033554 0.26266411234 -0.11787767642 0.21645092183 0.24785483186 
-0.24585719345 0.35908003689 0.23773839187 -0.29954741887 0.38555748534 0.17792770143 -0.29242075304 0.38315356448 0.082515951437 
-0.21575785752 0.34217364438 -0.043761249674 -0.25687178982 0.36501808389 -0.055488290247 -0.28738456279 0.38705645345 -0.0016021945718 
-0.80900776277 0.35470181202 -0.29660838185 -0.73238848405 0.38267111411 -0.28304985868 -0.87555377316 0.30704500064 -0.29036976031 
-0.89576757839 0.29561226978 -0.32475891633 -0.26166786434 -2.5714398316 7.8641572573 -0.44834372165 -2.6285968569 8.0885518319 
-0.17939697114 -2.5228244436 7.9369419696 0.029846777889 -2.5811024335 7.5976873059 0.10426901252 -2.5186563503 7.5417838998 
-0.362789333 -2.513336287 8.1804432737 -0.75946829215 -2.7692057843 8.4146877357 -0.66664323418 -2.6438732847 8.560492748 
-1.8525514606 -3.5109056074 8.8901987765 -1.9604712032 -3.7953883822 9.02618626 -1.7563380305 -3.2283605268 8.768807269 
-1.6994728035 -3.1708680334 8.4736680773 -0.29689671657 -1.2505919547 2.465246604 -0.34499308436 -1.6359822678 2.9236838363 
-0.27994071068 -1.0077802279 2.2056357802 -0.2692273833 -0.95852446418 2.009957068 0.1144724271 -0.35557561285 1.1258602139 
0.11365462678 -0.33327562894 1.1214603139 0.11342067597 -0.39573553886 1.2044682175 0.11457012059 -0.43515268053 1.2235859461 
0.1173421347 -0.44322207581 1.1839692088 0.11494200802 -0.37895656368 1.217911748 0.10927193452 -0.29443216229 1.1150824651 
0.10221209822 -0.25387420059 1.104558541 0.086601664981 -0.18888853904 1.0341399141 0.021972378305 -0.02880170853 0.74339138878 
0.032818945001 -0.04162076741 0.83210852044 -0.31527429847 0.40230512491 0.29602995705 -0.39061545006 0.46000441141 0.20288393749 
-0.41120675738 0.4761699612 0.080850760062 -0.19151379442 0.3139322849 0.36971127258 -0.2591576356 0.36706120488 0.34157495134 
-0.058110234518 -2.4015042123 7.7537388277 0.199645119 -2.4541603876 7.4581365735 -0.28111233726 -2.3484958184 8.0398014438 
-0.61147790066 -2.4184847043 8.6006308432 -1.7467122452 -3.182473984 8.9387342238 -1.8740450447 -3.5149941687 9.2186340018 
-1.6579066793 -2.8996948124 8.7622563372 -1.61772745 -2.8758096624 8.5671372958 -0.31418131362 -1.0437885838 2.2703197247 
-0.36191595424 -1.4325223152 2.8289684182 -0.2956615846 -0.80900751438 1.9525747018 -0.28998512636 -0.76852700166 1.7606848501 
0.10628308373 -0.47772026568 1.2886487855 0.10677364567 -0.44645666184 1.2896292391 0.10935834741 -0.43940331938 1.3139518697 
0.11452019515 -0.35726928905 1.2398077409 -0.14735711457 0.25686457915 0.51345159565 -0.20656781539 0.31716511752 0.44387162332 
-0.093290661177 0.17301956881 0.54868706686 -0.10629960232 0.19202808892 0.41585523795 -0.26249153931 0.36526798519 0.46515196622 
-0.32424299481 0.40260002654 0.40584403942 -0.19545652504 0.31546683898 0.57878581873 -0.10318618313 0.19885113843 0.77765975825 
-0.075387884589 0.15603782616 0.66655935579 -0.94844453305 0.21875374637 -0.36750474595 -0.91305353108 0.269018812 -0.35398758356 
-0.95052559176 0.24245861432 -0.32770322332 -0.97992384034 0.17676946442 -0.33773547419 -1.0126347728 0.14258924618 -0.3699517141 
-0.96780575667 0.19229388073 -0.39483451163 -0.90934391285 0.24327550686 -0.39643654565 -0.95056368714 0.2583143946 -0.27915542661 
-0.97331485056 0.20286348785 -0.292042109 -1.6410825458 -2.8316422533 8.8492932007 -1.7502467077 -3.1902982425 9.2797833651 
-1.5234643162 -2.5087739349 8.5341252245 -1.489750137 -2.5652225307 8.3488356875 -0.32573940925 -0.83500183831 2.0024564168 
-0.36933667827 -1.202665461 2.6409838422 -0.28591722386 -0.60621770747 1.642782455 -0.29916996592 -0.58660890812 1.450857574 
0.087922966382 -0.54120404673 1.3497794532 0.091364263323 -0.51752331191 1.3693099173 0.093651590024 -0.52688934697 1.4052898254 
0.11043192895 -0.44534694688 1.357693843 0.10850114776 -0.33374107304 1.2509394294 0.10049476609 -0.23993495086 1.1880042034 
0.10292170652 -0.43592931069 1.3805116646 0.106204818 -0.34152380275 1.3550314927 0.071967739832 -0.13587794424 1.0715564971 
0.041055888783 -0.062672440456 1.0954350696 0.061411854367 -0.16531041911 1.2846973995 -0.33747239073 0.4180778955 0.49794430418 
-0.42593440285 0.46780458266 0.40538647207 -0.41682441724 0.47096589096 0.32770471557 -0.27464539558 0.38829143749 0.59068849137 
-0.9177721842 0.25579559958 -0.22690546015 -0.98439367571 0.21707405306 -0.22102483456 -1.0131189837 0.12174614802 -0.28133536781 
-1.0114940641 0.15425350787 -0.23564205524 -1.0470649285 0.089418131961 -0.32339677257 -1.4924457508 -2.4688675645 8.6218553087 
-1.6342053916 -2.8645274642 9.1977801684 -1.3679108732 -2.1597046594 8.3177085395 -1.2851632579 -2.1534457949 7.8679320241 
-0.30251097763 -0.61846964031 1.6791296232 -0.3605309201 -0.96408179464 2.3799733108 -0.24404414065 -0.41173831363 1.2892508377 
-0.26556951649 -0.40484516209 1.1158385325 -0.31178173555 -0.6012808822 1.3684479438 -0.27100446503 -0.72828007339 1.5797768166 
-0.29429507095 -0.43067709452 1.0366755938 -0.28748803415 -0.57775044032 1.2851320725 -0.2932502967 -0.42925422699 0.91589467962 
-0.23960510643 -0.89670188284 1.8211198149 -0.25533221447 -0.69017704664 1.4323884532 0.060479613748 -0.60982957345 1.3883070745 
0.063743114868 -0.617649137 1.4192511725 0.064856656749 -0.632187943 1.4691557625 0.093083301046 -0.55434188609 1.459080603 
-0.34477461266 0.43212858611 0.61790022958 -0.4289975057 0.46906968795 0.51170200049 -0.27433055267 0.38406522955 0.750655173 
-0.1810307038 0.2940785625 0.78434404816 -1.0813834707 0.033812182194 -0.2697798756 -1.0654223069 0.074244327533 -0.2248710506 
-1.0923877081 0.11746011012 -0.15117388897 -1.0644910302 0.17880247959 -0.13818822321 -1.1189495781 -0.00071150518246 -0.30029330034 
-1.086813821 0.060113491767 -0.37399232431 -1.4853396402 -2.5096133268 8.9849419947 -1.3239258984 -2.1300736031 8.4131720339 
-1.1695261053 -1.8072131536 8.0360702072 -1.1465487051 -1.7922827764 7.6942883278 -0.25700565457 -0.4201755131 1.3165633176 
-0.32747782242 -0.72533456094 2.0555645888 -0.18846711796 -0.24998969558 0.91678915495 -0.2207904911 -0.25565152197 0.76103928242 
-0.26277166471 -0.29089672355 0.69763706252 -0.26996160439 -0.30163603269 0.59079609846 0.016739436349 -0.6771515527 1.3648762323 
0.02162016309 -0.68995497398 1.3855161136 0.054035518906 -0.62785272388 1.3688223926 -0.028692803087 -0.74809689795 1.3423474652 
-0.040970520926 -0.73493118555 1.2791524888 0.0040950861126 -0.68710552632 1.3150084638 -0.024261282697 -0.78712064746 1.3598192064 
0.024705623594 -0.73403834677 1.4323538795 0.023684211977 -0.75950160345 1.5011734174 0.061366170953 -0.67862993929 1.5371134889 
0.082538754387 -0.55509488489 1.5103115633 0.10045683865 -0.47946179206 1.4987082074 0.042751210203 -0.69430599303 1.6077894038 
0.073271103992 -0.59658061247 1.6009573995 0.079901198831 -0.48070628291 1.5948598166 0.091069545231 -0.37090174856 1.5197742508 
-0.36755711001 0.44249403356 0.80510683694 -0.42983264289 0.48253230016 0.65418091801 -0.27572978779 0.36877921091 0.93799676661 
-0.16417866204 0.2572601975 0.98229768778 -1.1463975711 -0.020248894946 -0.19019511754 -1.1599429446 -0.06965678531 -0.22893892768 
-1.1559037832 0.03801025455 -0.12768884063 -1.3575625515 -2.2091902707 8.933997969 -1.1676606853 -1.7944450899 8.2649131423 
-1.0185646746 -1.4424912075 7.6311839219 -0.95880267239 -1.406766993 7.1995582923 -0.19492631194 -0.25254898947 0.93222625421 
-0.26716707679 -0.50070122516 1.679257902 -0.12453225432 -0.12725470175 0.55282846594 -0.15720896355 -0.13735367831 0.42215621988 
-0.20852100828 -0.17505831701 0.36200681765 -0.22994530371 -0.19858708533 0.27406919106 -0.093036574121 -0.80122104812 1.1521159771 
-0.080775758474 -0.84370885858 1.2365182881 -0.079117756418 -0.90658215047 1.2833450061 -0.022920221056 -0.84909980393 1.3958936119 
-0.03188062795 -0.91898646633 1.4606631872 0.013146684974 -0.8204680093 1.5682529193 0.014844296167 -0.72835503405 1.7638884335 
-0.029379804393 -0.89420311779 1.6894501606 0.043984423411 -0.58056227572 1.7731022877 -0.35472754449 0.40762207913 1.1412947951 
-0.46232263525 0.48379899396 1.0072056643 -0.50641554298 0.52902544189 0.75980990712 -1.1834294144 0.10144576857 -0.060448866049 
-1.1429582687 0.1724742281 -0.052039171828 -1.2570085886 0.01555004325 -0.019430090609 -1.2517542205 -0.056315350989 -0.08214683366 
-1.2144006082 0.16180718709 0.018700859295 -1.2665098121 0.082538549568 0.047624069097 -1.2538766098 -0.1218561135 -0.14326757008 
-0.12456786325 -0.12560123371 0.55722481295 -0.19306139936 -0.3072455044 1.2595294961 -0.059278634483 -0.04484399889 0.22669288562 
-0.095574289517 -0.059693998207 0.12515876386 -0.1438514085 -0.092280822106 0.078022344924 -0.1759281565 -0.12135356097 0.0070215048904 
-0.28329259492 -0.32935375239 0.30497021509 -0.27930064989 -0.30369962182 0.15837546785 -0.27764181354 -0.35537652011 0.31882102035 
-0.27649435085 -0.39311054613 0.48311901682 -0.2761904173 -0.30415813948 0.37848319049 -0.26831809285 -0.26109913404 0.099755733051 
-0.27986854853 -0.39757799173 0.67182671339 -0.25079092571 -0.23732885723 -0.070241054352 -0.27082930973 -0.32462751593 0.12230551578 
-0.24927135436 -0.26407881342 -0.058596060552 -0.28047696304 -0.39625595884 0.3354024024 -0.27763468086 -0.44108293503 0.57233459319 
-0.21117200681 -0.81419838173 0.86301994345 -0.19372005684 -0.85890445079 0.86610639841 -0.15374941497 -0.81753315893 0.98978719619 
-0.1708811956 -0.77818051326 0.95022711389 -0.24910087276 -0.86104257183 0.70295138795 -0.26225610888 -0.79098373501 0.6289022745 
-0.22076172288 -0.73823617363 0.79344696296 -0.13851620311 -0.85324829543 0.99385765072 -0.23278172766 -0.92683157489 0.67498812921 
-0.18241715346 -0.93015405705 0.81683841823 -0.1068848757 -0.77049470319 1.1060311706 -0.13583604787 -0.96626796434 1.0835753765 
-0.14199726634 -1.0688694873 1.1488498373 -0.079555662816 -1.0026734895 1.287214304 -1.137392108 0.2253005265 -0.016763143202 
-1.191091501 0.21801386414 0.038194475666 -1.2801691592 0.14674890107 0.10081554084 -1.3407948473 0.060052148309 0.15025123128 
-1.3585650732 -0.0094671814628 0.10293790175 -1.3778392039 -0.08571438458 0.039480901064 -1.3900971342 -0.16623872501 -0.020483798719 
-0.051768004758 -0.041263791577 0.23561591367 -0.11382224622 -0.16096447544 0.85674185727 0.011030099342 0.0064662639544 -0.043952937557 
-0.03877954871 -0.014200888776 -0.12729339105 -0.09158409752 -0.045665940065 -0.16243823734 -0.12948936883 -0.075496831948 -0.21662688322 
-0.25061135401 -0.22504616197 0.14613546096 -0.22847671685 -0.19184344327 -0.12472750894 -0.20782922933 -0.17949265289 -0.26979337477 
-0.2289842877 -0.22265324749 -0.2816227679 -0.28374449439 -0.92994896283 0.50146144858 -0.29219749648 -0.83876761161 0.45778964981 
-0.26636541202 -1.0033237644 0.46872928421 -0.22122007841 -1.0130548288 0.61999390987 -0.18703748854 -1.070517805 0.90806127746 
-0.13451182854 -1.1448905959 1.207855982 -0.20188745132 -1.1830095805 0.96463971446 -0.18590435806 -1.2806070988 1.0609404256 
-1.2425731594 0.20361529876 0.12107007701 -1.328166913 0.12712137472 0.19342641019 -1.3795703169 0.038775286858 0.25083152879 
-1.4342302817 -0.036851482378 0.2316085983 -1.4820554031 -0.11596594065 0.16280390019 -1.4974226523 -0.20400099265 0.097077276748 
-1.5311678369 -0.30316906888 0.03143616489 -1.388090096 -0.22853823641 -0.092323492624 0.013027348154 0.0065153962879 -0.036283957544 
-0.036009586364 -0.062126015178 0.5010850536 0.059163207906 0.025622231591 -0.26144470576 0.013441166506 0.0086230970132 -0.32908844317 
-0.046741259073 -0.021646361621 -0.35807450146 -0.087851044296 -0.049454502164 -0.39945587837 -0.20750927624 -0.15606438835 -0.091835248253 
-0.18600062943 -0.14189239198 -0.31425401506 -0.17439787131 -0.14427301615 -0.43177901177 -0.21155475362 -0.1956282982 -0.43379391398 
-0.31386430101 -0.88622906959 0.29267080654 -0.31375241396 -1.0106890067 0.29434010397 -0.30149338109 -1.0925505739 0.25832355948 
-0.25690603197 -1.113531528 0.41084268632 -0.22807603001 -1.1550743548 0.6757736478 -1.2656958768 0.18668014523 0.20076778189 
-1.3463054634 0.11105820999 0.27967455791 -1.3983157473 0.027683866869 0.33603637746 -1.4562939997 -0.054985227348 0.35354179548 
-1.6083095642 -0.23731332263 0.23678057363 -1.5678766112 -0.14486394445 0.33418297736 -1.6456393535 -0.33325331195 0.18634487881 
0.060419342845 0.024554024378 -0.24993807538 0.029924516686 -0.0044503914274 0.19067515885 0.097946366795 0.027758936205 -0.44375796531 
0.050318166917 0.013040386652 -0.49365111164 -0.0035728166093 -0.009422551585 -0.51577219038 -0.045967614696 -0.032932281988 -0.54485557123 
-0.16914647804 -0.11310748137 -0.29242367219 -0.15896200091 -0.1170312806 -0.47008942015 -0.1513726906 -0.12374538819 -0.568216015 
-0.19322356211 -0.17226605844 -0.56099744361 -0.32059314823 -0.91542082238 0.072520547418 -0.32632177157 -1.0136056512 0.014117836893 
-0.29683818333 -1.2336846575 0.27254445004 -0.33369109129 -1.1892412864 0.078810443874 -1.2696949287 0.17249835303 0.26094809611 
-1.3513132953 0.10203997688 0.34231083392 -1.4828289513 -0.058764011936 0.43354564122 -1.4288631637 0.026304728789 0.42059259841 
-1.5723781065 -0.15265370097 0.4646791513 -1.7750087283 -0.38855550655 0.42223312658 -1.7008471945 -0.265437176 0.46572943198 
0.04876175246 -1.7812886831 1.3110226016 -0.012162925905 -1.7723667494 1.0850363717 -0.054704124188 -1.7656882567 1.1428320119 
0.026524695279 -1.7546215098 1.3794577656 0.16059947057 -1.7127286681 1.7478567299 0.08084600924 -1.7732558453 1.2547135574 
0.17620805524 -1.7278563227 1.7331019679 -0.11077142797 -1.7364721988 0.95191774906 -0.060607767842 -1.6990909287 0.87564818203 
0.032525104632 -1.6932501999 1.0171741015 -0.085839247536 -1.7542322753 1.2488462302 -0.16675686444 -1.7559996348 0.98516167569 
-0.36131947093 -0.49292997957 4.695101344 -0.2000763858 -0.33060775254 4.144713888 -0.27658893941 -0.48871658871 4.4112214059 
-0.46520328626 -0.69618559828 5.076925938 -0.55365916865 -0.74614011437 5.7320458198 -0.51307257006 -0.52435721891 5.56814143 
-0.34195225723 -0.33117778975 4.6602474127 -0.12828097936 -0.30607604832 3.7597449695 -0.16388992409 -0.15860414886 3.694201624 
-0.016254863063 -0.19038249941 3.1855820193 -0.19336834331 -0.41834469685 3.8155275838 -0.38977078619 -0.66677373908 4.7096947952 
0.1550063688 -0.096199897701 0.97795903789 0.18685402872 -0.037209163385 0.6595039711 0.18673740568 -0.05445334611 0.79786917222 
0.056241824485 -0.25271198577 1.7918827301 0.12906181556 -0.17903216892 1.5316395649 0.087835172486 -0.17209914813 1.3656428243 
0.19781153584 -0.08473531016 1.0107344492 0.22098754179 -0.0051010896952 0.43962460017 0.25102243669 -0.032660819418 0.5197129242 
0.25290869634 -0.0064443412685 0.27903267058 0.17347650571 -0.01047583212 0.45788332779 0.12537917093 -0.078533768495 0.89976451744 
0.10751274825 0.02765297086 -0.42272820405 0.10267544598 0.025975352333 -0.0620888541 0.12985934713 0.020605971149 -0.57830947467 
0.081318537711 0.0098281334476 -0.61563980627 0.024815770581 -0.0086263667894 -0.64196182293 -0.016332912707 -0.026260660935 -0.6503254726 
-0.1382237042 -0.089436783272 -0.45843907168 -0.13136710058 -0.098268637584 -0.60143081702 -0.13413386161 -0.10775357569 -0.66288191572 
-0.1792074454 -0.15199466622 -0.65231501284 -0.23339920942 -0.22835186704 -0.52582975189 -0.2408460838 -0.24958025134 -0.44222967012 
-0.22589118354 -0.20711259511 -0.6252117525 -0.23836213143 -0.26261892039 -0.53954694246 -0.22722627781 -0.23322105339 -0.61735487304 
-0.24077637939 -0.26429967237 -0.30986517661 -0.25028063943 -0.29109529726 -0.41514245052 -1.5130531513 -0.052277131398 0.53381939274 
-1.5878332913 -0.14589941636 0.55875815227 -1.3546194112 0.099064878094 0.42182459555 -1.4266215047 0.034691214807 0.51391288947 
-1.7004829639 -0.25626815746 0.61497021225 0.2643784001 -0.078453384557 0.9951893932 0.19346977443 -0.14732498067 1.4176280891 
0.21728762336 -0.11490004466 1.2476896664 0.26884350527 -0.064875631127 0.73936357016 0.32128129987 -0.040019407978 0.24550368478 
0.048876724902 -0.30658149524 2.3346040349 0.13326213136 -0.22671734482 1.9900819961 0.13066258304 -0.17932962947 2.0234973858 
0.23772294269 -0.098915860747 1.2060525899 0.14266069289 0.018937206115 -0.55920927792 0.15403964723 0.030825194381 -0.26012657783 
0.15084889421 0.0087178273275 -0.65974632768 0.10204272938 0.0027102901699 -0.69031760265 0.052861716858 -0.0078935876368 -0.70595213547 
0.0015209133855 -0.0240840259 -0.71831054752 -0.10059851412 -0.069466181623 -0.59071191898 -0.10968025647 -0.083822428994 -0.67943764585 
-0.11316053416 -0.086785839187 -0.7146590404 -0.16265254659 -0.12692015181 -0.70710707869 -0.2116118674 -0.17655325239 -0.67958287543 
-0.23163533595 -0.21343835225 -0.66457445328 -1.620406561 -0.12732200142 0.70717849429 -1.5517325478 -0.0078797558596 0.74426496842 
-1.7184128598 -0.23458555881 0.74644530595 0.053878849347 -0.013867256539 -0.76871691508 0.011943560676 -0.022081815245 -0.77072650493 
-0.075848566544 -0.0585086002 -0.67449949354 -0.093180459774 -0.070406903934 -0.73010602495 -0.10370048106 -0.069986507485 -0.76929408274 
-0.15033198474 -0.10144651099 -0.75673137975 -0.20272993623 -0.14649290877 -0.73216629304 -0.22173878491 -0.1770217184 -0.70894253854 
-1.6080215666 -0.0827773042 0.95098230641 -1.7096864965 -0.21201667106 0.9635668863 -1.8373111484 -0.33014614963 0.92855925965 
-1.8459481458 -0.36295960857 0.78000402376 0.15285505926 0.0030380203515 -0.64044459274 0.14319707361 -0.0074030448725 -0.73642277628 
0.17650768225 -0.010392063982 -0.69121701235 0.18424382961 0.019884188478 -0.41993470924 0.20928696658 0.0042973107421 -0.5141296075 
0.1318658803 -0.018606275831 -0.75901429179 0.10281042687 -0.0075930659468 -0.75409332681 0.091779995524 -0.01496331927 -0.78682478545 
0.059481536848 -0.013891368663 -0.80788701762 0.011731644116 -0.019279939626 -0.8075526184 -0.057654421403 -0.049659533888 -0.72889739792 
-0.079640531622 -0.056084505796 -0.7825068202 -0.097108258001 -0.04981697159 -0.79963375414 -0.14550474243 -0.072718739799 -0.79840220932 
-0.19112940689 -0.10656854321 -0.77620479409 -0.21527841117 -0.13856837248 -0.76576105313 0.059254994671 -0.010265782925 -0.80675378308 
0.026168496684 -0.0084727298621 -0.82033554077 -0.044180266047 -0.040465588161 -0.7843312777 -0.073437842197 -0.040623377197 -0.81251960745 
-0.091602939097 -0.027369722185 -0.81798757575 -0.13543113269 -0.041759811862 -0.82080160618 -0.18843496275 -0.064099449908 -0.8151105538 
-0.20572188793 -0.090368842571 -0.79712948521 -0.039827947469 -0.030491857049 -0.81367076179 -0.056779417588 -0.018326189563 -0.82285511221 
-0.081147329471 -8.6339014646e-05 -0.83283386374 -0.1042362305 -0.0031018496574 -0.83406293832 -0.16465179544 -0.025887474116 -0.83442826887 
-0.19385377838 -0.018856845541 -0.85099219299 -0.21887326569 -0.048367283059 -0.84485523968 0.065775386464 -0.017273448024 -0.78832474997 
0.050719043709 -0.0034757454423 -0.79925344148 0.030934715541 0.003359689608 -0.8163497675 0.058317376092 -0.011377696337 -0.80483599506 
0.11536872413 -0.022231435799 -0.7826685513 0.0144986502 0.015204640275 -0.81913037904 0.028883858377 0.0079597824199 -0.81541381511 
-2.1700477107 -1.7259403614 1.8244440676 -2.067728268 -1.8577377464 1.9129260063 -2.0191872476 -1.8177435127 1.3995058206 
-2.280605276 -1.5785951436 1.8560302744 -2.2713014792 -1.6090759931 2.3243955452 -2.0969771451 -1.6605180539 1.2497836933 
-2.1969226414 -1.7632786454 2.5472536901 -2.1037423754 -1.8346324448 3.3020087374 -1.9924885265 -1.9785007438 2.5649719669 
-1.9302616074 -1.9394742909 1.6231936905 -1.8483352829 -1.8978328007 1.094366754 -1.9078720564 -1.7287459556 0.82340342599 
-0.02089130616 0.021385976458 -0.83154348467 -0.0050270424209 0.0057535090913 -0.8250739462 -0.040882283007 0.026819360147 -0.8349776446 
-0.06233047961 0.048608917466 -0.84424925691 -0.036885083681 0.040630599852 -0.84054481397 -0.087046643441 0.05454333674 -0.84182053468 
-0.074847110094 0.027665358503 -0.83798176135 -0.039500852622 0.0057259242979 -0.82973934514 -0.020868418204 -0.012794754983 -0.81786172316 
-0.11260404342 0.056381167987 -0.83775236875 -0.12561792776 0.091564596041 -0.8584402392 -0.10013011035 0.084961873964 -0.85776110265 
-0.097772973763 0.028462636272 -0.83914226542 -0.12636023277 0.059787824565 -0.84303643994 -0.13941666084 0.09396490844 -0.85303032401 
-2.5759239591 0.25472151368 1.6336637115 -2.5865431459 0.22703222141 1.7789799001 -2.794730904 0.21081259385 1.8565697167 
-2.7163165032 0.28289418014 1.6231294205 -2.4388701433 0.2987877638 1.2939604244 -2.246976435 0.28766193439 1.2622469142 
-2.2573434363 0.28852187245 1.4673960868 -2.7311450509 0.15915039636 1.9417872671 -2.2521147568 0.27077507306 1.6308320818 
-2.4440277011 0.14501466585 1.86888811 -3.1599710119 0.25953306109 2.043283424 -3.1743203663 0.0697629546 2.40072352 
-2.6238697818 0.36532802769 1.2650122878 -3.0154639905 0.3844628471 1.6664672033 -2.1631424229 0.28361128941 0.99355946896 
-2.3523936624 0.34278157381 0.96172950179 -2.0012550854 0.27180268782 0.99457736031 -1.9542501476 0.30133410855 1.1592289023 
-2.0838915322 0.30429665794 0.68613415053 -1.9614824623 0.25991119218 0.74303750322 -0.85134956294 -0.16219953754 -1.4634142322 
-0.92819085578 -0.27985201926 -1.5479463503 -0.74110993241 -0.35808749566 -1.3812355537 -1.0265378221 0.027053864472 -1.6149125341 
-0.69852145379 -0.24465331746 -1.358676068 -0.72037930662 0.018712152338 -1.3956016664 -0.88525048145 0.19833491341 -1.5470365195 
-0.80537525537 -0.49118722898 -1.5220541469 -0.98849114544 -0.52493335465 -1.6688150357 -1.196886562 -0.039700676044 -1.7822424988 
-1.1502894133 -0.41762862837 -1.7159819246 -0.64848102964 -0.52663168311 -1.3696204969 -0.61910853995 -0.40392833031 -1.3127793473 
-2.5037052489 0.41577630212 0.89930137139 -2.662334563 0.45626259314 1.1285089792 -2.2538487808 0.3647436959 0.65531207729 
-2.0169005647 0.31393829913 0.41359693846 -1.9171398645 0.26548845811 0.47630513729 -1.4718378236 0.10098270337 0.46235890577 
-1.4721294358 0.062360572735 0.35625858789 -1.3965016546 0.0041503221388 0.48840455621 -1.667014645 0.17977579488 0.35058009985 
-1.3930092627 0.057770388207 0.58840118774 -1.4902343305 0.13874681724 0.61361744446 -1.6801050559 0.182650823 0.5615853238 
-1.4278790891 -0.025624549026 0.369762963 -1.4971212851 0.050831997124 0.21575022034 -1.6483569688 0.16439406763 0.19066643626 
-1.3516957217 -0.080496437949 0.50556690261 -1.3308163368 -0.030000243793 0.62259057248 -1.2984630614 -0.15679574198 0.47168507338 
-1.4079182473 -0.023803142075 0.20185549922 -2.3723884977 0.42886991811 0.57772071251 -2.5288375918 0.49928307883 0.68979994024 
-2.7377081675 0.49641819898 1.0186698213 -3.3298244869 0.47192603725 1.7871386628 -2.1432381635 0.36818661294 0.35685477938 
-1.9536104745 0.30957894028 0.18408590246 -1.8772155946 0.26577931434 0.24842474867 -1.62432592 0.14767288902 0.043428491182 
-1.499348453 0.056929288071 0.044669718276 -3.7868811788 0.3580544595 2.4499601737 -3.6931740415 0.49637555447 2.1602806857 
-3.4685510832 0.37400061066 2.1145660196 -4.2139029957 0.46435446056 2.7372544395 -3.6398162466 0.20854860006 2.5156194538 
-4.0817893739 0.090313797693 3.1430647123 -4.37290615 0.23566301343 3.2233306254 -3.5576701385 0.62709880979 1.6924581366 
-3.9895803897 0.64715452064 2.1919002462 -5.1202151602 0.61878676056 3.4889924471 -5.5687693365 0.22472901545 4.3854886966 
-3.0231299153 0.57345391034 1.1360909065 -2.4341087002 0.4903564256 0.44482858669 -2.2711682092 0.41993264639 0.29611712978 
-2.6942949387 0.57881114354 0.59479302726 -2.0504036375 0.35479906013 0.11632399625 -1.8841085056 0.28774899612 -0.0045160176947 
-1.8254464453 0.25347241831 0.058845795841 -2.5926493824 0.56987839438 0.31186081163 -2.3115070192 0.46544017334 0.1889123227 
-2.1258658887 0.39611697204 0.037083256434 -1.972417283 0.3261598755 -0.073899162031 -1.8298326279 0.25645808422 -0.15668884698 
-1.7289349663 0.2181382117 -0.083626834965 -3.3898235979 -1.4294477368 -3.1776222305 -3.979932723 -1.6176141192 -3.3101993416 
-3.715312062 -2.0765455195 -3.0910495485 -3.548133646 -0.73693733674 -3.3247721552 -2.5116233199 -0.93241833904 -2.7571636183 
-2.7590013146 -0.42799669009 -2.9122485183 -2.8510612544 -1.5075886347 -2.8276630407 -4.493888815 -2.3019007161 -3.2646373468 
-4.10821814 -0.8233577233 -3.5483753059 -4.7757799988 -1.6936424072 -3.6101439279 -3.4250353369 -2.5363076735 -2.8157089617 
-4.4226632506 -3.2999515438 -3.0197875489 -3.6079639712 0.28098867969 -3.546556489 -3.0354710019 0.4907253569 -3.2816310299 
-5.9340616986 -3.1833894926 -3.6484744412 -5.9373006074 -4.1184585225 -3.4080067909 -2.2067724842 0.43961500666 -0.039259617962 
-2.0537397024 0.37121620626 -0.14984198184 -2.4777291968 0.52896783981 0.11513828502 -1.8870136284 0.29482041213 -0.25126554695 
-1.7677986262 0.22156402083 -0.29163573185 -1.6512125997 0.1890724785 -0.21318356797 -5.1517912541 -1.1896439813 -4.0370170097 
-6.7775202633 -3.3913805316 -4.4676372304 -2.4822645843 0.53371654104 -0.094861112668 -2.1674496936 0.43353411577 -0.26071397509 
-1.8196519228 0.25562451483 -0.39537823739 -1.9339542044 0.33399619754 -0.34259904594 -1.6948946923 0.18396427519 -0.40329792226 
-1.5949772252 0.16059090022 -0.31715931447 -0.33858717698 -0.57680898642 0.57720401876 -0.43009968699 -0.60002364209 0.6615902595 
-0.49350190996 -0.42715201844 0.32668285491 -0.40247103546 -0.41556850325 0.30228246487 -0.20167715674 -0.49926191304 0.49693592645 
-0.29560051373 -0.80534665008 1.0534308901 -0.085566285979 -0.70553251842 0.9403465047 -0.41045607291 -0.86330215748 1.2893935121 
-0.56013337788 -0.47154228806 0.4443070529 -0.55963163584 -0.74998575473 1.0030438511 -0.52876182932 -0.30011633867 0.13327531911 
-0.62493202177 -0.30896206894 0.14373311976 -1.9274939364 0.31079928619 -0.48002340422 -1.813274312 0.26607705935 -0.5402255289 
-1.7067702758 0.21224062245 -0.537052601 -2.0635831635 0.38569822516 -0.43580284302 -0.47859603896 -0.2209244374 0.010225555261 
-0.2929165432 -0.29096146872 0.16682893695 0.056153376456 -0.39751803901 0.51572732705 0.13478548996 -0.50289882103 0.74126481012 
-0.046440676066 0.32707100631 -1.0692005593 -0.068660670105 0.27473543115 -1.0215465156 -0.075026060374 0.28864021227 -1.0425251684 
-0.025147321501 0.34004414433 -1.0956536077 0.011669011031 0.39730530302 -1.1492859163 -0.059255361137 0.30015117528 -1.046297393 
-0.014539753589 0.39033496734 -1.1604762925 -0.10070316877 0.24523613439 -0.9991465461 -0.09104205935 0.23611857073 -0.96732156891 
-0.057494151181 0.29080932088 -1.0666254395 -0.1000406699 0.25513998013 -1.0185657028 -2.1158632768 0.36821430423 -0.59213396402 
-1.9147399789 0.30107745378 -0.65057420588 0.0045993283956 0.33670223901 -1.1278444289 0.051275262044 0.40674541347 -1.1851402351 
-0.075626722834 0.24443262798 -1.0209072525 -0.030553838863 0.28175418117 -1.0739037833 0.093657907201 0.4854982262 -1.2458113001 
0.067683724141 0.48932498227 -1.2698663933 0.043674502055 0.3193463963 -1.1176027342 0.11086167764 0.3787755363 -1.1904045756 
0.16615332985 0.50980428067 -1.3028154036 0.19057330574 0.45879882762 -1.296590178 0.20102607805 0.59619681608 -1.3519045727 
0.15614013892 0.59118993679 -1.3421463291 0.23902074963 0.68915720544 -1.4200405923 0.17209245945 0.71443691871 -1.4266272484 
0.26552134237 0.8208233196 -1.5396559485 0.30944575343 0.66878993651 -1.4380806351 0.074094349909 0.57391412468 -1.3155401011 
0.29580936198 0.59385923905 -1.3920705312 -3.2077595483 0.79366362166 -0.34470504609 -2.8836995149 0.65925542001 -0.43844202913 
-2.9553057276 0.70226486473 -0.17186588957 -3.0397094958 0.71351812557 -0.6509248811 -3.822614157 0.96500005957 -0.1865256971 
-3.8355817371 0.97132392526 -0.47995346293 -3.3843187805 0.83519602125 -0.79804006106 -3.3695782055 0.83667986479 0.10439709345 
-2.7676718472 0.60178851617 -0.36581680102 -2.7923001303 0.61849322946 -0.84926565073 -2.6657085375 0.56544028848 -0.65410006778 
-2.7393970672 0.6314870756 -0.179132163 -2.8863423593 0.70650440791 0.013580995325 -2.4108506045 0.51301617024 -0.36041290168 
-2.3603904744 0.46116042063 -0.4762506198 1.012118215 -0.61189731298 1.6835119651 1.2549030188 -0.68193240629 2.3804102682 
0.80785001779 -0.53500945605 1.2901540621 0.67948878548 -0.48915512838 0.98671919354 0.71753844099 -0.52091060164 1.0684785519 
1.3525153332 -0.71047888616 2.6151969632 1.0373573302 -0.63730441086 1.7649595148 1.562521325 -0.77759722625 3.5335898987 
1.1146205806 -0.57412483198 1.9213611171 1.5617717172 -0.77592587827 3.1510612913 1.9371981233 -0.83871626114 4.5246069207 
0.67797807985 -0.41003126825 1.0245591335 0.46944910065 -0.39227536235 0.65323328064 1.0325755226 -0.66358703165 1.8545435886 
0.94817123991 -0.64489753759 1.5519293522 1.10244008 -0.68518401193 2.1827617021 1.2032640731 -0.72572181256 2.6171879852 
1.2147291562 -0.71161312915 2.3991847949 0.69940440801 -0.560035903 1.0153327087 0.92041802136 -0.61050447109 1.5254167752 
0.67187811958 -0.54809768125 0.92410701807 0.90276459066 -0.61650265779 1.579525894 0.61092980472 -0.51660312945 0.80711268146 
1.1136344848 -0.70382367766 2.3846986282 1.1904985314 -0.70998431708 2.8585761023 0.3527612997 0.53662187684 -1.3915267832 
0.37378525668 -0.4179952492 0.45962265359 0.26789749028 -0.33319133444 0.3231735954 0.42418113586 -0.4526126537 0.52621359539 
0.68637021176 -0.54011614576 1.0380535433 0.43592503922 -0.43472197507 0.46423928842 0.36034140184 -0.42511569993 0.37096517634 
0.29268386278 -0.38779053903 0.23799647362 0.50076974905 -0.46492051692 0.55479147861 0.2976186492 -0.40539796999 0.16151993686 
0.24013924524 -0.38233938995 0.10235974691 0.61876888804 -0.52020319024 0.83248944575 0.49537877395 -0.45161283774 0.54450887001 
0.33271157418 -0.40781123975 0.20048211632 0.81012396268 -0.54714497903 1.4440338443 0.62132217877 -0.49053019372 0.86823439675 
0.29236320075 -0.35889751795 0.14337720345 0.37084743558 -0.37936206943 0.32735851778 0.050450378486 -0.085824921452 -0.28025825054 
0.037065361684 -0.066471603364 -0.35756211035 0.030002744965 -0.053578322031 -0.30770463851 0.066168526062 -0.10585726709 -0.31938059441 
0.092761750759 -0.13006721847 -0.21159305498 0.051354374053 -0.074399605033 -0.21135508277 0.1023009804 -0.1231239526 -0.12874411143 
0.051134062734 -0.082312783563 -0.39461729598 0.0079535143553 -0.029065203629 -0.42308196104 0.03713872637 -0.054233940894 -0.45666847221 
-0.0013073975178 -0.018341327276 -0.42234067616 0.023465226775 -0.043895713165 -0.2990227444 0.51337452729 0.60483015203 -1.4956122865 
0.18509500198 -0.38181111076 0.13222434356 0.11303460309 -0.32848958519 0.064518981709 0.50578604315 -0.49605498965 0.65690488593 
0.26340284749 -0.41623342112 0.22107733215 0.14584266371 -0.36324106301 -0.10415115332 0.18109383561 -0.35820848791 -0.071297331795 
0.12074345994 -0.34074640183 -0.046459014135 0.076293487352 -0.34632607911 -0.17076492262 0.20331791335 -0.34176765853 -0.047805543271 
0.10674838332 -0.16261913073 -0.21533137368 0.099318985817 -0.14592947979 -0.27044664778 0.13245366974 -0.1663594867 -0.11360435006 
0.11095543293 -0.20025258219 -0.27128641405 0.096769891633 -0.16761506285 -0.29435001745 0.16643141353 -0.22142462559 -0.11719468033 
0.083490065231 -0.14339334531 -0.32695257297 0.068704579829 -0.11651570858 -0.3762098772 0.064598128464 -0.097365952744 -0.43930920397 
0.055028335849 -0.069139418111 -0.48928329451 -1.1657661729 0.22882864243 -0.87862102664 -1.0848812268 0.24869751334 -0.92755730122 
-1.0682567121 0.19650619882 -0.80972294918 -1.3533313449 0.25690360673 -0.9662844885 -1.1828906233 0.28224046754 -1.0129316637 
-1.3571360515 0.18367742722 -0.80345746622 -1.1868306475 0.15794004791 -0.74017949533 -1.0769735501 0.28191249628 -1.057652068 
-0.9463994206 0.24411733973 -0.88310483244 -0.92277971856 0.27213930366 -0.98897691769 -0.88133966596 0.19549919422 -0.75313132092 
-1.0404914633 0.15746361149 -0.73132220393 -0.016134542495 -0.30442379661 -0.14507420344 0.027026299337 -0.34695116651 -0.1347490928 
-0.0089007518595 -0.30590409352 -0.23779737493 0.067117010317 -0.33703469525 -0.099153191474 -0.038942990963 -0.3108005576 -0.33058776569 
0.013261793178 -0.31694751019 -0.30160385063 0.064917545106 -0.31648242682 -0.25587065117 0.10825996111 -0.31360099902 -0.21713551871 
0.1286388462 -0.2911143519 -0.19717438198 0.18811682061 -0.30406216061 -0.074117152954 0.16574759416 -0.27468535453 -0.13977994501 
0.23953379448 -0.30333023797 0.005002817049 0.25192443192 -0.32056441866 0.068592397384 0.097441431051 -0.25363045472 -0.26592207987 
0.11947407497 -0.24560274486 -0.26481003352 0.16226880441 -0.25489819453 -0.17472611107 0.29184136433 -0.29648482205 0.13967434036 
0.32579436757 -0.32623229567 0.22623369535 0.074750088716 -0.12862058576 -0.41778608041 0.083435655034 -0.11600279718 -0.48046536778 
0.081430690167 -0.089561741634 -0.52830592019 0.064839552031 -0.05068216209 -0.56860525437 0.038126779475 -0.033903855842 -0.5489114739 
0.075667050302 -0.028193778414 -0.60448184293 0.099671398018 -0.072769046467 -0.59322192286 0.11126320836 -0.047076771531 -0.62382099911 
0.051233447348 -0.015044616739 -0.61481980383 0.0084830349724 -0.01406366086 -0.54158931352 0.12018996442 -0.013577237647 -0.71818164061 
0.081378660851 0.0040674550054 -0.71507546188 0.12589560283 0.077559502118 -0.87866626261 0.17987661545 0.11077335029 -0.92198099899 
0.14208062541 0.12355360186 -0.90993496943 0.073651702642 0.046141702262 -0.78065953547 0.10945292663 0.034271759276 -0.78932377299 
0.18019989345 0.055692501657 -0.86750963694 0.076044958936 0.089993046503 -0.84664510251 0.26536317947 0.079743683896 -0.93382552312 
0.2883150129 0.12071819109 -0.96233044238 0.23892895137 0.15927027615 -0.98500179799 0.076755081478 0.1418147144 -0.90501321581 
0.1432547164 0.17908585117 -0.96229288073 -1.3634760864 0.31345340638 -1.1103409191 -1.1635176099 0.31415903593 -1.1515558672 
-1.0460246954 0.28382956139 -1.1940763751 -0.90575136564 0.26721576012 -1.105112594 -0.31629604386 0.3169253602 -0.63930305255 
-0.24861407809 0.34453824801 -0.66577131642 -0.23319572805 0.33854145738 -0.57858449325 -0.33300869046 0.32707952621 -0.73420347798 
-0.34032715356 0.25184365082 -0.53227653036 -0.46234640913 0.21044588415 -0.56549081887 -0.49676713206 0.27106727824 -0.69932516908 
-0.25948444599 0.33225874009 -0.77520249483 -0.18972294195 0.37299134505 -0.73220479042 -0.14580106204 0.39578242349 -0.6299581209 
-0.21796933753 0.29811283897 -0.47991415245 -0.13222241045 0.39096098916 -0.54896051566 -0.1156953372 -0.28845389184 -0.38068602524 
-0.080897860988 -0.29553534289 -0.30249828297 -0.12695102538 -0.27134943265 -0.4225105924 -0.071226293315 -0.28142993529 -0.40147642818 
-0.015584836653 -0.29588985264 -0.37800553239 0.032841665821 -0.29744385899 -0.34654619905 0.065017276235 -0.28294803389 -0.32435783275 
0.055706325289 -0.26071472013 -0.37247427183 0.086121291636 -0.24616186739 -0.34898025872 0.10141519769 -0.22586501773 -0.34653706689 
0.10816201755 -0.21890029477 -0.31315100809 0.092381173414 -0.18096478819 -0.34020098854 0.088575794967 -0.16014094946 -0.37495188507 
0.092968138896 -0.19485868031 -0.37919594195 0.10012370051 -0.18248659012 -0.42707233563 0.096891041902 -0.15387104968 -0.45763948147 
0.10987269176 -0.13994375391 -0.51118710515 0.11314708252 -0.11357945477 -0.55645856262 0.14588077575 -0.10338957279 -0.62063087938 
0.15880031636 -0.073486840243 -0.64650426418 0.18201201817 -0.041899156396 -0.74541930387 0.16010812763 0.014074314578 -0.79226538791 
0.24304328511 -0.020500916937 -0.82112153312 0.26719606585 0.022838127281 -0.88284884795 0.35252921525 0.042682379968 -0.97306538327 
0.38807541112 0.089035637966 -0.99567639053 0.44777189966 0.13007744222 -1.0698476024 -1.1223682562 0.31798842184 -1.3076434744 
-1.3318982943 0.35483168465 -1.2761895526 -1.0168210113 0.26093387009 -1.3486338531 -0.88259359286 0.2468469475 -1.2504543753 
-0.56207945116 0.29800060862 -0.84145342253 -0.34199440866 0.30676975635 -0.83703815974 -0.25690501956 0.28902817704 -0.87135314884 
-0.15464148537 0.34973743631 -0.82163820918 -0.1912399105 -0.27198711232 -0.43327059664 -0.19304673069 -0.26324269167 -0.46132030805 
-0.18231054195 -0.26031951467 -0.48475240376 -0.12604229112 -0.27991000155 -0.47533967302 -0.071534260987 -0.29128519493 -0.46031027226 
-0.023508258359 -0.295521378 -0.44464223703 0.012551919425 -0.28020678627 -0.42311032947 0.015213783262 -0.2602638849 -0.45048276506 
0.052424540835 -0.25178157492 -0.43506437971 0.079717424722 -0.23600738676 -0.42982201372 0.090350646639 -0.20913708384 -0.43483185095 
0.099303795374 -0.19199665364 -0.47048074 0.11676042778 -0.17666987833 -0.49505001986 0.14341253298 -0.17085314774 -0.54762391404 
0.15473391194 -0.14633268593 -0.58815469482 0.19787719219 -0.14063419707 -0.65085005285 0.21481320638 -0.10830249623 -0.67461002555 
0.2421230584 -0.073536844956 -0.75260969988 0.33790704868 -0.078903144994 -0.85376999492 0.36090129019 -0.011610621461 -0.92824935664 
0.48533589648 -0.014989036853 -1.0413633596 -1.0805637214 0.28782332807 -1.4774113766 -1.2647160252 0.3602295861 -1.4712684767 
-0.97978514633 0.23665553073 -1.5308940393 -0.879251678 0.23073853857 -1.4485547354 -0.56590424358 0.27438645464 -0.92434510762 
-0.35126212662 0.26765074441 -0.94261842845 -0.27071446188 0.24452971039 -0.98169672543 -0.208475924 0.26139073938 -0.95392180398 
-0.13708103656 0.31484942962 -0.8932558488 -0.25426235202 -0.22449342573 -0.45210507018 -0.24688130771 -0.25117427719 -0.48721166097 
-0.29097927612 -0.20912622501 -0.49310856247 -0.13870167371 -0.27397223888 -0.33435335229 -0.21651448283 -0.22053291839 -0.37651759985 
-0.30273301981 -0.17679618958 -0.45538633937 -0.23850883879 -0.23438509234 -0.50824574824 -0.26492876284 -0.19890712008 -0.50469631283 
-0.063827450133 -0.29002999363 -0.50519223166 -0.10175969523 -0.28959929417 -0.50739412376 -0.14929929572 -0.28278676482 -0.50305133058 
-0.020736750073 -0.28075091756 -0.48255465108 -0.0019202693533 -0.2654210094 -0.49229157153 0.027033626232 -0.25538391144 -0.49082726557 
0.064354040507 -0.24619220295 -0.48802544466 0.086048270398 -0.22261587567 -0.48966358496 0.10570811143 -0.20567735895 -0.50821430884 
0.13096575439 -0.19329887966 -0.52633393078 0.19797734747 -0.18223693696 -0.62623267663 0.18183261557 -0.2049508765 -0.58350386563 
0.25032727879 -0.18056245704 -0.67926434591 0.27179504847 -0.14870078364 -0.7091916415 0.29960519595 -0.10959907101 -0.76748309446 
-1.2125765561 0.33003179462 -1.6563165826 -1.0348831974 0.25965730667 -1.6879667611 -0.92694234292 0.24214048895 -1.7479212311 
-0.88230913496 0.23218976127 -1.6683123675 -0.53847260927 0.24094148282 -1.026417557 -0.37399531514 0.22776573558 -1.0677667244 
-0.29499618126 0.21818022857 -1.1118621609 -0.22199032366 0.24371562968 -1.078502508 -0.25637363233 -0.14437488317 -0.46369115012 
-0.32567362425 -0.12871034697 -0.47265370106 -0.027389639337 -0.28180671394 -0.50884348099 -0.055565667036 -0.2809232478 -0.5046375343 
0.01299522896 -0.2733161517 -0.49828252616 0.028659786892 -0.26225148889 -0.50955129938 0.055991503212 -0.25126278678 -0.52046738232 
0.089262460852 -0.23694918484 -0.52538737541 0.12455889388 -0.224407919 -0.54577006979 0.15424853777 -0.2116290053 -0.5534104949 
0.25441331214 -0.22593641029 -0.67166534055 0.3334565878 -0.19724059403 -0.74155612095 0.32912499429 -0.25163904555 -0.71121777283 
0.37107691975 -0.16884596134 -0.7974096544 -1.152431118 0.29470709567 -1.8685052541 -0.9837331492 0.25878217582 -1.9299032528 
-0.84664285627 0.26608798716 -1.9843925543 -0.79127559626 0.25544755135 -1.8340632023 -0.5432447074 0.20918289148 -1.1517586374 
-0.38235625399 0.21164792384 -1.202886284 -0.3006116035 0.22572398789 -1.2503363841 -0.22666091715 0.25032090174 -1.2136559627 
0.080265398572 0.39358213687 -0.83402576277 0.16422222558 0.40481115309 -0.83807900955 0.14261378108 0.44419785982 -0.77439821131 
0.12030391252 0.36144952607 -0.90036245738 0.031061307022 0.43085967007 -0.76172774497 -0.035362934293 0.31797453744 -0.9172024357 
0.19312211947 0.38950315711 -0.90978871344 0.21303404227 0.46763335951 -0.79935630605 0.25483400704 0.45232689256 -0.86741482799 
0.21712915458 0.52008120947 -0.72457316191 0.13937573428 0.50799421378 -0.70000880355 0.25634548692 0.83623399674 -0.44975752389 
0.29502971687 0.83073942403 -0.45958215426 0.19635577633 0.83574055251 -0.41209969716 0.32437655374 0.83630598867 -0.50554130918 
0.37227869064 0.84150110523 -0.50421332378 0.23577926722 0.84797303995 -0.43023874161 0.16436253272 0.82634120217 -0.39108127842 
0.41267137273 0.8626569264 -0.50774260928 0.2200026193 0.81176938437 -0.42820038783 0.35158892325 0.86394101933 -0.46215927994 
0.11351453303 0.77634339515 -0.37763267641 0.095239757892 0.79861802106 -0.36261301143 0.12559167653 0.73878141843 -0.40312038329 
0.036544548868 0.70372048665 -0.34396675654 -0.0081150688937 0.70931623747 -0.34356944996 0.25077851463 0.80149385168 -0.43005689007 
0.18342090253 0.76104584253 -0.39619741386 0.070174536674 0.70274876807 -0.370127722 -0.083513296099 0.62938996879 -0.31805712759 
-0.052639857668 0.65177687133 -0.34910811426 -0.0018879886466 -0.27371110235 -0.49196863919 0.05081367115 -0.2605206382 -0.49785769776 
0.03716511809 -0.2676252359 -0.48374542844 0.069392945069 -0.25073892886 -0.51231532993 0.099494347356 -0.24503259886 -0.53644466977 
0.14291460554 -0.22782321945 -0.55042045544 0.18692265109 -0.22698893414 -0.57983042102 0.42888045454 -0.22797464931 -0.80398927391 
0.40007184423 -0.25416991957 -0.7568779304 -0.54433174318 0.20533160431 -1.3072841399 -0.35466763633 0.22930308398 -1.3643542805 
-0.20141792844 0.27085157122 -1.386405244 -0.18629558646 0.27400776662 -1.3002119889 0.1485001819 0.35181657097 -0.97383613346 
-0.040506054904 0.29480603613 -0.992188797 0.22994801176 0.3900612162 -0.96267352848 0.2728427572 0.43747447251 -0.92325189287 
0.42003297003 0.82496139151 -0.57394107211 0.48354946195 0.86568526345 -0.55440624697 0.51909058605 0.89904986257 -0.53442489341 
0.46833732083 0.92016320163 -0.50056648291 0.3191247098 0.83881233254 -0.38154180351 0.41004549082 0.90303012207 -0.43001603305 
-0.22819759181 -0.055316572726 -0.4226161523 -0.27339873032 -0.02571877937 -0.41217442523 -0.21178918937 -0.0023321132638 -0.40102015989 
-0.1709663098 -0.047485213889 -0.41068202831 -0.17898045636 -0.11374143066 -0.42540345356 -0.28843215843 -0.075356205449 -0.43833708069 
-0.3343092307 -0.028224654278 -0.426143841 -0.33032118405 0.0082204289657 -0.42138523812 -0.25927383058 0.017375793943 -0.40728171285 
-0.16349989587 -0.0060052237479 -0.39113121568 -0.19110608616 0.031148100136 -0.38435080023 0.10050108467 -0.25353102786 -0.50044617365 
0.0883959555 -0.26093065892 -0.47348576306 0.1223057753 -0.2480811744 -0.51970616734 0.16960906224 -0.22577501567 -0.52034025557 
0.21546111357 -0.23042702333 -0.56723542504 0.19191738962 0.36043598665 -1.0281379729 -0.033336676231 0.29744833348 -1.1031139582 
0.29287464696 0.40496632195 -0.998667846 0.32676698203 0.44663719792 -0.9507142622 0.40862302401 0.50853017256 -0.8732333082 
0.38202067638 0.51676492704 -0.8499629237 0.48821961308 0.81393297027 -0.61991685428 0.57146080778 0.88417718177 -0.57877255787 
0.63423544522 0.94542981559 -0.51911421943 0.571875182 0.94511480783 -0.47450983934 0.50637388578 0.93998636047 -0.43405914951 
-0.12480782544 -0.034767370399 -0.37259213845 -0.10835992088 -0.12183692751 -0.37488326054 -0.099431783026 -0.18845517052 -0.39514737192 
-0.18462453316 -0.17534781119 -0.44515855828 0.15981222945 -0.25873492198 -0.49746793997 0.15202470726 -0.27661203812 -0.45604822961 
0.076717030077 -0.26829160947 -0.4447245582 0.13828999057 -0.29146638576 -0.41347783732 0.21143990336 -0.26431096209 -0.49977615483 
0.26550667023 -0.26442776298 -0.54919267532 -0.027180026249 0.32367722384 -1.3403438126 -0.065407442401 0.31547305288 -1.4527070734 
-0.24280092056 0.28255714745 -1.5675551238 -0.36118409715 0.25832387526 -1.5617111395 0.024259816281 0.32989392061 -1.2482348272 
0.17331893917 0.37062768526 -1.2141344804 0.17748212776 0.37755278486 -1.3502675117 0.00099944744228 0.31552426861 -1.1823746291 
0.22166015656 0.36823795844 -1.080789815 0.42565860675 0.46968723899 -0.95703377097 0.36458720885 0.42532795054 -1.0432115891 
0.49380415507 0.52805803024 -0.87204687918 0.57532732451 0.6031152143 -0.78180135997 0.49680649631 0.58743948849 -0.80050259994 
0.34397880131 0.53648850633 -0.81505503428 0.43468894205 0.58543544435 -0.80110659488 0.20798043616 -0.30614019498 -0.4490626437 
0.62975925268 0.56349326022 -0.83498387641 0.56745243827 0.51407658813 -0.93495387219 0.37774545762 0.42727303774 -1.1576890406 
0.52454369016 0.48349958474 -1.0361964316 0.68771871071 0.62885258306 -0.74410911845 0.8300627671 0.74517319522 -0.6115265284 
0.70980277838 0.72094838972 -0.68267128962 0.62398915668 0.99847718486 -0.38788848333 0.70073142298 1.0080052277 -0.43105724844 
0.74310654513 1.0573385376 -0.34360765931 0.71058507866 1.0645389313 -0.17026929678 0.56561783214 0.97704883701 -0.29570506315 
0.46631072119 0.93187220601 -0.34624147639 0.84746213965 1.0631252 -0.36539788329 0.77102815929 1.0046848364 -0.46045437978 
0.19927420004 0.69424391226 -0.23628025618 0.21383607237 0.69937136633 -0.1833950117 0.13399698953 0.63896776229 -0.22849719354 
0.29644228852 0.7711792785 -0.19444102057 0.15671919125 0.69119533925 -0.31475505705 0.26815432054 0.76227407033 -0.27524585246 
0.10768905732 0.65152863983 -0.28196885469 0.15978910483 0.66268636609 -0.17780642268 0.31551918577 0.79559253019 -0.1119325247 
0.24286426667 0.74050579556 -0.098771276161 0.060541956848 0.60861982761 -0.26134107492 0.077618874292 0.58627094698 -0.2260242106 
0.4160234899 0.86968776361 -0.19012515928 0.42182959646 0.86787568078 -0.11424116785 0.16013967059 0.60786564728 -0.085802404877 
0.12051142955 0.57660521302 -0.11644093545 0.84131026133 0.67326515958 -0.67778311635 0.98744790791 0.78563517454 -0.50511505161 
0.85889030036 0.62321234879 -0.74547229888 0.47880814989 0.93496848444 0.10760197642 0.36168168133 0.79927073705 0.13243321203 
1.1534864435 0.75160591975 -0.5156725081 1.1863608901 0.8409360173 -0.38777169431 -18.093879356 5.0639036468 4.2889517101 
-20.095705462 -1.1420337927 8.6744643383 -21.259551439 -0.88315540844 7.6851873812 -10.434497538 3.4650187051 -0.14256348598 
-11.9643368 3.8517715486 2.030873948 -15.419268098 3.6935478067 5.2415465414 -15.214149582 5.0717075061 0.92294873841 
-16.070144405 0.6027261521 7.5466730924 -15.921577951 -5.2101563237 11.499598958 -15.500906414 -7.1866768175 11.356274296 
-22.869576506 4.1071057955 2.3058545462 -19.822059896 -6.306553152 10.077015741 -13.101613983 -8.253500679 11.340994064 
0.00015623181013 -0.0042571745969 0.0094323125383 -0.023820364132 0.078058579014 -0.071613089004 -0.0096888792055 0.041721196274 -0.049984597199 
-1.2686273139 -3.2431673685 7.9598029643 -1.4480913193 -3.3871872272 7.898642399 -1.2053238518 -3.2864487824 7.9772304658 
-0.99271148576 -3.1461670018 8.060864551 -1.0546250935 -3.1164797496 7.9781980803 -1.5397712012 -3.3414687009 7.7645366008 
-1.288359339 -3.2268942295 7.8168035954 -1.7253321579 -3.4726396279 7.6680607098 -1.7075487713 -3.4573071336 7.7634487346 
-1.4244499135 -3.3282097403 7.8705607995 -0.88113818528 -3.2101764075 8.046735184 -1.1086411929 -3.2571116166 7.9586900045 
0.085514499059 -0.20232506011 0.37838187206 -0.72856398823 -3.0167030653 8.0016025937 -0.82913297397 -3.0039667562 7.9364752118 
-1.0694476331 -3.1092775761 7.8566800037 -0.5369882998 -3.1033575041 8.0379638985 0.096835865501 -0.26309893941 0.51674011617 
0.079933004625 -0.18083361165 0.43043694962 -0.49418999747 -2.9153383724 7.8933270766 -0.37808553727 -2.9420794441 7.9614953629 
0.083054752981 -0.21551529878 0.55021903458 -0.30857624693 -2.8370639086 7.8311391289 -0.1910019273 -2.8560029475 7.8920746517 
0.069016989501 -0.18496994417 0.61244187185 -0.024550136424 0.07723734606 0.15543375561 0.0034375788209 0.022633920825 0.25398560025 
-0.13764999931 -2.7663551629 7.8086761541 -0.017648534664 -2.8118871857 7.8090216534 0.046579980032 -2.695658346 7.7172828889 
0.18193637467 -2.7707462319 7.6415906324 0.28000682754 -2.6608400841 7.4562507825 0.38609045316 -2.6868682479 7.4254112424 
0.56808568857 -2.6371630503 7.1886651436 0.40248352052 -2.5854321462 7.2961303552 0.47818032757 -2.7788047045 7.5077857016 
0.6420810344 -2.7025681305 7.3499595194 0.79105664549 -2.6840321902 7.1965803573 0.72026701449 -2.5997453522 7.081766677 
0.07117546775 -0.18156330355 0.69801418412 -1.7351759271 -3.6781014109 7.8834908696 -1.7129822131 -3.4682205869 8.0491127589 
-0.050046043083 -2.2613911809 7.605739436 -0.28593065079 -2.133018158 8.0737848755 -0.57725871854 -2.1536956342 8.5932789271 
0.27595025956 -2.3200613986 7.2392431959 0.22368843796 -2.2379289544 7.2053548198 -0.062032845066 -2.1079987356 7.6522785366 
-0.220546111 -1.9209222641 8.1148796977 0.20485945271 -2.1447812598 7.1848070551 0.19291262049 -2.0578054915 7.1843977814 
-0.01539338903 -1.942680901 7.6739400809 -0.50218155747 -1.8878332003 8.5808065835 -0.17970002513 -1.5903842566 8.1075912465 
-0.39669496492 -1.585048639 8.4080940657 -0.26010458481 -0.54761008777 0.90189203725 -0.24991926248 -0.56681157508 0.87178379695 
-0.21841417818 -0.62003963195 1.0899673327 -0.23852503832 -0.59454195431 1.0566144456 -0.28773420374 -0.50609829449 0.64924423649 
-0.26611506482 -0.49623919358 0.80041404239 -0.22817237103 -0.59233558734 0.82998345478 -0.20168181092 -0.61939299035 1.0131846413 
-0.27955650188 -0.53479416416 0.60289831211 -0.20134115397 -0.71461589412 1.3490142087 -0.16482725594 -0.68846977927 1.2737644967 
-0.22646776425 -0.70885962703 1.3991038361 -0.25393024379 -0.58182799989 1.1113268489 -0.25651509998 -0.58449877666 0.62180652069 
-0.21742278907 -0.64064075651 0.75906492639 -0.17935052631 -0.63884945912 1.0127456264 -0.18227021407 -0.65948745169 0.90994143742 
-0.13700039888 -0.68888914045 1.2576876125 -0.29581662069 -0.4559396495 0.34548481021 -0.29789149382 -0.56611899175 0.26672179973 
-0.30795872861 -0.50382289182 0.23218722239 0.55597325311 -1.5589185761 5.596816168 0.46663772478 -1.4943948541 5.9675427491 
0.53289992945 -1.7233929895 5.6362401632 0.55033069668 -1.3937289284 5.2956503141 0.49426635245 -1.2951939447 5.8472788804 
0.59785843038 -1.5800461024 4.9721923229 0.59406348401 -1.6931356387 5.2077753983 0.39360934081 -1.6247293532 6.1404408169 
0.32404441886 -1.3480323049 6.6782816013 0.40493594977 -1.1423071704 6.3919197937 0.64273713727 -1.7930794074 5.079184341 
0.53154226152 -1.773467067 5.6649591123 0.23470362705 -1.5235187452 6.9395462424 0.26091409708 -1.699092858 6.7953083055 
0.5253454136 -1.823645955 6.1607847852 0.55848368019 -1.2831281867 4.9849015122 0.52705911726 -1.1303421103 5.4891629634 
0.59358999407 -1.5487053168 4.5200328149 0.46582673596 -0.95414885613 5.9817280628 0.64895022285 -1.763176189 4.3072061031 
0.64443585085 -1.7943033567 3.7121079138 0.55828945212 -1.0267896325 5.0567457812 0.56231453126 -1.1711217618 4.5984562404 
0.56634111308 -1.441216257 4.283942174 0.50840115195 -0.81267603752 5.5150733691 -0.26053032101 -0.26492807285 -0.65458853875 
-0.25882089113 -0.29260742992 -0.61550297285 -0.26295611657 -0.23254181414 -0.69450058187 -0.28038578819 -0.32185425949 -0.65505481371 
-0.27345090271 -0.27465165629 -0.69057927342 -0.29304098991 -0.3680682235 -0.60600055316 -0.26820307665 -0.32690529962 -0.54547070409 
-0.25988727452 -0.18927905036 -0.75137077099 -0.28150903563 -0.23548181348 -0.73528570819 0.2042003364 -0.023379999459 -0.69724233021 
0.23354420303 -0.014056217342 -0.60145146169 -0.25209231055 -0.13975879748 -0.78542539204 -0.27779089261 -0.1789810118 -0.78191863815 
-0.30192534056 -0.29000454548 -0.72663408743 -0.29999994317 -0.34457082796 -0.69260259981 -0.29902864901 -0.22351712085 -0.77755840967 
-0.33178833934 -0.37123628151 -0.71892700323 -0.32191338945 -0.2835163241 -0.78498433221 -0.31565038481 -0.41926205436 -0.67246667818 
-0.31493406514 -0.41324989747 -0.65336155384 -0.34796973776 -0.45682300316 -0.69681937183 -0.32890331723 -0.51280415733 -0.64431055759 
-0.35741213955 -0.37863170164 -0.78136616828 -0.35395944479 -0.54453414328 -0.68776748484 -0.37037164816 -0.46311822004 -0.77276096666 
-0.33228400992 -0.50284372943 -0.6236011137 -0.33882666871 -0.62010278794 -0.64532372938 -0.33605263825 -0.60395897558 -0.58631910114 
-0.27819240304 -0.1187903226 -0.81550867174 -0.25123458194 -0.091132310086 -0.81879446021 -0.2992499256 -0.15127041322 -0.81912385106 
-0.31795940416 -0.1881668737 -0.83050104818 -0.35280867637 -0.2668769518 -0.84230142541 -0.36844101522 -0.34863802049 -0.84736220298 
-0.38986724544 -0.57692994315 -0.76217271633 -0.36463273628 -0.65592496074 -0.6949934168 -0.40233905305 -0.46278658454 -0.85422827838 
-0.38624539306 -0.66326530439 -0.81080767161 -0.40173961132 -0.54227208875 -0.87166695185 -0.36509515203 -0.76357473604 -0.70382013479 
-0.35003102736 -0.74907674515 -0.62195323879 -0.22732801829 -1.5947248729 1.5797670442 -0.064202640378 -1.5077009458 1.7830449565 
-0.13049087207 -1.6391473438 1.4931418149 -0.29317363299 -1.7136619883 1.306269878 -0.43951280088 -1.7409825786 1.3116087247 
-0.41426565609 -1.7150795691 1.556117154 -0.15786133159 -1.4289820202 2.0908572172 0.026876152135 -1.189482951 2.4831796215 
0.10036757964 -1.3364229857 2.1998757659 0.023839573683 -1.5414983517 1.7676451665 -0.055095261822 -1.6585608188 1.465276604 
-0.21564317343 -1.743114134 1.234755293 -0.29210079298 -0.069028472486 -0.86095811382 -0.31864189917 -0.092228336567 -0.87890468219 
-0.34543054096 -0.13224164354 -0.90059651686 -0.36311822668 -0.22767353714 -0.90878870065 -0.40760862566 -0.33343853286 -0.93009786771 
-0.43085926319 -0.42433591856 -0.93748340109 -0.12352208686 0.025788079465 -0.84326670804 -0.26976052371 -0.044369861133 -0.85743482577 
-0.28296568764 0.012415541929 -0.89740022581 -0.31033434565 -0.0020215852198 -0.92189413462 -0.34472934094 -0.00805630627 -0.96334464705 
-0.34528543026 -0.091544990241 -0.96777170044 -0.35729560314 -0.0088490043774 -0.98452533441 -0.44847846462 -0.2810014556 -1.0179907151 
-0.41130095725 -0.19217869202 -1.0113834327 -1.6327212143 -0.16351203915 1.1744639992 -1.5466805267 -0.042154797428 1.1194640588 
-1.5923035756 -0.15363671721 1.3226307953 -1.6905095104 -0.27965152095 1.5513532149 -1.7866427711 -0.28613703489 1.4549854205 
-1.5190255955 0.036154199093 0.97547033641 -1.4599588623 0.054632998916 1.0558637839 -1.5094698915 -0.056701413282 1.239460757 
-1.5254063304 -0.3037672727 1.7406624014 -1.4850072135 -0.16710064722 1.5083905081 -0.25107840252 0.046055166358 -0.89137017028 
-0.27787737829 0.10086013496 -0.93802655499 -0.29598659533 0.079437259774 -0.94931399603 -0.22410121562 0.0077990777607 -0.87179023251 
-0.32979421291 0.074863365572 -0.99861066176 -0.37116529189 0.10540076538 -1.0420388835 -0.34373025954 0.14876354521 -1.0509092881 
-0.30982028756 0.15471598357 -1.0037535646 -0.31710729111 0.20462552032 -1.0534751436 -1.2575640943 -0.13741244843 0.72889245864 
-1.2389821019 -0.21879924495 0.67660300074 -0.50052273788 0.58698866897 -1.3052091059 -0.55477141699 0.58030912976 -1.3245333057 
-0.47049349314 0.42383977879 -1.2537029093 -0.56557570043 0.77083225255 -1.3846758119 -0.49344399345 0.80494604487 -1.3787764242 
-0.42741306195 0.65462366095 -1.3487334191 -0.42997702425 0.45947112275 -1.2684888529 -0.6445582377 0.80910622083 -1.4423206425 
-0.64717981047 0.62475078345 -1.4238707146 -0.52568002071 0.42369893747 -1.322257347 -0.46411369422 0.25786944355 -1.2513559431 
-0.41624701201 0.25865052505 -1.1690668358 -0.67926983493 -0.10846087289 -0.19612372482 -0.7795641841 -0.14496957972 -0.15132715474 
-2.673447912 0.61893812503 0.094130987273 -2.3670439045 0.46155413146 -0.70769431683 0.30157710717 0.12140079118 0.15691614028 
0.32326599981 0.031056195829 0.25252891382 0.23519479445 0.15649767947 0.042718219192 0.22775922157 0.2208881312 -0.0085711661787 
0.4601669052 -0.03270134376 0.45927876678 0.41881946451 0.13352449436 0.28276989361 0.33019967623 0.2239809078 0.10768802905 
0.49874140254 -0.29368422819 0.75714190926 0.37286114768 -0.27864892389 0.6114667719 0.23648669766 0.03844680361 0.15217968118 
0.15801343027 0.23049837751 -0.10331910844 0.080814980761 0.16711767938 -0.11249485683 0.13855066025 0.34923951949 -0.20524863575 
0.21415544273 0.40921823487 -0.15268079819 0.52599259122 0.08110250086 0.45914750821 0.60092256604 -0.020814044316 0.61685000502 
0.73097871751 -0.092227005558 0.84510580599 0.45957927279 0.20242685723 0.3137171377 0.61779584933 0.036698652547 0.61918302905 
0.426665621 0.21911904925 0.2331062663 0.68376780105 -0.32020563429 0.99158111474 0.87960515721 -0.31420701122 1.2373287592 
-0.029484701746 -0.1959140086 -0.082076948313 0.098840499884 -0.22651424806 0.10738185043 -0.76258231141 0.27660771493 -0.91926647712 
-0.72643741579 0.25672869082 -0.98469180415 -0.75132411882 0.25954367933 -0.82717778379 -0.13537987897 -0.21086236193 -0.2454844701 
-0.71349961947 0.22602790162 -1.0961798558 -0.16361618037 0.46863351326 -0.26433397834 -0.11403284882 0.51024613748 -0.26090688411 
-0.16596400993 0.50460208532 -0.29075215397 -0.18342527779 0.34504386709 -0.23861759901 -0.088924747684 0.3081816498 -0.15963571229 
-0.21540064084 0.44322221068 -0.29029822457 -0.036239549906 0.37169259556 -0.14089020417 -0.11037193281 0.58013267818 -0.3095628641 
-0.015586279406 0.55742258667 -0.23109493258 0.03677832836 0.38983122433 -0.10250940599 -0.17305476982 0.54582379457 -0.32536499056 
-0.70392644386 0.20745480262 -1.2448975755 -0.019887706029 0.70109723457 -0.33630821829 -0.36294190273 -0.015528340413 -0.42813328716 
-0.32103021996 0.03432117655 -0.36987703937 -0.37824933541 0.043530371094 -0.42009143442 -0.25995741545 -0.058219385389 -0.33697516369 
-0.36616883443 0.0059331677366 -0.42469802934 -0.35877880397 -0.08077321956 -0.45544801809 -0.29824926365 -0.13951881474 -0.41470855367 
-0.17240838033 -0.065971161061 -0.22562085974 -0.19950678446 0.0028531032706 -0.23243024455 -0.34116222196 0.068256826014 -0.37307929193 
-0.37153646948 0.12424967847 -0.39911181417 -0.3528121855 0.10492065194 -0.40120052063 -1.7314079945 -0.47952427538 -4.6809952255 
-2.5987254927 0.22756721253 -4.2060669511 -2.8605493767 0.092323367543 -4.4459963475 -1.6965679566 -0.051113042049 -4.1041048209 
-3.1546122511 -0.10742475862 -5.062903719 0.42372960642 0.7580173464 -0.62451068349 0.4964911044 0.75818728475 -0.66472967441 
0.56928097389 0.82793808007 -0.65183351411 0.36332570376 0.79501790794 -0.56869795896 0.34598806023 0.70699264956 -0.61749631555 
0.39912553337 0.68287073407 -0.69002052645 -0.47124218857 0.073421500438 -2.637513711 -0.57323691815 0.16405661239 -2.5808864063 
-0.6474262153 0.13003628341 -2.6629807304 -0.61320041748 0.044180998213 -2.8162612556 -0.77157892635 0.19979924738 -2.6395392343 
-0.37622534974 0.18286278122 -2.4690492537 -0.52386266877 0.20455669319 -2.4538790615 -0.79576245979 0.24378764674 -2.4806243018 
-0.87840215584 0.17915847723 -2.7683648714 0.046675006408 0.62677170717 -0.33920096602 0.11258371036 0.68466876176 -0.35467771459 
0.2260199614 0.7551732076 -0.34704571687 0.0035498029288 0.59006267613 -0.31703470452 -0.060001394076 0.58868632846 -0.34634766796 
-0.0052165938308 0.63195913058 -0.35592135918 0.660099953 0.90602546029 -0.58714553478 0.35515893306 0.84107369012 -0.30949952607 
-0.0091332014438 0.51090244322 -0.28510820499 -0.040709614384 0.51947122062 -0.30043666247 0.032371589877 -0.034606724591 0.14360324295 
0.015197265039 0.0057729510535 0.062831939422 0.054022521177 0.024797199521 0.23064138484 0.0664733349 -0.060920536243 0.31098701112 
0.06540088819 -0.14607969341 0.27570901572 0.043595203469 -0.14767771911 0.13871953515 0.007860693422 -0.076007586891 0.0083421831455 
0.037233208379 0.069553650049 0.12828879151 -0.02356935632 -0.043147043631 -0.10216039442 -0.036459376246 0.052767570161 -0.13060670035 
-0.0021936664379 0.094275504535 -0.028446231326 0.073267814169 0.12079585242 0.24829568995 0.11020598915 0.011318813932 0.47586945486 
0.10396883558 -0.17635788232 0.48991928789 0.077021475637 -0.23558761419 0.23207069405 0.11195756862 -0.26265824762 0.4441190019 
0.13328865384 -0.14020155293 0.63560867462 0.12470826032 -0.44361093426 0.2224651865 0.1182654697 -0.37379667866 0.16764364672 
0.11799652856 -0.47736512039 0.27418155118 0.11479771072 -0.52328403034 0.32532921008 0.10676573749 -0.55012470223 0.36772393386 
0.10235402329 -0.60125378626 0.42707510626 0.088636701978 -0.60385592079 0.45419295255 0.079478807974 -0.61907057824 0.47815619205 
0.082458135741 -0.66205686018 0.50901166894 0.10290853414 -0.74080588699 0.57686475512 -0.054025286575 0.17854558592 -0.18507001596 
-0.03218665674 0.12759921199 -0.15080581105 0.010044882779 -0.014303173457 -0.013112766782 -0.020563486417 0.09763998422 -0.12780872864 
0.13567237946 -0.8663822275 0.71066473744 0.16162208121 -1.0233010126 0.89867910483 -1.9769931622 -3.5772152555 7.4677901255 
-1.9877792578 -3.5638149923 7.3717504049 -1.8049519318 -3.4373807546 7.5102395838 -1.9323863444 -3.4470931337 7.5588415965 
-1.5895542653 -3.3752161778 7.7913505386 -0.083064177609 0.19345282172 -0.12599633331 -0.087321285568 0.22565642378 -0.18661961237 
-1.5868956976 -3.326384225 7.6184241244 -0.1514155151 -3.0304283663 7.9726296839 -0.55916663399 -3.183948455 8.0665129378 
-0.27295583399 -3.114773298 8.0278281878 -0.028981036489 -2.943092455 7.9690819907 0.0032196505447 -3.0582550377 7.9790663394 
0.29415170165 -3.0550597644 7.852722461 -1.3925519508 -3.2163915024 7.7047564071 0.13964621017 -1.4331603386 1.3275022052 
0.14529086312 -1.3041102334 1.3700799838 0.10396465061 -1.3400208257 1.5222797773 0.059725223543 -1.6890460068 1.4033996827 
-1.2455619985 -3.1536808642 7.7811822877 0.069703128345 -1.3627113422 1.6777436631 0.047000858136 -0.086489643606 0.40497442509 
0.038130811592 -1.365135666 1.810930201 0.036132158833 -0.068734321103 0.45719310281 0.72551009242 -2.8838136706 7.463209528 
0.91103769237 -2.8272413703 7.276594548 0.51104642349 -2.9112028622 7.5859728184 0.36613535421 -2.8747920233 7.6433001865 
0.008933822786 -1.3498961785 1.9332867096 -1.3133989755 -3.1763558575 7.8878611465 -1.4900612947 -3.3584085333 7.8474699913 
-1.3586012944 -3.1933710181 7.7258149073 -1.2151986774 -3.1860300693 8.151504189 -1.447363379 -3.356133991 8.1337378526 
-1.5975031224 -3.4171718054 7.7605894392 -1.726016499 -3.5652259792 7.899235748 -1.6353791243 -3.5433322433 8.1650874891 
-1.5058783822 -3.2500579736 7.67265297 -0.021144962842 -1.3150953232 2.0251025126 -1.1677770004 -3.102884628 8.3137438809 
-1.3905706754 -3.3163055126 8.4565807531 -1.5760988381 -3.5087941645 8.5547604634 -1.1365965109 -3.0036401125 8.452766621 
-1.3731086042 -3.182327584 8.6268567415 -1.5489431781 -3.3667102137 8.8201324242 -0.14376728794 -1.14022108 2.0925622136 
-0.11506981989 -1.1273434434 2.0316804311 -0.072279720554 -1.1483724202 1.9885179692 -1.0813232718 -2.9139168112 8.7283901233 
-1.3249907912 -3.0522267806 8.8653690406 -1.5079520684 -3.1910465437 9.0152363763 -0.19262869313 -1.0665696639 2.0417176246 
-0.99279489851 -2.7867793114 8.9733153025 -1.2435562352 -2.9008001292 9.1554035964 -1.4170848959 -3.004831874 9.291189265 
-0.90857562486 -2.5652501659 9.1133315057 -1.1396394884 -2.6785027983 9.3403443305 -1.3290896401 -2.7557310568 9.4629092666 
-0.84109081751 -2.274231244 9.1447183164 -1.0392153322 -2.3714582649 9.407339168 -1.1982154461 -2.3996104728 9.4784305638 
-1.5759007114 -2.8471208952 9.4313979633 -1.7055724258 -3.168304543 9.4857013564 -1.5641443036 -2.8903572631 9.5682831109 
-1.4613622041 -2.5697436292 9.3463003348 -1.7083105133 -3.333259848 9.2660622794 -1.6022531683 -3.1084167798 9.4326623958 
-1.8310568139 -3.4639753532 9.3643173687 -0.75212821839 -1.9411555072 9.0916564536 -0.93761215154 -1.9974881994 9.336114433 
-1.0808049599 -2.0529499809 9.4213814026 -0.63812028336 -1.6333196553 8.956188744 -0.78361178669 -1.5966715487 9.1319088901 
-0.94853785006 -1.7117459403 9.2379995433 -0.61156141731 -1.264971549 8.8688031927 -0.51061590654 -1.3049132555 8.5840458436 
-0.70079830209 -1.1706870626 8.7340800186 -0.84421015913 -1.3321953051 8.7805897146 -1.1660639088 0.27130616389 0.064990077911 
-1.1078279141 0.27645761641 -0.0079740265614 -1.0187888754 0.22233472516 -0.11788282748 -1.0084771212 0.26994597133 -0.092218584942 
-0.2703548731 -0.35626902437 0.041970697351 -0.26463272364 -0.31380599486 -0.13334430348 -1.1838999481 0.2573650992 0.12937986912 
-1.1995206322 0.24254002631 0.19396947945 -0.035324240542 -0.37519855958 2.6071881829 -0.10859351299 -0.44752528872 2.5513474302 
-0.22102587032 -0.58382012872 3.3148894048 -0.0077633850314 -0.24389655367 2.9184737052 0.058930902658 -0.16565539657 2.6030214998 
0.14858121304 0.3359936019 5.4085130089 0.020468326085 0.43966367011 5.581459287 0.13461800827 0.19600128189 5.5888327109 
0.167839712 0.41965014845 5.0403193329 0.06680357214 0.55323406395 5.3701255688 0.24458864214 0.12424164312 5.3531417604 
0.26456301681 0.21010043672 4.9774671346 -0.063803117171 0.71154110353 5.4163273446 -0.13903283637 0.66039030279 5.6110657711 
0.0089857186824 0.28225167414 5.7819296855 -0.14017341323 0.49073403062 5.8458510571 0.26650314133 -0.11157012641 5.7425528028 
0.13378198061 0.01722861783 6.0476297053 0.26922867971 0.24696176347 4.6554607269 0.18199982258 0.41821332156 4.7575700703 
0.090823102943 0.56749622279 5.0145035208 -0.032244544713 0.77231231126 5.2322511345 -0.87984511479 -0.83743046044 -1.5728642372 
-0.95543683558 -1.4020647178 -1.4041928888 -0.817365975 -1.3241547129 -1.3590214375 -1.1624934726 -1.0725731387 -1.7409844792 
-0.73751656671 -0.88987591947 -1.3804808913 -1.4199379071 -0.86223679009 -1.9768114452 -1.7629055558 0.25083352987 1.0070562602 
-1.7204120305 0.1966257796 0.80447189978 -1.3017134126 0.015407427078 0.80758579304 -1.2624673252 -0.058081839066 0.88511000582 
-0.33756701547 -1.108678738 1.8198370634 0.019768148177 -1.238632509 2.1875635352 -0.56214046814 -1.1595778613 2.2783519265 
-0.65450573044 -1.0120648951 1.7579841502 1.1466583872 -0.52861265365 3.66210235 1.0915865161 -0.53379085856 3.1724268964 
1.0094592715 -0.49089690293 3.789765648 1.0422388623 -0.49347824231 4.3553466468 1.1038377658 -0.60222846453 2.7652871065 
1.2253361104 -0.62359026207 3.2590131848 1.3467355864 -0.52850544779 4.5743168976 0.98148558544 -0.54440707527 2.2638700162 
0.92916240938 -0.53561410088 2.4302869494 0.95606120455 -0.47139874567 3.2421925337 0.81979314251 -0.38461677017 3.6468385542 
0.83635555139 -0.38037537321 4.3603184727 0.47918097473 -0.49239781396 0.99061459155 0.29661585423 -0.40907889343 0.71494041119 
0.18596186543 -0.24493526481 0.41879748303 0.7070102401 -0.58840060605 1.3793739193 0.66373543989 -0.72942552949 1.6100770411 
0.45129789936 -0.60649194274 1.1680562303 0.79378462722 -0.46833271327 1.9852840232 0.8151387917 -0.41320392369 2.7227951713 
0.83133670634 -0.50765423901 1.7701256862 1.0059958294 -0.61842679944 2.0950023947 0.82950477328 -0.52345751968 1.5284054115 
-0.41605715008 0.14137333453 -0.43912195021 -0.68960920589 0.16668081786 -0.62161595506 -0.65614985177 0.20481499874 -0.66633333335 
-0.56154119463 0.12538903543 -0.49885491449 -0.31937919443 0.17715184737 -0.41921926337 -0.37319998283 0.066950528 -0.32502883277 
-0.45786733064 0.03451973705 -0.32235636644 0.11251511817 0.53167842737 -0.59382419584 0.14253782736 0.58049932319 -0.54139425219 
0.091542402793 0.53784704959 -0.50642397519 0.19768083785 0.56761577571 -0.63270778299 0.051481218443 0.50175390185 -0.57205500171 
0.013793976878 0.47275442506 -0.67297431458 0.12095004283 0.60040375088 -0.46392564957 0.2312672774 0.63663133169 -0.58744271672 
0.17661030565 0.66491420022 -0.50632472212 0.10824500468 0.50467208788 -0.39564471837 -0.0054884724724 0.4469450672 -0.4781103185 
0.27900659762 0.60473380662 -0.67610462004 0.31485241475 0.57297975867 -0.75669084402 0.069587110491 0.73211843531 -0.33709162034 
0.27594232699 0.81172374184 -0.48175373676 -0.82629890074 -3.2280634471 7.9997618393 0.18468229032 -2.9039731177 7.8395152697 
1.7712733001 -1.4772540707 9.74575779 1.3435405451 -1.5232786325 9.6316838904 2.2207708539 -1.6241828599 8.8341417166 
2.6385636801 -1.6382486796 8.70676996 0.76004961984 -1.3761528231 10.184259828 1.0522202249 -1.2415101145 10.446387642 
1.8615975974 -1.2987599991 9.9519748696 2.4469618726 -1.4467279128 9.2934981855 1.8613191466 -1.6982071114 9.0262688965 
0.93837118649 -1.6092115777 9.6260249343 0.34926677185 -1.4215714084 9.8949584319 2.791881785 -1.6231891266 7.5219922847 
2.4207415356 -1.7198245277 7.6083863969 2.4955963173 -1.2096774888 5.914001312 2.6026887986 -1.2695062544 7.2248141057 
0.89034912563 -0.3189731113 5.3836227521 1.1907365955 -0.44518697447 5.5752058539 0.0090624207475 0.47638596175 -1.258280606 
0.0087421408235 0.53454566485 -1.2541916989 -0.023630533834 0.43713124396 -1.1937422909 -0.037001411752 0.36614745226 -1.1442772069 
0.077423152452 0.66516502624 -1.3568797755 -0.031840409365 0.50005050815 -1.2103532897 0.017068709155 0.60955246368 -1.2906178864 
1.0210842107 -0.28159022188 1.355748869 1.0475578695 -0.35461077669 1.5247998511 0.48641676008 0.18595974391 0.38889265448 
0.31294206828 0.3736132996 0.041755226794 0.30054714972 0.3748646105 0.069589129711 0.68413217936 0.015147009189 0.74221321706 
0.28202067545 0.23661862783 0.18973957583 0.44258314657 0.18015405095 0.42190748335 0.44482095901 0.20912468321 0.37054251814 
0.29310314485 0.17510733859 0.25550875335 0.31121210556 0.28200814578 0.16671592412 0.1134517416 0.39680967634 -0.064994207622 
0.4717174548 0.019633140578 0.56194601192 0.68456048422 -0.040062698484 0.85820020985 0.66732817268 0.032763671607 0.75046479451 
0.52148990631 0.51932446984 -1.4443657995 -0.082200216531 0.19973174161 -0.11837920784 -0.23131788333 0.23367949932 -0.26303934767 
-0.25307527708 0.36009757536 -0.29569434418 0.089232854848 0.13418708788 0.079826620284 0.1874613514 0.1487442647 0.17170928029 
-0.22641836205 0.48795369083 -0.32593702197 0.05018834365 0.6001796171 -0.24752932425 -0.13920753949 0.5649340841 -0.35596004274 
-0.3015800098 0.12548389088 -0.40352946934 -0.0045585881867 0.18177890687 -0.23100266442 -0.0061662410703 0.17760258779 -0.22375839899 
-0.0045122023564 0.17928752327 -0.23105933957 0.00022747385442 0.1847192372 -0.24108946832 -0.0033410911492 0.17547071195 -0.21834776321 
-0.00063939198588 0.17551428523 -0.21907325331 -0.0071429819091 0.17672496042 -0.21803123665 -0.01531895702 0.18126344186 -0.22434480164 
-0.016722804526 0.18005368673 -0.22563675334 -0.016548798646 0.1801409013 -0.22936960293 -0.00061020087724 0.18509884662 -0.24727844773 
0.078700977841 -0.3545983121 0.25948879397 0.07277075425 -0.37044754701 0.28310118325 0.091053689661 -0.36065322969 0.24246658663 
0.096386513815 -0.43553394101 0.2860365556 0.073393082167 -0.28259822479 0.19564209325 0.089735036531 -0.45839884879 0.32936537419 
0.06985645278 -0.40326417981 0.32162165146 0.082928542537 -0.48325470593 0.36610684197 0.050013354452 -0.16073681076 0.093726275433 
0.035017497404 -0.096798585289 0.051582976647 0.052532198599 -0.14172125136 0.063421638036 0.070941211737 -0.2321064031 0.13361441836 
0.068228391738 -0.41876837912 0.35675163819 0.072670464211 -0.48095457138 0.39070875856 0.0053169445161 0.21112733671 -0.2961762544 
0.0043042634441 0.2200102721 -0.31610558902 -2.6495479067 -4.0265306076 5.8423978007 -2.6322156316 -3.8161999768 6.0950891067 
-2.5752742617 -3.8722533986 6.0513887716 -2.6388207924 -3.982181843 5.7430799463 -2.7094407253 -4.0838839744 5.4775685844 
-2.7741639411 -4.0511965506 5.4108445576 -2.5944575445 -3.7915384147 6.4383554826 -2.5588218019 -3.7720753849 6.3848436613 
-2.7473693247 -3.7521884538 6.0399454945 -2.5057369536 -3.7904598126 6.3725471712 -2.5005997378 -3.8617326606 6.1795942532 
-2.5976365088 -3.8924799475 5.7555500945 0.081297763446 -0.44863062895 0.39379930195 0.07354472218 -0.50253149231 0.41573793038 
0.11202036082 -0.52277797688 0.46878798906 0.091899806265 -0.5571491431 0.46484080383 -0.092418540624 0.29907548643 -0.38447308705 
-0.064225002589 0.28481269977 -0.37867624829 -0.055710249861 -1.4767685128 0.97689720053 -0.10157517749 -1.6000842829 1.0425569095 
-0.038430309557 -1.7615424735 1.2854761731 0.14687552154 -0.64618704702 0.61566055093 0.12722713894 -0.66115327487 0.5814663431 
0.16273464669 -1.176123064 1.1185190245 0.16452355492 -0.78083546195 0.80436567776 0.1597095133 -0.80287876739 0.75455760207 
-0.07329287778 0.22510531166 -0.22190737292 -0.086971687683 0.25610623284 -0.25101617931 0.15643977215 -0.88874711682 0.98234012195 
0.16982204846 -0.93941894019 0.94852828851 0.13516435244 -0.94742779452 1.1468945025 0.15473082243 -1.0350272363 1.1366797733 
0.1109608011 -0.97890436922 1.2810696878 0.12710646692 -1.0802361171 1.2996177163 -0.30287388233 0.38837725155 -0.4080363355 
-0.33286050545 0.39392525858 -0.40839839203 0.09088969852 -1.0020237154 1.4098963782 0.097754777635 -1.1078934951 1.4314460373 
-1.7370221184 -3.450854303 7.5908159768 -1.8428889161 -3.6275557565 7.7284991156 -1.9220678297 -3.6297343565 7.4114610135 
-1.8860430219 -3.4616995506 7.2477174928 -1.677438982 -3.3117922851 7.5324680346 -1.9174528769 -3.8433525078 8.0801563766 
-1.9498924154 -3.7969726554 7.6775291626 0.070264560216 -1.0149985715 1.5382952475 0.075179482475 -1.1216194312 1.5648478203 
-0.39790839736 0.40993946633 -0.40208319396 -0.46469267582 0.42569096994 -0.39044590933 -1.8626978229 -3.7820521134 8.3524051911 
0.03934567052 -1.0265886288 1.6457367901 0.07360391943 -0.92409021497 1.5299062652 0.048364179395 -1.1290112357 1.6826903938 
-1.7863434703 -3.7051460624 8.6875978936 -2.0143327297 -4.0369103439 8.5081280937 -2.0459670005 -4.085653454 8.1293866219 
-1.9546791033 -3.8712153574 8.7552422122 0.00028384553658 -1.0328993363 1.743145811 0.03445072386 -0.93489447937 1.6157147694 
0.016207364511 -1.1282875729 1.7869585799 0.067028386751 -0.84382329556 1.5167470623 -1.748475063 -3.5635495935 9.0569796692 
-0.054063864856 -1.0148389214 1.7903484836 -0.018345463612 -0.92677374164 1.6847369965 -0.023888669696 -1.1170673162 1.8669217663 
0.015878174431 -0.8443606029 1.5735299991 -0.63553335933 0.42498720586 -0.30071242822 -0.66796438293 0.40709002679 -0.28042678356 
-0.08029279384 -0.8981251043 1.6836656361 -0.11706806783 -0.92868296223 1.7196819746 -0.096042121651 -1.0368145226 1.864925191 
-0.038214783139 -0.83705905144 1.6024491814 0.043636029298 -0.75365927496 1.461024849 0.071786581312 -0.72714304789 1.4320936921 
-0.0059650260228 -0.75293410377 1.4695688798 0.041405757876 -0.71435392054 1.4350234368 -0.84716687266 0.30798307172 -0.23667488351 
-0.79480547061 0.35041466214 -0.2200292032 -1.4605023943 -2.78141571 9.6072918711 -1.2327192458 -2.1392257036 9.4104888976 
-1.0983654193 -1.7809282123 9.1733351335 -0.95977627921 -1.299834775 8.4650207701 -0.26438470407 -0.4829086777 0.88823950064 
-0.45158942899 -0.97180029899 8.47419893 -0.52676015859 -0.91789507703 8.4535822358 -0.66306488513 -0.73193913601 7.9859387479 
-0.80089251681 -0.90634120045 7.9277450077 -1.1055609459 0.32225989201 0.079296043772 -1.0930785995 0.32394470437 0.03114042442 
-0.28913615736 -1.1823775269 8.2757349271 -0.011378312572 -1.3586977477 7.8545650218 -0.03408242866 -0.99150274988 7.8550074875 
-0.25681648656 -0.8105004119 8.1235354796 -0.38821194462 -0.65517857052 8.0666474408 -0.54164781942 -0.48708730216 7.6382986486 
-1.1069023117 0.30809127292 0.12715913718 -0.14996870269 -0.48990228582 7.4719161938 -0.28089197557 -0.39725305525 7.630729988 
-0.3928598137 -0.29939175762 7.4438259804 -0.27383484415 -0.33857421941 -0.29388295399 -0.74915067049 -1.0328434413 6.4233425022 
-0.62381802433 -0.95540538647 5.6213614658 0.049669349686 -0.19314140302 1.4655731019 -0.076599619545 -0.37623104762 2.1527449988 
-0.033752737579 -0.33805002758 3.0368074445 -0.25194446816 -0.5636192895 3.9982178146 0.40438075628 -0.23229669878 4.91891395 
0.40894217827 -0.35450439302 5.4393073036 0.37205193177 -0.086082300984 4.4989591754 0.36929407718 -0.09645706129 4.2501027964 
0.28661004708 0.17621225679 4.4114578905 0.22038200501 0.28730074045 4.4704562633 0.13921621081 0.4382718467 4.6668771739 
0.062006296449 0.67217806464 5.0009881528 -0.062831718727 0.073972704182 -0.85345478874 -1.7036227454 0.29675238638 1.1956584238 
-1.8845515258 0.3144129537 1.3402230599 -1.0633435255 0.45353507926 -1.7057273086 -1.2125685187 0.4496158157 -1.8206588491 
-2.9421051631 0.68542947509 -1.0951558142 -2.5632854926 0.53679059985 -0.9539533015 -2.6741707943 0.60981677076 -1.1873355481 
-1.5857064253 0.29643173448 -1.062804162 -1.5531784481 0.22225118647 -0.863612265 -1.5714854348 0.3515670793 -1.2094312767 
0.16607940779 0.66498442759 -0.40453269359 0.15374706316 0.56794659468 -0.34789534631 0.27526254213 0.73458614372 -0.53994908391 
-1.414075269 0.39790805401 -1.6331268584 -1.3825231722 0.37396751072 -1.7857333993 -1.3015031602 0.34443265835 -2.0441254622 
-0.96967627441 0.27384213511 -2.1881895289 -0.74797287286 0.26528053297 -2.2104993708 0.40435055605 0.60693912572 -0.78078575142 
0.45014454849 0.68095874207 -0.7384155869 -0.33015986431 -0.47156142032 -0.57473849102 -0.33208994726 -0.54306645002 -0.53906227388 
-0.41469537275 -1.858712118 0.90165037422 -0.51697426752 -1.8597734338 0.97481307558 -0.65638279273 -1.8996985783 1.104234898 
-0.64243304178 -1.8647656187 1.3430722275 -0.15909454958 0.093881771361 -0.86294912093 -0.15204683955 0.059426385319 -0.85022781703 
-0.16868819752 0.25798823125 -0.96049867758 -0.17078281596 0.27675962946 -0.96541783842 -0.16413548118 0.20321260245 -0.92437678553 
-0.16743791761 0.33351918155 -1.0073663864 -0.15940647236 0.31557885366 -1.0237742551 -0.15409985804 0.19261087755 -0.93095705926 
-0.14715426786 0.24948812132 -0.97950770951 -0.16721884627 0.40574984256 -1.0856300035 -0.18636290844 0.30774821927 -1.0150403857 
-0.17969107974 0.22038907928 -0.95860879456 -0.1726688212 0.14520760086 -0.89884786748 -0.15801094541 0.14179945817 -0.89844388288 
-0.1303590522 0.17616857348 -0.84047772542 -0.13607778237 0.15410951866 -0.80230632923 -0.13672694857 0.17901478813 -0.86136519962 
-0.12251232799 0.2123499237 -0.92737770568 -0.12479194866 0.21096472954 -0.92281769556 -0.12388927263 0.17456917166 -0.85494551401 
-0.12624855564 0.14734910491 -0.77589969418 -0.11516072762 0.12345880366 -0.73087679188 -0.11736306868 0.11991238976 -0.71497483219 
-0.12668212237 0.1463474863 -0.79455080215 -0.10701517294 0.1977603692 -0.91796891482 -0.10477228994 0.16173046037 -0.84350072144 
0.1384841421 0.47808457457 -0.11322685095 0.31390944569 0.030661381777 0.37738642737 1.0147082251 -0.29269947443 1.4703119812 
0.83911368686 -0.22641533269 1.1881752104 0.30175378919 0.4218244869 -1.2870596735 0.41526039847 0.41334113857 -1.3141118199 
-0.17841722294 0.51171165953 -0.34006219167 -0.25159362628 0.43551262374 -0.32044703848 0.4496898458 -2.4927929066 7.1940147069 
0.55239659197 -2.432793205 7.0311951969 -0.33930612789 -0.7266313673 -0.54781127972 -0.0016969786552 0.030648373661 -0.83567003803 
-0.0027293438347 0.030526147652 -0.83374786552 0.046800025426 0.00034851720471 -0.82046391667 0.18970848778 -0.12843333023 0.65610326719 
0.15421639018 -0.10846631906 0.39872835051 0.18590493674 -0.1264594889 0.61341135483 0.26427882296 -0.16923579119 0.90165697523 
0.18855509521 -0.13126286447 0.49997836658 0.27939089099 -0.16187569161 1.3221818357 0.21812113404 -0.14034026257 0.93857632713 
0.14997240984 -0.10428170672 0.35959110435 0.10651474617 -0.076669363629 0.1278847427 0.089644133152 -0.066013673375 0.11895520253 
0.1483879817 -0.10800591637 0.29061913839 0.15669569144 -0.10468925555 0.40832313975 0.17721553666 -0.11171259094 0.68801921954 
-2.0055173497 0.34975541974 -0.84618866794 -2.2238989827 0.42358161295 -0.85953328212 1.1021670722 -0.80662378823 2.0664072607 
1.0048804341 -1.1810118534 2.7288080591 1.1822457813 -1.0235013089 2.6109511668 -1.8257187725 -4.5573800217 6.7793699995 
-1.9296864175 -4.5265808091 6.9443874447 -1.8011964328 -4.3417592778 6.9810312818 -1.6169913345 -4.1803561934 6.5460692324 
-1.6504722449 -4.3624667675 6.2305521467 -1.8129222403 -4.5609632041 6.2642617245 -1.9307166732 -4.6548902245 6.6531246504 
-1.9488294814 -4.3790471982 7.207730774 -2.074618807 -4.5494617006 7.1138130856 -2.0666785942 -4.6552587521 6.7613219586 
-1.8370934608 -4.1514406127 7.277159781 -1.6393441151 -4.0340478443 6.883879334 -1.9305633737 -4.2532157098 7.6321573991 
-2.0604539647 -4.455792611 7.5290535411 -1.8013189693 -3.9850374645 7.6486903146 -1.6569363841 -3.8267511327 7.2330636581 
-0.71507046239 0.21599219908 -1.4870896123 -0.20972375842 -2.4134849243 2.5590958646 -0.14677992975 -2.4267278685 2.3772346669 
-0.261789119 -2.4473637185 2.835466406 -0.20933837389 -2.6178576528 2.6106179734 -0.28571238684 -2.6648580457 2.8565766208 
-0.15854285542 -2.533725427 2.2781498899 -0.094404860068 -2.3837019583 2.18735629 -0.34210068199 -2.2790032778 3.1120828131 
-0.29876403635 -2.3930866727 3.0250845177 -0.37772075715 -2.180269925 3.2418548245 -0.41152737665 -2.4660852733 3.4019339091 
-0.36248050676 -2.5470242438 3.2468312512 -0.35411052089 -2.6676820282 3.076646938 -0.41302824419 -2.0453638302 3.3170046043 
-0.48357657421 -2.4477196806 3.6334462137 -0.42352720573 -1.8578141333 3.327521248 -0.51399933622 -2.285753466 3.6996016027 
-0.41803170555 -1.6255125323 3.2414305414 -0.48992652382 -2.0211224151 3.6389827054 -0.41043273168 -1.3752597713 3.0675349091 
-0.48696823377 -1.7761353075 3.5474886811 -0.3935453957 -1.1151188136 2.8125585909 -0.4623221495 -1.5025285069 3.3693302686 
-0.34432972085 -0.84859881242 2.4793119876 -0.42459737318 -1.2134748902 3.0886127666 -0.26971438119 -0.59411399439 2.0692403552 
-0.35329811373 -0.90649281899 2.6833439382 -0.18649529446 -0.378579699 1.6303736752 -0.23821992845 -0.5900363049 2.0830513231 
-0.093320570046 -0.21051318544 1.2024157584 -0.16201883011 -0.38815042728 1.6862373995 -0.0059736538123 -0.094438819572 0.81321191353 
-0.089375858388 -0.23050123311 1.2634259765 0.086560820581 -0.018945915137 0.46262245985 0.0048462695147 -0.11731831387 0.91564249037 
0.16424006825 0.019146903311 0.16238473943 0.12186537804 -0.022154120875 0.45761658252 0.21049900083 0.022897480088 0.026633799956 
0.063502783269 -0.11020133063 0.97307265093 1.342635737 -1.7601421342 8.7988759911 2.089004182 -1.8730789491 7.8327846885 
0.27450608099 -1.6545926806 9.1742260934 -0.028634623893 -1.5561024002 9.1802919285 0.6441809702 -1.8866419917 8.7306458307 
1.5730257382 -1.9511303593 7.6082393779 2.0727071148 -1.5976684491 5.9601794107 2.3697035487 -1.6167882472 6.0675773358 
0.10955378777 -0.24385817205 0.31547457413 0.14038873771 -0.34357864043 0.43094842736 0.15713077253 -0.40822392221 0.50189863065 
0.09368270405 -0.19501664425 0.25491402091 -1.7309462105 -1.2831623665 0.019537557397 -1.6131822707 -1.2388258373 -0.1382744006 
-1.7112794547 -1.1479447024 -0.048940617448 -1.9240684837 -1.3484875809 0.34742714278 -1.8346166496 -1.5087598605 0.29122689225 
-1.6893908572 -1.4591147171 0.052150669957 -1.8826992565 -1.181556034 0.17605868426 -1.5321295707 -1.372996775 -0.21694355455 
-1.5056469669 -1.1786510865 -0.29651253332 -1.6091718322 -1.048113469 -0.22530957494 -1.7559260634 -1.0106063239 -0.020304568041 
-2.9602779768 -5.3947202975 -0.53037294899 -2.5790902685 -5.5238114414 -0.27275799097 -2.338920754 -4.8732017378 -0.82693477798 
-3.5289128726 -6.3245771201 0.2188921133 -2.7821011393 -4.756482678 -1.1666950799 -4.209976809 -6.7169045458 0.074530534536 
-3.6480228379 -5.6993242334 -0.86700485087 -2.9532395509 -6.2532775788 0.70254943898 -2.2806968214 -5.7262070303 0.32660239083 
-2.0067767693 -5.1749481917 -0.2310592268 -1.6549080122 -4.0065990124 -0.88858762119 -2.0598696343 -4.1237798206 -1.1444653305 
0.051722600167 -0.022761862084 -0.44959192941 0.040386876437 -0.019289663609 -0.40585614245 0.017674086535 0.0051900646385 -0.50459887538 
0.11901624582 -0.063010464535 -0.37987292994 0.081512452067 -0.049022519582 -0.30957995885 0.09310425078 -0.038683674857 -0.51128120981 
0.046747741663 -0.0063991792518 -0.57148297721 0.065410887418 -0.04357900543 -0.25062716398 0.032510368464 -0.018503810357 -0.32533967892 
0.01436679089 0.0040187745632 -0.44374382034 -0.032747219706 0.043866333855 -0.58050121602 -0.0031112607226 0.03044376075 -0.62308377548 
-1.6738908925 -0.42709256098 0.10290647365 -1.8135738957 -0.50093730325 0.32606703836 0.073316859367 -0.12842643814 0.17078035165 
0.073043890478 -0.1334200205 0.1785594992 0.091167153968 -0.19103008072 0.25015454626 0.29451355678 0.41567827266 -0.046185506446 
1.4594935201 -2.9527862801 6.1262721248 1.4020222966 -2.8386391182 6.1779325603 1.3455104934 -2.9326329636 6.4578971428 
1.5348516657 -3.0218735771 5.7315009564 1.5257678134 -2.9566042966 5.6901530227 1.5392451736 -3.0889107642 5.8366740832 
1.4289461259 -3.0356608987 6.3127370991 1.4425889382 -2.8440380659 5.8543235418 1.3611817783 -2.7116922608 5.8792918238 
1.2777288555 -2.6938651318 6.0529912088 1.3014352433 -2.7985613093 6.3028726738 1.3024228159 -3.0045610567 6.6542332087 
1.2168970408 -2.8227108776 6.53648952 1.1798686321 -2.9098619113 6.8222606544 0.72758276377 -1.8577442969 4.2159443007 
-0.25486810509 -0.67718547965 0.59934852375 -0.27801617528 -0.62353676577 0.40404540332 0.53216695377 -0.73191021362 5.0035649545 
0.54971159573 -0.90982544003 4.589515292 -1.8676266701 -0.34010076395 1.1246245459 0.20537123758 0.73581917748 -0.44955256225 
0.59500399814 0.69085501991 -0.74273860711 0.51391877329 0.68167914377 -0.75252636356 0.05260527513 -1.6815939137 7.5514760743 
0.23523109815 -1.9403926685 7.0409898249 0.17535341513 -1.1824870637 7.4286152479 0.24933284617 -0.90261683331 7.0737553675 
0.10297520227 -0.74347930407 7.2510681315 0.33987752687 -0.70509535388 6.5958473217 0.20694284733 -0.54412207761 6.7671377922 
0.4013661793 -0.53940059497 6.0911598252 0.28187019896 -0.37945349703 6.250310011 -0.34026095808 -0.71889136126 -0.46530926973 
-0.3497018127 -0.65316384606 -0.45456986488 -0.46210618487 -0.54999895411 -0.95770215583 -0.4284020388 -0.68260331608 -0.92084817706 
-0.48594611457 -0.38011492022 -1.0487226377 -0.49613646398 -0.64639442217 -1.0325133639 -0.51963509689 -0.45650909348 -1.1441896487 
-0.39919603938 -0.80801287813 -0.82288990553 -0.44031549843 -0.87913748966 -0.85857889238 -0.50529622609 -0.79739797958 -1.0326652384 
-0.50453133643 -0.20064937581 -1.1519966499 -0.55854189821 -0.28738837007 -1.2174028923 -0.4091330805 -1.0470260511 3.120927367 
-0.2845607491 -0.70126685098 2.5348550135 -0.20976466139 -0.5464464427 2.2800260861 -0.18396465639 -0.42574016773 2.1063793305 
-1.018421508 -0.88125056888 -0.39957904618 -0.97227355169 -0.90981352081 -0.38379082415 -1.0189225817 -0.7784750545 -0.38915221835 
-1.0012517772 -1.0474096905 -0.37798580108 -1.0966087165 -1.0571954525 -0.39084756731 -1.0710987267 -0.74518833104 -0.40280984625 
-1.0882888996 -0.87626309053 -0.42196931939 -0.97061374129 -0.82996468338 -0.36487847303 -0.96490614601 -1.1538306783 -0.32952890547 
-0.92128975954 -0.99080986207 -0.31054240459 -1.0539380673 -0.64195038161 -0.40959103442 -0.99667513868 -0.70163151485 -0.37482269541 
-1.1026202307 -1.2327571821 -0.3609869586 -1.0144525407 -1.2780232877 -0.35215667112 -1.5972344858 -3.62036001 7.4445275448 
-1.4588995417 -3.2177648119 7.262944056 -1.4973991493 -3.1196182165 7.4979348485 -0.84513321776 -1.9502320384 1.1101927524 
-0.85573414951 -1.9028062456 1.4196122959 -0.53332402438 -1.653193292 2.3605070734 -0.80289333345 -1.8473067234 2.4586806215 
-0.72974507277 -1.923913717 0.71154722366 -0.86594163713 -1.9429894581 0.78612985446 -1.0582593798 -1.9741116495 1.5354339826 
-1.0530073477 -1.9962995507 0.89140205169 -0.30598091337 0.40390827087 -0.41200932553 -0.24185501042 0.36993670172 -0.40979804066 
-0.25331405621 0.38420132352 -0.4139720453 -0.33869883613 0.408411088 -0.40564674172 -0.26123763802 0.39797129978 -0.41100430754 
-0.30898985456 0.4151417271 -0.40121178974 -2.7671329472 0.6689108732 -1.5923711049 -3.1209095401 0.7462081163 -1.5558773179 
-0.70473117809 -1.5401969733 -1.179837266 -0.8453286153 -1.680807331 -1.2447847394 -0.59043573147 -1.6575152946 -0.94931863518 
-0.59554289333 -1.4613233779 -0.9599876137 -0.72813799982 -1.8125679161 -1.1496468617 -0.68140131207 -1.2726624496 -1.1510505811 
-0.94432709478 -2.1102163768 -1.3022073411 -1.0988124526 -1.9930878248 -1.3780888346 -0.058022483787 -1.4911274305 0.77661337164 
-0.037104243792 -1.4508771373 0.74904194797 -0.10584328981 -1.5810146287 0.8199162173 0.00736616481 -1.3219717575 0.70527535884 
-0.03947559068 -1.4661208777 0.80724187053 -0.0038116369613 -1.3758994526 0.75048612335 -0.13098201295 -1.6228026997 0.84898192763 
-0.09746668112 -1.5772828344 0.8497703515 0.02423872882 -1.2382849552 0.65359961907 -0.20808560911 -1.7494847723 0.89833666073 
-0.62579679108 -2.541876284 4.123625916 -0.61084446871 -2.7688026287 4.0886449967 -0.62842689417 -2.3261744894 4.1674885399 
-0.70324341 -2.8902587819 4.3206008838 -0.72557262491 -2.7383367214 4.4622399617 -0.69767314691 -3.1615245897 4.266685913 
-0.56868871093 -2.8837942537 3.9383650551 -0.59546215365 -2.0564896306 4.1164244756 -0.72047043832 -2.5211452926 4.501308644 
-0.55293954805 -1.7404273319 3.924054423 -0.66834835588 -2.2012779479 4.4025432825 -0.51256266718 -1.4193926171 3.6317843384 
-0.62028138224 -1.8530780842 4.1609157142 -1.5347761626 -3.0548904339 7.7892294369 -0.58166467164 -1.5626574968 3.9665319951 
-0.51122857526 -1.3553598084 3.8277716874 -0.35220612873 -0.93946116455 3.1633457568 -0.0014937083107 0.17283402476 -0.2106963959 
-0.0010796890509 0.16905621749 -0.2013878889 -0.0046056602261 0.17554318196 -0.21270766718 0.00066705430379 0.16919339195 -0.20652996629 
0.0030670550937 0.16507695134 -0.19730682335 -0.01164522188 0.17505196149 -0.2071030914 -0.0026118753054 0.16347192111 -0.18967646836 
0.0043255206364 0.15781817753 -0.1838842615 -0.015187976018 0.18207624248 -0.22198709238 -0.017291495491 0.17999735757 -0.21630272165 
0.0066208212746 0.15986849425 -0.19225167829 0.0084578388436 0.15208828249 -0.17705688536 0.0096648551632 0.14802855488 -0.17355909103 
0.012089296178 0.14209821979 -0.16740291658 0.010599390013 0.13655236568 -0.16200319131 0.0021387823784 0.13533899221 -0.16342370024 
-0.011341874084 0.13851917587 -0.17077419729 -0.028578725119 0.14175365551 -0.17902551927 -0.05169810239 0.14603863265 -0.18992571835 
-0.081685749389 0.15111427892 -0.20335424548 -0.12656613445 0.15431855059 -0.21816425238 -0.17516939767 0.1667724959 -0.24809539721 
-0.22793061684 0.17315053562 -0.27191303296 0.69533650616 -3.0351779655 7.5003151978 0.8652265151 -3.0413137581 7.4504869009 
0.97900546215 -2.9851250381 7.3004800446 0.39951969266 -3.0004842471 7.7523748818 0.70205930514 -3.1018886286 7.5786428336 
0.91625887389 -3.1488756628 7.5075607785 1.0386488021 -3.1004818194 7.3878639881 -0.29586132305 0.17150015258 -0.28977731005 
-0.35427657256 0.19564692602 -0.31676718632 -0.20067674219 0.30252254014 -0.15731383028 -0.20994640769 0.30883080947 -0.18287380198 
-0.17007261362 0.27688604499 -0.16898936304 -0.23235599312 0.34237553928 -0.12471400238 -0.25945936648 0.35580246545 -0.17194277476 
-0.19218390926 0.3140018479 -0.11219371321 -0.17299207706 0.28569800412 -0.13974646225 -0.17753228973 0.30002186353 -0.20026076827 
-0.27069381923 0.35671827658 -0.19456010032 -0.2305024744 0.34318947871 -0.21619583413 -0.14531898282 0.25624487988 -0.13048210472 
-0.14801288479 0.27146643008 -0.18921085892 -1.896111441 -3.7176511711 9.1392849407 0.086495042001 -0.55755288101 1.3463339041 
0.10509317675 -0.51659540263 1.3046379522 0.11213885996 -0.50830798902 1.2807231424 -0.56410544872 0.54710927351 0.38532411729 
-0.53564637284 0.53687782108 0.28470997187 -0.048755885538 -0.70984495181 1.2528201245 -0.31150279814 -0.77130672424 0.18157035993 
-0.31957252128 -0.80346866698 -0.0063362298974 -0.29690502274 -0.75070557095 0.3857066812 -1.2498194556 -2.4120953982 -1.431241277 
-1.0713194588 -2.6709437508 -1.2523033113 -0.7876645726 -2.278268281 -1.0336242525 -1.2620252073 -1.5584078393 -1.7258851047 
-1.4235431105 -1.9294883982 -1.7482941618 -1.6165017418 -2.4188311825 -1.7019097179 -1.4393102409 -2.9554944056 -1.3590782108 
0.24494506788 -0.24373526422 -0.63757956984 0.3040156911 -0.26940937131 -0.65413806285 -0.049719531107 -1.4263726957 0.91518337019 
-2.8765378433 0.69159101821 0.32340903115 -3.2160655698 0.77384532671 0.55638047394 -2.832097963 0.65546052341 0.43005847763 
-1.3571363036 -2.6327870737 7.37551044 -1.4644482524 -2.6909068926 7.910322254 -0.018680411751 -0.29307319681 6.9641765214 
0.10417628643 -0.17713509501 6.4269521135 -2.0674760497 -1.3335059281 0.8450739111 -1.9751154072 -1.5126961495 0.59494774231 
-2.0374256643 -1.2043430914 0.6281873439 -1.7567151131 -1.7019719369 0.39024110915 0.21030778883 0.62327957312 -0.27870242836 
0.17933784203 0.70365318964 -0.36186823296 0.054491396273 -0.12215106769 0.16198726158 0.04509175683 -0.086029877116 0.11809171839 
0.041657398241 -0.13859473144 0.1699963505 0.049656281704 -0.059152139593 0.092330502441 0.077100895019 -0.22189190217 0.2792537336 
0.088971862594 -0.21949959656 0.28495022241 0.0620706012 -0.12254758494 0.16645046989 0.03363772972 -0.026592600796 0.04700708351 
0.030781156178 -0.087819166675 0.11189524247 0.041449604848 -0.020098134266 0.043842827675 0.027430443131 -0.14773655198 0.16912789517 
0.059339341455 -0.22154378802 0.26389651997 0.0048284856541 -0.015289120004 0.019193227569 -0.0099971587107 -0.055458964284 0.05198117831 
-0.003605885694 -0.1387844892 0.13804925989 0.017905663213 -0.2097556168 0.22063798629 -1.1486583851 -1.7425277064 4.212119726 
-0.95466419693 -1.7052387636 4.1859393419 -1.0539954229 -1.8524840309 3.3202960834 -0.99675959634 -1.644437466 5.4229413168 
-1.3354057362 -1.8774003577 3.5714474167 -1.3653286142 -1.8115495407 4.6375458624 -1.1371134922 -1.7057195226 6.0375723169 
-0.79952122942 -1.5303044268 5.3274649903 -0.64228819446 -1.3537832676 4.5319446364 -0.74930661152 -1.6636803388 3.7067629365 
-1.0931697071 -1.9225359218 2.734224804 -0.62078701505 -1.5019240936 8.1176691396 -0.73926276204 -1.4857180933 7.3445480549 
-0.29032028572 -0.83217962433 5.0265718478 -0.19944904664 -0.89600015295 4.3706195553 -0.37902019349 -1.0428897823 4.3962007408 
-0.11262292432 -0.56597089094 5.1600424238 -0.48024916717 -1.0996941705 5.3898185351 -0.24328009318 -0.74796881817 6.9813948151 
-0.14832710343 -0.48552010426 6.3558307308 -0.027525765627 -0.4683020251 4.7218396083 -0.23470236742 -1.121703928 3.6488165637 
-0.059586205698 -0.84856707551 3.6259844513 -0.43600729245 -1.2880585948 3.8231422445 -0.59727752289 -1.7282134552 8.0043064351 
-0.091143817261 -1.9931559934 7.7270155704 0.966909799 -2.2279762344 7.7078707803 -0.70813798391 -1.620323997 8.1119877705 
0.6597228079 -0.36458214003 2.5724530668 0.56805870593 -0.24529653249 3.214376318 0.63518236484 -0.23678063339 4.0968661364 
0.59179718929 -0.15005259524 4.8305123979 0.62166156324 -0.37219425517 1.8054328948 0.55708956619 -0.39685004288 0.97555729221 
0.53796238383 -0.35839238611 1.1656778051 0.20102980725 -0.013699402134 0.87391388751 -1.1946907046 -3.3184962931 7.9448517369 
-2.0261831056 -3.6918356927 7.0805026291 -1.9928721819 -3.5165435377 6.9994658528 -1.8346823109 -3.4061249634 7.3540256032 
-2.0410820035 -3.7764552672 7.2685684384 -2.1171313884 -3.9305991571 7.0765348423 -2.1338689259 -3.8978015532 6.8518555445 
-2.1030454487 -3.7374082029 6.8593691882 -1.9939262295 -3.5163947519 7.2095775661 -2.1115966394 -3.6477643091 6.9281230264 
-0.44095380302 -1.9880032164 7.2081772925 -1.1163521542 -1.8304948792 6.9716590776 -1.0377779566 -1.7473382103 6.7785259602 
-0.11590382195 -1.7664921574 6.1658282184 0.53211193619 -1.9180911776 6.4389565952 -1.6493447863 -1.6573529163 5.8476065559 
-1.6772198347 -1.7470542745 5.762250868 -1.4595748383 -1.7671742304 6.25160455 0.57388824339 0.77225332115 -0.69267610077 
-2.3913137713 0.50584415607 -1.1339569941 0.040506468697 -1.1236586682 0.65810676258 0.055399152982 -1.1202879779 0.63370816381 
-0.01442278341 -1.3965988273 0.83036103489 -0.074788036665 -1.5109460618 0.86888962809 -0.047127343136 -1.4204240905 0.87909624928 
0.0045269510084 -1.3243909389 0.81623180067 0.035668569674 -1.1930958658 0.72899356739 0.019491063113 -1.2348528417 0.73695796001 
-0.11237754726 -1.5329185938 0.92422551772 -0.15391099862 -1.7436694716 0.96899403991 -0.083601933294 -1.468656749 0.92145703803 
-0.027589877208 -1.3873123562 0.86682919889 -0.16038729158 -1.6651076362 1.0294752978 -0.20988255087 -1.8703612064 1.0928385131 
-0.11236293236 -1.5311190692 0.96736884874 2.178845394 -0.99101193424 4.4576353408 2.2920616918 -1.1997692927 5.1289627164 
-0.49984982772 -2.8837257976 3.6437530012 -0.62193437937 -1.9447825908 -0.87012717195 -1.2890322765 -1.7717332718 6.4384093491 
-1.7153773754 -1.8687930345 0.63550486227 -1.4883090755 -1.917111162 0.322584455 -1.5835976593 -1.7952455532 0.21163903977 
-1.6038464968 -1.9349813816 0.63746689786 -1.7400303089 -1.9723079981 1.0212136033 1.5861432895 -0.66968810256 4.5008614305 
1.6002286036 -0.72095719189 3.9155123711 0.68079072156 -1.8906336012 2.9269795839 0.79326998037 -1.9184173584 2.9664573926 
0.74417084552 -1.8844073247 2.6492022718 0.71642100121 -1.8937478729 3.3271268616 0.60893616026 -1.7869944662 2.6980515049 
0.6031280511 -1.7916391042 3.1821815379 0.67516672188 -1.8459669327 2.5363646425 0.83836015904 -1.9600067495 3.4146824108 
0.94027788191 -2.0206529818 3.2703168429 0.86734986958 -1.9462900023 2.9090830694 0.74713078884 -1.8678310238 2.4335555922 
0.66958858574 -1.8306807727 2.2876111724 1.5388358818 -2.9867871736 5.3901956293 1.5464522246 -3.0538926833 5.3526815729 
1.486901112 -2.9521688979 4.7992019469 1.4947448079 -2.9321987804 4.9826422871 1.4815547844 -2.8630581239 5.2443086852 
1.4295583902 -2.7488145241 5.5677022996 1.5745604885 -3.1354979349 5.5588696257 -0.32110245482 0.39747992883 -0.1785335632 
-0.2794336375 0.37570965122 -0.23577955541 -0.31664845699 0.37805258549 -0.21183493744 -0.29041136278 0.38740213084 -0.14676163204 
-0.34826004301 0.42067783634 -0.15384351508 -0.36540751907 0.40707837582 -0.17868941097 -1.1089597877 -1.4144163733 -0.33159693352 
-1.0122002752 -1.5108303772 -0.22314704036 -1.2441626772 -1.4136522255 -0.33706010676 -1.2472613045 -1.5768229239 -0.26524280744 
-1.1289320219 -1.6382579058 -0.17491573648 -0.93208791429 -1.3996864761 -0.23784534441 -1.2106430504 -1.2119161991 -0.37903315128 
-1.8444667696 -0.40131321782 0.65761737993 -1.9450558826 -0.45845594174 0.90317787308 -2.0060283883 -0.47436539255 1.1294496383 
-0.034840359445 0.026045331837 -0.50529681955 -0.029792689295 0.016104687796 -0.53440379147 -0.0055277149123 -0.0081280570301 -0.36031627058 
-0.063694565592 0.071090522874 -0.61664615681 -0.051721373143 0.039257987941 -0.47470957043 -0.046082290901 0.056764049189 -0.62844783821 
-0.0039417421792 0.016011119392 -0.59218142838 0.55713783164 -2.0027580261 6.2551175701 -2.2967238102 -4.1323555778 5.579912669 
-2.3511363842 -4.0236168738 5.7398307336 -2.2674500944 -4.0509335913 5.9306454752 -2.2101130647 -4.1983873206 5.6711053002 
-2.1986910413 -4.2112229654 5.3165882346 -2.2674120135 -4.1149558025 5.1150111933 -2.3913314115 -4.0614365921 5.3040360231 
-2.3146154282 -3.9155705606 6.0784496689 -2.5025094275 -3.9819561751 5.4952684011 -2.470058978 -3.8578184235 5.827416437 
-2.246695858 -3.9761286869 6.3559502357 -2.2552798026 -4.1102231998 6.312028977 -2.2346154367 -4.1853338517 5.9969381785 
0.26194237744 0.015362107935 -0.12943199546 0.11595987906 -0.34175962203 0.14262787015 0.11982021491 -0.33796657874 0.14028440102 
0.079158007717 -0.056154522477 -0.076180147905 0.11336444044 -0.072617160906 -0.089174232312 0.11311961759 -0.078000522063 0.051504542305 
0.04041764073 -0.029143058655 -0.21351035294 -0.00950840834 0.013486200792 -0.40720609085 0.012269288367 -0.16124320916 -0.061596357632 
0.046715045965 -0.2140913406 0.054433096833 -2.1462177829 -4.5026264534 7.9092835602 -0.54863072071 -1.0885049223 -0.98643499118 
-0.4815827593 -1.1976906776 -0.81586913439 -0.4901115179 -1.5039405697 -0.75923940099 -0.52370880097 -1.823724082 -0.59417934816 
-0.83398502856 -3.3308793149 4.622124796 -0.86266408753 -3.244738034 4.8254002411 -0.88418241593 -3.0973011679 5.0193529438 
-0.8681932437 -2.7833769493 5.0127430179 -0.82669864269 -2.4627017189 4.9441903652 -0.79842417149 -2.2023654274 4.9219892139 
-1.1834433633 -4.0273635185 0.55675874704 -1.3199619872 -4.2374951298 0.8478954066 -1.0710999306 -3.8304358168 0.7937112672 
-1.6084684645 -4.8295117243 0.55024855316 -0.98389353211 -3.6793651801 0.50917410326 -1.057142989 -3.6370865662 -0.15020522515 
-1.3393441451 -4.0140249168 -0.16806878785 -1.2062021758 -4.0341217337 1.1008140665 -1.800735166 -5.0829789791 0.8274309753 
-1.5379789871 -4.7129819447 1.2679394717 -0.90293649941 -3.3299174329 0.98841995732 -0.8639851262 -3.34653175 0.77741506198 
-0.18035859163 0.32729569465 -0.25210789885 -0.14980008354 0.30121492309 -0.24435338914 0.048283520295 -0.63557289864 1.3541332412 
-0.538650148 0.53927446971 0.52185058475 -0.17720483687 -0.71194836388 0.92123568223 -0.11095550001 -0.71777827619 1.1195500251 
-1.2455112265 -0.18776009143 -0.22204802633 -1.1939495778 -0.10929496044 -0.25618663674 -0.10461633675 -1.1079231202 1.4045850935 
-0.066044697922 0.062207806198 -0.57843815226 0.56583348637 -0.98094182869 1.9844558766 0.82005076793 -1.3059314329 2.9200892984 
0.21289553958 -0.40010585981 -0.25033086382 0.17925929273 -0.36375107076 -0.25540637292 0.18848503646 -0.4038574425 -0.18595920464 
0.20885758221 -0.36275987851 -0.3210819592 0.15001401279 -0.37903536362 -0.20382539258 0.132191846 -0.34041244568 -0.28905155497 
0.1719486828 -0.33272470194 -0.34375225315 0.13567727109 -0.32152900801 -0.32695204339 0.14600000319 -0.39691403693 -0.13773259723 
0.09048483848 -0.87109694232 0.46876842724 0.59756675331 -2.1857530519 6.4196008979 0.63519743856 -2.257174434 6.4453155827 
0.55066324233 -2.0981000997 6.337752033 -0.29292478363 0.17160436353 -0.97910862692 -0.28256045909 0.18566463017 -0.98416858241 
-0.28069744358 0.28570327501 -1.0573022648 -0.29910738239 0.28423414879 -1.0751078333 -0.24646257299 0.13099680577 -0.93134673167 
-1.5516026251 0.12491805027 -0.086099750866 -1.5016836178 0.098996546957 -0.19099906343 -1.4520399963 0.03323550049 -0.063709099221 
-1.3528748516 -0.041064772365 0.07872430931 -0.38828750729 -0.95630655854 -0.68795346829 -0.36961756528 -0.89615790438 -0.60651492337 
-0.42200842863 -1.0355348937 -0.73840603507 -2.4731712817 -3.7107799185 6.7684762724 -2.3859823132 -3.7152675122 6.756218636 
-2.5418978822 -3.6396881006 6.729265967 -2.2812679629 -3.6510570457 7.0970088871 -2.2336715297 -3.6276169821 7.1011406322 
-1.1817993307 -3.4479008702 5.6841186903 -1.1184155888 -3.684244768 5.3127126258 -1.300857275 -3.8208480625 5.6543930418 
-1.0884128945 -3.0732278174 5.6236052717 -0.99078201619 -2.7390919025 5.6453593704 0.11494606675 -0.35984514741 0.27841702705 
0.088288021448 -0.32452778263 0.11107588077 0.045772870177 -0.025114738793 0.05041404301 0.047658898246 -0.041029316897 0.068330179618 
-0.33568904247 -0.82537512673 -0.41113610961 -0.36204862238 -0.92060505926 -0.44087424155 -0.33607681716 -0.79714264768 -0.31203255473 
-0.35886490115 -0.73221551848 -0.32540886073 -0.068492855579 0.40697983485 -1.1522637821 -0.070031771083 0.34207761825 -1.1083439642 
-0.081251173711 0.27262300971 -1.0161466558 -0.91794228788 0.11464228192 -0.6233887934 -0.8316951223 0.058576630547 -0.51099513697 
0.035003933475 0.21255627882 0.037816044866 0.063607184884 0.22670853813 0.1219810973 -0.19075371281 -1.7353817073 1.0920545023 
-0.49438051371 -1.2893614937 7.6340791024 -0.028871813855 -0.1395191984 5.8274709397 0.033259124664 -0.10693557583 5.2564769186 
0.11778802708 -1.2259781935 9.9260395914 -0.16081016999 -1.3508151923 9.5821068759 -0.078666975385 0.47145467718 -1.1667900011 
-0.051404204021 0.56772151286 -1.2251699653 1.1443524196 -2.9599029443 7.0133016593 1.0537586896 -2.8193098766 6.9801645123 
-0.49892282339 -2.9521784833 3.3311023574 -1.1357841776 -0.94791674209 -0.42912168179 -2.1677792632 -1.4716677351 1.2573796862 
-1.5724206414 -1.5805369083 -0.036299598321 1.4048202591 -0.76717815092 3.0087795475 1.1934800556 -0.69800216146 2.1572776415 
-2.0736290989 -4.3471148796 5.5488583511 -2.1454521026 -4.3616960545 6.0130066491 -0.0056604850842 -0.69119983608 1.2947173001 
-0.056822146755 -0.69925977654 1.2590980501 0.04356024065 -0.66789608465 1.3761077777 -0.0067570071646 -0.70278667087 1.3669453603 
-0.059637050922 -0.7151502347 1.3484988704 -0.11735082067 -0.69698476002 1.149949621 0.5926256583 -1.7086790616 3.679493203 
-0.077138171056 -0.44354042697 3.1844167285 0.16536489803 -0.1385864075 1.9399646673 -1.3683491861 0.094597484594 0.76529764658 
-3.7951540805 -0.13995642785 3.3387338272 -4.1643303777 -0.35770799777 4.040836203 -4.8005582435 -0.18823902552 4.3051690858 
-0.084803196938 0.84973932587 -1.3438834284 -0.082524080162 0.72398752733 -1.3059515128 -0.044255728656 0.83484989531 -1.3616677398 
-0.15146140483 0.69495861822 -1.2530973824 -0.10334528235 1.0731641637 -1.5025873307 -0.14111364769 0.95796755811 -1.442906716 
-0.051698254467 0.9654982627 -1.4098807154 -0.15887443683 0.5722455835 -1.218959372 -0.11454927694 0.59572186042 -1.2328668441 
-0.058351660238 0.68831977394 -1.3063978049 -0.03477840398 0.81291475935 -1.3615493085 0.0043402732752 0.98264557712 -1.4593267397 
-1.554502517 0.14204764227 -0.51115879099 -1.5524867178 0.14077364092 -0.41589314039 -0.98439638242 0.46855448821 0.16724304647 
-0.97107966641 0.52107342721 0.20521249694 -1.0212232109 0.45520392534 0.20900251685 -0.93439126881 0.52910098504 0.15276298105 
-1.0387319188 0.40303479795 0.17991993016 -0.98989428586 0.41771020206 0.093212518991 -0.94422274128 0.48149166219 0.088841248667 
-0.89121074967 0.56095516167 0.21217793653 -1.0126820601 0.51141018109 0.25258182245 -0.94351074464 0.56640150488 0.26707237708 
-1.0749740878 0.45164613144 0.28258352843 -1.0861848074 0.39363865746 0.24670447646 -1.5523571045 -0.43536814781 -0.055893761556 
-1.4119285059 -0.32185262796 -0.14957279282 0.22346712942 0.54552964869 -0.16005361519 0.16906170385 0.52003229724 -0.14648672538 
1.467883765 0.83182551856 -0.41647693194 1.3390279152 0.79499043185 -0.45162884216 1.3182084808 0.71681418785 -0.57630839782 
1.5423456835 0.93017947177 -0.28368375294 -2.1738198047 -1.2705523953 1.3378630355 -2.1566603673 -1.1685638724 1.1374738973 
-2.2268942414 -1.1013013062 1.4708791579 -2.3181147773 -1.3843640227 1.9869962692 -2.2690920563 -1.1931955412 1.8024646879 
-2.1214674281 -1.0622260501 0.85780587378 -2.2091250234 -0.99637280061 1.1913501216 -2.2172520253 -0.91913610829 1.4842187333 
-2.2591315647 -1.0347156547 2.0116589028 -0.46500446657 -0.13371248786 -1.0927422254 -1.095677074 -0.59352205132 -0.43362636684 
-1.130739426 -0.76474887284 -0.43503380924 0.17273004281 -0.045141631852 -0.71505613496 0.15269400767 -0.033885361068 -0.74986722407 
0.13981805706 -0.029153416391 -0.72496451124 0.17513338959 -0.054630698878 -0.67712040926 0.18891534282 -0.038353281808 -0.7106198429 
0.23634387823 -0.049884476703 -0.63782384733 0.21543230939 -0.057802446318 -0.63479095607 0.1166287851 -0.013905942908 -0.77475239444 
0.081571416481 -0.0044307005711 -0.79070367554 0.12058213824 -0.0309846656 -0.71842206537 0.10467014074 -0.017696564689 -0.78147321579 
0.16680881775 -0.028403040496 -0.73593140476 0.76764226894 0.13689668115 8.073431065 1.073449512 0.034483544791 7.8393774563 
0.83739220564 0.09867431857 7.5419928306 0.43473655619 0.57568876873 8.0195588308 0.80706929514 0.2149533121 8.8710633432 
0.50528729604 0.37762217924 7.5767420185 1.1853459548 0.0031717925678 8.520225709 1.394080765 -0.18923359781 7.7727554636 
1.2386730922 -0.19698517767 6.8707139396 0.92934957797 -0.1472919775 6.689628165 0.55849066702 0.18282390277 6.8905715302 
-2.8412381197 -0.0093203121888 2.3357148578 -2.6113907201 0.017894328834 2.1809577891 -0.035079123998 0.26406132689 -0.36416197202 
0.1497084918 -0.095998599654 0.2236189485 0.099682124963 -0.6223305459 1.3306522346 0.11312697812 -0.55491862982 1.2712431308 
0.60814223252 7.3437639317e-06 6.0532566428 1.5475293485 -0.48260001656 6.0020811468 1.5935411852 -0.49287600136 6.6198162591 
1.1203566938 -2.5543604181 6.1937268446 1.1561718373 -2.6684861918 6.3580091757 1.2493724759 -2.5391035315 5.8565726587 
1.1051998563 -2.4224653505 5.7769474951 0.93510203673 -2.4241740399 6.0981250177 0.88643829552 -2.4688123784 6.4493805709 
1.0010215196 -2.6115877882 6.6218131598 1.0060327009 -2.7141253027 6.8034715678 -0.82083758081 -3.6050034327 4.3407271428 
-0.93762254115 -3.6744145588 4.6738705109 -0.69142630542 -3.3719295052 4.1594710101 0.015672991337 0.16578478082 -0.26858852684 
0.016666629088 0.14958819582 -0.24802355327 0.014352625249 0.14961530328 -0.25333505084 0.012277369119 0.17015026834 -0.27928529052 
0.015368820613 0.17174729958 -0.26917971056 0.015217582588 0.1885422937 -0.29249496591 0.011361163952 0.19567029135 -0.3086440845 
0.012583625994 0.12171145044 -0.20784958204 0.0078524437886 0.13772135289 -0.21852920012 0.0076505086377 0.14876879212 -0.22741108295 
0.0056444600799 0.1559178573 -0.2591260859 0.01075551467 0.11226061722 -0.19819542204 -0.03313725112 0.14735927905 -0.17517905268 
-0.027656331933 0.14620692557 -0.17902940513 -0.028554655598 0.16090022371 -0.19830743143 -0.03793576431 0.16543394065 -0.19633459684 
-0.018042817536 0.14508948066 -0.18798358493 -0.019755043205 0.15444506322 -0.19832309184 -0.016428338942 0.1286542546 -0.16457766228 
-0.010382812234 0.14946104992 -0.20225539262 -0.0079632702221 0.13572051815 -0.18882454285 -0.0095368599899 0.12680742547 -0.17316077754 
-0.0094703744519 0.16008127593 -0.21410045348 -0.018274624756 0.16720521586 -0.21399907925 -0.00069155852545 0.15946185409 -0.22460496962 
-0.0014691287298 0.1454209006 -0.2084500904 -0.29751223869 -1.4238961598 2.5564238387 -6.9941716048 -5.4136473075 9.9378340905 
-11.818236472 -8.205029753 11.192990274 -4.4083094174 -5.5132895353 9.4769552078 -21.656681923 -11.204472674 10.395006404 
-8.7115770091 -7.3863161228 11.088219702 -3.9500370187 -5.7136020408 9.4265776662 -1.2933835064 -3.2047253514 7.2580788878 
-1.7799084745 -3.4086129434 7.4715839443 0.49045323929 -0.55006916881 4.5598284989 0.4548372144 -0.45056827187 4.1867384771 
-0.56593407775 -0.60603480923 -1.2275847488 -0.61376891508 -0.87631657173 -1.2052558007 0.10840750278 -0.032136670488 -0.61097184221 
0.11615401216 -0.031112842416 -0.63867989626 0.1634349477 -0.062821703544 -0.55696640252 0.14198217149 -0.063534643084 -0.50355227517 
0.035097325536 0.01293897349 -0.66222260441 0.039329423063 0.0091121072469 -0.69882331928 0.15280930273 -0.055613574698 -0.61611223441 
0.045107428627 0.0049866639825 -0.75376775411 0.19377280519 -0.088122874369 -0.4542358164 0.2050339758 -0.082765288446 -0.50083818575 
-1.8881907509 -0.55558129388 0.59720226173 -1.928163378 -0.51373668898 0.76116979096 -1.8527141619 -0.65086260742 0.36277031638 
-2.0217570367 -0.68059366231 0.8666314045 -1.9468219074 -0.73449241889 0.53705580124 -2.065853956 -0.6081511982 1.009473584 
-1.5365244631 -4.2347397025 5.7802308823 -1.4187760102 -4.1929479413 5.5000353523 -1.5619170803 -4.412107392 5.5039627111 
-1.6560283421 -4.4157125549 5.801203801 -1.5226302148 -4.0663009257 6.1669962386 -1.4039590989 -4.3962910051 5.2559989408 
-1.208993241 -4.1661159106 5.1474399213 -1.1209773137 -3.8327392126 5.1463370658 -1.5005136552 -4.4206569476 5.1137748443 
-1.7024376408 -4.4286929106 5.3609902946 -0.15124236961 0.17574783937 3.2489636512 -0.234970441 0.14548207526 3.6984377658 
-0.20999478602 0.23958063255 3.5362466278 -0.1204214098 0.059303890129 3.1744045182 -0.041137813004 0.13104984253 2.4938325976 
-0.043889196151 0.079572403783 2.5677825338 -0.1073840695 0.21250326392 3.0393119656 -0.25452280585 0.013748314188 4.079266227 
-0.32036074663 0.08415420485 4.5196179886 -0.26499527871 0.2001101351 3.9403460381 -0.17211392329 0.29146701533 3.3812806553 
-0.29464903433 0.33151970285 4.0693499885 0.078121339825 0.032036276065 1.9350099673 0.067332940088 -0.014382213866 2.0888293553 
0.18958448334 -0.047864306806 1.5060257503 0.22566778585 -0.069515298198 1.0832033605 0.086357057512 0.05649444541 1.949846335 
0.17312174211 -0.030836631804 1.3473765059 0.02574532974 -0.032555849565 2.4959051374 -0.012214852773 0.16110074517 2.4940623973 
-0.41542618666 0.42723954613 -0.3861552483 -0.36580434806 0.42799299766 -0.38842114156 -1.6963809165 -0.44540444981 1.9775431464 
-1.8841466754 -0.42788765812 1.8192972098 0.55382485747 0.82583844141 0.81836749284 0.60248032698 0.83625910466 1.0353413487 
0.44876264607 0.70663395827 0.82387526525 0.4253478108 0.74683512225 0.64473549096 0.72296070166 0.97005214528 0.99781198184 
0.68352173508 0.99302558279 0.7487628511 0.51631067474 0.88486518007 0.50622770411 0.8403671044 1.0576893248 1.3108483603 
0.76733464222 0.88820446518 1.5999366881 0.52784527517 0.75171815492 1.1021058137 0.30662833675 0.61947676828 0.57403424299 
0.37266145207 0.62476631505 0.78596423179 0.79710292328 -2.12301712 5.6700985412 0.86447113556 -2.2459655859 5.7272706102 
-1.066925789 0.52367885596 0.35593050733 -1.0038577299 0.57595308358 0.4023897819 -1.1204221941 0.38123778345 0.32181855094 
-1.1327794844 0.42799872755 0.39919301702 -1.1070878293 0.4790207856 0.37931627854 -1.8868255553 -4.4859222438 5.7147164606 
-1.7104371323 -3.668725432 2.9611131074 -1.6379494175 -3.6532422578 2.7410542634 -1.8112001665 -3.6992084307 3.0205090912 
-1.4407459091 -3.4356333139 2.5573790651 -1.8845610617 -3.6783969303 3.2313493014 -1.7983550247 -3.7078195131 3.3051868899 
-1.599267761 -3.6045385369 2.9787729418 -1.7474843845 -3.6575300253 2.7886453521 -1.5703968003 -3.5551816588 2.5054556761 
-1.3629645056 -3.3561229013 2.3395394414 -2.0316628256 -3.7690699236 3.3388426075 -1.9825462581 -3.7540113622 3.1070293021 
-1.4255508098 -3.727328893 6.298772045 -1.303250791 -3.3677773563 6.2944484082 -1.4656504395 -3.6658239819 6.7011911152 
-1.1767343914 -0.80949310332 -0.43830739888 -1.2480622028 -0.98339406654 -0.42164399676 -1.3185274111 -1.1940369554 -0.37331110713 
-1.1703574808 -0.66008062201 -0.44089995476 -1.2042395861 -0.66983729491 -0.42463187519 -1.3452963237 -0.90852101573 -0.38904041671 
0.23194511922 -0.09920858492 0.7289561987 0.25395510805 -0.11655452907 0.44421605557 0.2890739434 -0.1175774645 0.58608783117 
0.1536906413 -0.014709838989 1.4316926425 0.18104587497 -0.051143481798 1.1314009319 0.20732607376 -0.092093701556 0.64468417364 
0.2629193768 -0.11543540077 0.24330870807 0.20875687478 -0.10897511715 0.10365649365 0.21127413228 -0.11327212161 0.30997205914 
0.29729160855 -0.11874234079 0.17667468047 0.28360058422 -0.10224008685 0.77825142861 -1.9587467997 -1.9575237185 3.5957604575 
-1.9908555596 -1.8169700532 4.3869441871 -1.8358880157 -1.9501367567 4.078490981 -1.6354920637 -1.989868623 3.1059634755 
-1.8028160093 -2.0432857073 2.7418726195 -2.1033726626 -1.7205170778 4.2194392867 -1.0765346802 -0.41334265365 -0.44299977987 
-1.0312347173 -0.47658626723 -0.43587718062 -1.0300416781 -0.36835244484 -0.42037309993 -1.0985328754 -0.32079898566 -0.42830039933 
-1.1664366534 -0.3583486555 -0.46252830184 -1.1301537637 -0.46599080275 -0.47659116776 -1.0012750294 -0.56206752344 -0.39679562199 
-0.9765661205 -0.44607715976 -0.37443326849 -1.0495880171 -0.28189148024 -0.41063131184 -0.96701909121 -0.33582016544 -0.38129526494 
-0.99659248321 -3.0670233018 1.9897237269 -1.1322139449 -3.1539194031 2.067943805 -1.1708413697 -3.1595138385 2.168357944 
-0.94276150224 -2.986271536 1.844013803 -0.98496729625 -3.0473656642 2.08596806 -0.80797847972 -2.8532210667 1.843461389 
-0.78141168675 -2.8007917873 1.7336792229 -1.3087630601 -3.2434181827 2.1122129724 -1.0954624381 -3.0700346681 1.8800207621 
-1.1504568735 -3.1523332094 2.282949408 0.16847633661 -0.07212997042 1.7539025615 0.042952154346 -0.092001069813 2.5569820739 
-1.6135647623 0.19441347446 -0.66447411362 -1.6974700512 0.24346289454 -0.68864356865 -1.6453412331 0.22353892678 -0.77097782942 
-1.4595897403 0.11392031992 -0.57487068364 -1.5156655534 0.15572061591 -0.69495998218 -1.7912931017 0.28613672929 -0.84068980792 
-1.7345879375 0.28906176159 -0.963388356 -0.85745139152 0.56619870534 0.17551953844 -0.88730572976 0.53167805854 0.090917973089 
0.00038274193544 0.17151334492 -0.23822315487 -0.015752609899 0.17289581259 -0.22367738323 0.010591948479 0.17630884497 -0.25597184469 
0.0067002609689 0.17034096199 -0.25146374502 -0.11817364657 0.49968640692 -0.34380159516 -0.19573563758 0.17993752376 -2.366898459 
-0.36600181817 0.21326003169 -2.3687824827 -0.25331849462 0.24031733883 -2.2721212538 -0.45772127431 0.26199619897 -2.2910333461 
-0.64912990049 0.24508321455 -2.3637864376 -1.5042983439 0.39548425753 -1.4101267734 0.029045110729 0.033713353723 -0.020535717538 
0.31561179661 -0.01851726993 0.045284417073 -1.1753326325 0.48274906004 1.9667843617 -1.2002960359 0.27920217319 2.0487757435 
-1.4130936402 0.25107339589 2.0236501508 -0.97778419549 0.61038827942 1.6281926034 -0.93611807867 0.47673458274 1.9335311248 
-1.0805909982 0.6066107027 1.5603230626 -1.3709640786 0.50902158597 1.8946406295 -1.3788404386 0.07475605711 2.0108159343 
-1.1511540045 0.088397940281 2.0408041621 -0.95867826448 0.28967471064 2.0635775255 -1.5552587915 0.03559196748 1.9904060244 
-1.5748663615 0.19856838583 2.0011207064 0.23604071937 -0.35095926244 -0.3904384904 0.20384903701 -0.32907901101 -0.38733910192 
0.26560058487 0.62779035646 0.34684665396 0.33592282909 0.69394624554 0.33766057647 -0.85111182422 0.32959644477 -0.17004558084 
-0.8923369189 0.27077480748 -0.17589449284 0.096140219307 -0.22253787577 0.081253969612 0.10329897519 -0.25831656351 0.097506613984 
0.10434730311 -0.28037030969 0.10786012002 0.073229932545 -0.14445686893 0.034111173852 0.077889774977 -0.14196202615 0.028438192891 
0.087295211752 -0.21606834239 0.07742958088 0.09422471103 -0.19913310155 0.063304194743 0.10474325939 -0.24488015246 0.090307484749 
0.10267616893 -0.30816450485 0.13215007174 -13.009015947 2.1293279066 6.3662179416 -11.456750653 3.180477844 3.5892623463 
-14.75884717 -1.9670848065 10.219268604 -9.6339553223 2.543037437 3.2503246627 -9.9739800375 2.0612161965 4.9069708099 
-11.274694842 0.067079780779 8.4784905049 -8.9791914117 2.6853006374 1.8214709929 0.27743510631 -0.090914445188 1.1886290031 
0.26532176482 -0.099172109364 1.4688709648 0.15353188565 -0.11898965856 2.0566317283 -1.1365570317 0.32134697872 0.3001768493 
-1.0971477672 0.33953295144 0.2083407576 0.24358382838 -1.6710362021 1.3241956545 0.32476116587 -1.689210449 1.3911950184 
0.20549268258 -1.61889201 1.1512170571 0.13480506197 -1.6294717854 1.1477303856 0.37092422309 -1.7329858884 1.7578671176 
0.15405297107 -1.7045480725 1.2824627338 0.30343674275 -1.7230148498 1.7412931516 0.40280659976 -1.7046244119 1.5205805991 
0.27559549974 -1.6378891462 1.2618617033 0.51639359648 -1.7588577773 1.8448474888 0.45326960122 -1.7398666103 1.8302366514 
0.087954910198 -1.594500349 1.0013005572 0.15521333823 -1.569582438 1.0658658055 1.6049028126 -3.2297221587 5.7388176874 
1.5298880356 -3.1582066245 6.2226520421 1.6647721165 -3.312665299 5.5202856065 1.6280260448 -3.2160453921 5.3831799224 
0.46569296928 -1.407345589 1.6229760991 0.41341214259 -1.3221575368 1.5015156534 0.41311661068 -1.3442839947 1.5236740692 
0.56402245468 -1.593260019 1.897632922 0.57258701533 -1.576285115 1.8836477289 0.491850957 -1.4861988272 1.7244112291 
0.50900743792 -1.4565802809 1.7134747991 0.36144656236 -1.2574621037 1.3974582475 0.39188248296 -1.2258426501 1.4012270492 
0.34639739535 -1.1637427811 1.3172431407 0.42052162426 -1.4142013004 1.5762655358 0.34816917202 -1.2932439608 1.4024519583 
-0.20086441492 0.57780639114 -1.1965249572 -0.18634752456 0.46200276248 -1.1420493428 -0.16127637583 0.45880573551 -1.1171177703 
-0.20213394593 0.76151108753 -1.2999556631 -0.24347283705 0.69022554457 -1.2533873103 -0.22805220217 0.45196373212 -1.1295415997 
-0.26812480796 0.5285396098 -1.1470331156 0.021857940867 -0.030262193229 -0.19480227149 0.054483029282 -0.063790508638 -0.12854709485 
-0.56733551655 1.0284095288 -1.4655946482 -0.62687339511 1.0010123503 -1.4743558946 -2.0768381399 -1.2085299525 -2.4120120683 
-1.871489061 -0.84680395655 -2.3562602871 -1.8697931175 -1.7645845744 -2.1737490586 -1.6108278593 -1.2486367447 -2.149354524 
-2.5911804679 -2.3083518908 -2.3711361161 -1.9618258746 -0.44039613521 -2.2996332106 -1.5695159126 -0.53082208173 -2.0330716479 
-0.22455264754 0.42841180388 -0.35468057658 -0.079329913615 -1.080983761 2.822629754 0.065350189358 -0.88129820696 3.022712993 
0.15635355456 -1.0406855208 2.7518062483 0.070271744472 -0.5854888303 3.7185969519 0.17575624614 -0.65959936135 3.4022343615 
-0.092208728986 0.23442068517 -0.31669826728 -0.19892959197 0.10850448281 -0.2625891027 -0.026554006537 0.18617791426 -0.22710763042 
-0.031222338288 0.18157609448 -0.2215528133 -1.3755276159 -3.2520922408 6.8742133961 0.69406128266 -3.1721196063 7.6462852654 
1.1525194377 -3.2357673285 7.3507800638 0.93650794176 -3.2558117594 7.5380193244 0.015980581179 0.18506237249 -0.27980789289 
0.015413757366 0.19202791066 -0.28048293914 0.013268377926 0.20103034697 -0.30131366489 0.0088399814858 0.18781933589 -0.2633586126 
0.011703382994 0.19908343882 -0.27923394639 0.012858961121 0.20421548406 -0.29700309304 0.11896820454 -0.1868145523 4.5254731004 
0.13195549355 0.010494602858 4.7459177296 0.21510305212 -0.24085084676 3.9946930608 0.085632760473 0.20326388962 5.225118604 
0.03366666991 0.17008793935 5.7750777195 -0.33349692824 -0.76100212056 -0.21587969781 -0.33320168696 -0.6594767688 -0.1795401956 
-0.3408070676 -0.59271376099 -0.35501133137 -0.32585650492 -0.90024005513 -0.25996177682 -0.32344624954 -0.85906885301 -0.18283303403 
0.67774878575 -1.6750666884 5.2550780634 1.126092006 -1.6877014503 4.3806977625 1.1267087825 -1.7730293143 5.1675029194 
-0.016708534968 -1.6631122634 5.5539817099 0.85094686625 -1.6856136233 4.3100668314 0.318107767 -1.8281501368 4.7448930656 
1.346953102 -1.5796118337 4.0514425507 1.3781959721 -1.4921349785 4.3064903143 1.1855944284 -1.901058487 5.8691975851 
-0.83110185867 -1.6130017927 5.9651146604 -1.6038646109 -1.5636881827 5.7024955301 -0.8456784208 -3.2713434934 7.9653588778 
-0.57594680995 -3.2028858308 8.0113729706 -0.28310982745 -3.1605754865 8.0154153119 -1.0928679554 -0.23182571882 -0.42748454459 
-1.1548928838 -0.25539494051 -0.44461172149 -0.93853710713 -0.23151687612 -0.3795191311 -1.0183855267 -0.17134660063 -0.41920103394 
-0.23145145162 0.37094376208 -0.27145151266 -0.32616049614 0.37949232914 -0.24379723352 -0.25875323878 0.39931538605 -0.30843527327 
-0.30308687564 0.40040384473 -0.27003049094 -0.59764330959 -0.08364602439 -1.3024766715 0.1194844475 -0.11501119174 0.0058323000894 
0.10469241635 -0.085031043593 0.084200934097 0.1595047726 -0.12786223995 0.18692938933 -0.019066409394 0.0077933410234 -0.30422789173 
0.016710437607 -0.018051783012 -0.16891745722 0.047258540011 -0.043418023189 -0.062352107209 1.3826163283 -0.59145366629 2.2483676419 
1.36556328 -0.68984860785 2.4565393345 1.872928322 -1.0350305953 3.8405764056 1.9095120117 -0.93408217021 3.6440899204 
1.206887718 -0.38344749404 1.6921969508 1.4023870143 -0.52290845644 2.2304934667 1.33728908 -0.81765209363 2.4648123809 
1.6388955972 -1.2083300072 3.8704889774 -2.233466458 -3.873786514 6.5377620895 -2.1921930851 -4.1143638886 6.8073211065 
-2.3646622766 -3.8393237132 6.3514737477 -2.2657082178 -3.7422485872 6.6299446799 0.029719003429 0.013021863883 0.0022919535198 
0.02794336827 0.053734539332 -0.044338617129 0.020688039911 0.077790686033 -0.07425353194 0.012212890795 0.13020296437 -0.146549051 
0.012339689573 0.13221688583 -0.14857125119 0.012355904799 0.12509824469 -0.14156781604 0.014107706328 0.11967292435 -0.13580599913 
0.0088938312923 0.11722437567 -0.13531767588 -0.0028470730572 0.11592436604 -0.13886915811 -0.018035347886 0.11653155005 -0.14425523195 
-0.039444312779 0.11699393422 -0.15156440853 -0.067516698392 0.11868046653 -0.16235554534 -0.1002146063 0.1166217239 -0.16996723422 
-0.21876146712 0.12794154641 -0.22644418852 -0.16000541179 0.11664760074 -0.19144150949 -0.27774586379 0.12795663242 -0.24764282166 
-1.8725912564 0.35190529676 -1.0550676621 -1.7409861388 0.34859317888 -1.1447781072 -1.8858053594 0.40434880381 -1.2034504534 
-2.0623097583 0.40612665899 -1.0772372503 -1.7807406066 0.39935161478 -1.2836073333 0.86665773696 1.1222613089 0.9006245463 
0.94006247826 1.167740154 1.1253945521 -0.1311727139 0.32170412365 -0.40019086394 -0.074768985132 0.3032272222 -0.40215972733 
-0.12227816419 0.33177435224 -0.41300117861 -0.006270744364 0.18062074698 -0.24119324197 0.01585388951 0.1082914761 -0.11186076494 
0.0095192396237 0.12028235222 -0.12862800441 -1.3018367743 -1.333495492 4.5249633637 -0.93236962247 -1.5829553511 4.6799586094 
-1.4210487914 -1.3985978024 4.7396955572 -1.6812791571 -1.1490493751 4.3002939552 -1.5719752631 -1.0857371857 3.9644502818 
-0.87306111672 -1.4855803417 4.3785414965 -1.1972459335 -1.2890839837 3.8147860915 -0.81796276869 -1.5588236401 5.1307636452 
-0.27368909961 -1.8003548952 4.9472915988 -0.40485282885 -1.711873805 4.3283866161 -1.4365837155 -1.4257794342 5.2484623904 
-1.8931147087 -1.2783926063 4.2391563699 -0.027861919869 0.1765569337 -0.20669766219 -0.034462027856 0.18377707089 -0.21716138898 
-0.024017707816 0.17897518615 -0.21217704565 -0.016819065169 0.17093035864 -0.19845429374 -0.013422919217 0.15380307635 -0.17578354873 
-0.031579187862 0.18645718834 -0.22217163859 0.008346466898 0.20289508181 -0.32548391878 5.5855730606e-05 0.18634421643 -0.29786375834 
-0.10062549634 -0.14808582532 0.081495546121 -0.092212669289 -0.20250233521 0.12472650361 -0.074480316831 -0.13392686368 0.082618557584 
-0.084528176701 -0.10001043951 0.052781949073 -0.12851870366 -0.20369297899 0.10638594311 -0.14841999711 -0.13677462925 0.04252198603 
-0.12771172516 -0.085739414883 0.014590746172 -0.073486617056 -0.2901755059 0.20830917649 -0.07174812114 -0.20818590407 0.14405274784 
-0.095190961824 -0.30539832768 0.20188291653 -0.11875211748 -0.26094906608 0.15334038453 -0.052967131976 -0.13901104759 0.10127958561 
-0.049349009145 -0.070897706733 0.042783625765 -0.80526191482 0.58458319548 0.25360725173 -0.85617187596 0.60220799155 0.30393663707 
-0.7757560703 0.58744128876 0.20024311889 -0.79528721569 0.54712767077 0.057899358898 -0.77435759682 0.62123091571 0.33631554773 
-0.7232440844 0.60727694883 0.2888131997 1.7137127024 -3.489575389 5.7687321773 1.7389676418 -3.5237709892 5.5865661693 
1.7087228429 -3.4311793797 5.5195936473 1.709619297 -3.5374926392 6.2018679582 1.7554244801 -3.5829298394 5.9016093996 
1.6653780691 -3.4389626503 6.2181623286 1.6839002723 -3.3757772979 5.7779527909 1.7156244631 -3.4942933877 5.3656402724 
1.7599575281 -3.6133983211 5.3518744726 1.7832237469 -3.6383356943 5.7493065686 1.6740331413 -3.3368672873 5.2615626587 
1.6804651144 -3.4069171209 5.2131631785 -1.3754271411 -4.359259193 4.7516118851 -1.2723427341 -4.2581964188 4.8293846575 
-1.0131331844 -3.9952195129 4.6366110914 -1.0418999094 0.34991109613 0.11343866681 -0.31711904034 -2.907466168 2.9035254669 
-0.41362920053 -2.9226101224 3.0917123993 -0.44746063264 -3.0940144672 3.0335531964 -0.26089975259 -2.7748959097 2.5669795277 
-0.4053470984 -3.0577857216 2.7612368857 -0.57706209469 -3.1919159235 3.3345422287 -0.28784757535 -0.3823710391 -0.15984314508 
-0.29168244225 -0.41895523645 -0.009341936098 -0.15152850129 0.39661450815 -1.0667019125 -2.0978837787 -2.5917642484 -1.8470912416 
-0.13354328977 -0.63365561615 1.9121057711 0.0040681932614 -0.53796112216 1.8381482063 -0.052457588795 -0.70115402581 1.8953129696 
-0.074886356151 -0.43508860644 1.8846249902 -0.25333444613 -0.53933926316 1.9755639263 -0.3122705539 -0.67502447044 1.9340055809 
-0.19002125958 -0.80644710627 1.8604459547 0.0083859283712 -0.32860042953 1.7769231582 0.049514209423 -0.39440002458 1.678231879 
-0.10227731754 -0.87570806777 1.828096812 -0.17281267017 -1.296321974 1.2983250302 -0.1911660408 -1.3969761438 1.1564743009 
0.068712798424 -1.09501127 0.588215185 -0.10153504258 0.097991579422 -0.67386539812 -0.098601106325 0.094954667197 -0.65413391739 
-0.061528942222 0.077078811763 -0.67694778649 -0.091381420471 0.11026668723 -0.71649289055 -0.091792130069 0.08324072937 -0.59987572792 
-0.07004820601 0.059642956007 -0.51113270798 0.052662812135 -0.062400123565 0.094246087378 0.065341234156 -0.10664779618 0.1487615789 
-6.6323941284 -0.19078784464 5.8498471467 -6.2925765443 0.56302203701 4.6902406084 -6.0261098702 -0.55871660588 5.8340580023 
-7.5810966529 -1.0896701138 7.4587050222 -7.2500325136 0.30406822018 5.9106719011 -6.6030318811 -1.4182177247 7.2736453373 
-6.8563906569 1.0184519841 4.8146484252 -6.0227462751 0.89514832881 4.0516586117 -5.0280964296 -0.89563446056 5.5277500801 
-5.6296173385 -1.6390655227 6.7749561018 -1.342803297 -2.0044743537 2.6493021915 -1.5867484179 -1.9295508653 3.9710036583 
-1.2612428601 -2.0453643166 1.3623304505 -1.4927657108 -2.0363561898 2.0737987676 0.034064410135 0.029953582772 -0.01439754799 
0.047658809298 -0.034923954326 0.062979374735 -0.3148549909 0.51753738339 -1.1442582167 -0.28038254812 0.40450726173 -1.0898998307 
-0.31346545196 0.68033794103 -1.2243944968 -0.28256672834 0.39873101683 -1.1206501243 -0.33957611086 0.70342526661 -1.2500995125 
-0.35517778747 0.60565899699 -1.2595699776 -0.3100621609 0.45266736686 -1.1823098989 -0.26331424961 0.31167026134 -1.0511759163 
-1.1635660306 0.37192192302 0.46559683762 -1.181716582 0.32226220517 0.44730042561 -1.1475515364 0.27493910126 0.24969629627 
-1.2117401126 0.26490509789 0.43986814586 -1.1839182941 0.25766261676 0.33383362294 -0.09756819689 0.29984864213 -0.33483445019 
-0.095751443089 0.29877613188 -0.34818494928 -0.086481540456 0.28151563614 -0.32400251055 -0.086476445408 0.27665479338 -0.30376550625 
-0.10010775505 0.29684524445 -0.311889189 -0.12185803867 0.32299577416 -0.33099583154 -0.11703253217 0.32874361304 -0.35970237097 
-0.084845995934 0.27970644378 -0.3311066659 -0.095544186664 0.30326555183 -0.36671275893 -0.11591558969 0.32869474834 -0.37695722562 
-0.076796738811 0.25847393396 -0.29979207519 -0.077112646776 0.25514987994 -0.28346951517 0.087388859042 -0.27700359453 -0.40345262079 
-1.2234047757 -0.28781348328 1.380609078 -1.2328493626 -0.35415588622 1.5075939373 -1.2610304942 -0.19806591912 1.4205000822 
-1.2398448533 -0.11997445383 1.2367061559 -1.2194296937 -0.16599362502 1.0640136119 -1.1995528061 -0.27889825677 0.99016360636 
-1.1588089524 -0.41698343446 1.2200597708 -1.2800027518 -0.40559963116 1.7370805436 -1.3155591139 -0.25051712073 1.5558957457 
-1.1697058315 -0.51394592546 1.5920982286 -1.3653918853 -0.11436343694 1.3708372137 -1.3022328734 -0.077096008786 1.3001920942 
-2.3172086757 -5.6849739626 1.1067768465 -1.973745348 -5.4344447097 1.7753697231 -3.0791860386 -6.696423407 1.9052687052 
-2.5044685264 -6.1648222719 2.4043407348 0.12123893877 0.64065926209 -0.26350049103 -0.030978121395 0.18961986386 -0.22765631349 
0.30809969722 -0.80330255235 1.382796767 0.21399004056 -0.11397010781 1.7624984883 0.23607945094 -0.033030850632 -0.62704185436 
0.31040167781 -0.040743239711 -0.39319949571 0.26002501621 -0.023225530227 -0.51473560471 0.30239764554 -0.062738041821 -0.43653444947 
0.055545482553 -1.0200426132 0.62755097557 0.072651894943 -0.99780217697 0.60626137374 0.085527136612 -0.96228503685 0.55649780152 
-2.1688719876 -4.3801472362 6.9395081397 -2.1543527039 -4.4136303621 7.3222581623 -2.1763329443 -4.4833961456 6.6518817814 
0.0052209928915 0.19361761009 -0.26047599979 0.0071006858674 0.2009138537 -0.27553744003 -0.070498579324 0.25614462037 -0.31431788558 
-0.0595606317 0.22690778115 -0.27648110513 -0.059578037107 0.21422021002 -0.24743123395 -0.34150114773 -0.9849634007 -0.31032221232 
-0.85150445831 -1.0312618091 2.3130968601 -1.0153312265 -0.82715329755 2.2489023087 -0.84534469145 -0.92287337473 1.9179489979 
-1.2290181525 -0.94171402819 2.7265472962 -0.93523758572 -1.1656428229 2.9494435961 -0.97266335392 -0.79862397031 2.0335739723 
-1.4628098175 -0.67879747262 2.3999831902 -1.2209739988 -0.71993981434 2.3423215902 -0.88668324336 -0.80996396877 1.6143796727 
-0.7822453015 -0.90128063898 1.4416211694 -1.2514178054 -0.19721043261 -0.27181821656 -1.3322790488 -0.31256686094 -0.23016689541 
-1.2110987749 -0.27497224309 -0.44730545391 -1.2298277614 -0.41109348665 -0.4329394615 -1.1967733343 -0.50259483599 -0.45173460783 
-0.57554474593 0.1627271256 -1.338838074 -0.52663646205 -0.041224318904 -1.2186047363 -0.68381950511 0.31423186793 -1.3977817748 
0.022603469993 0.09007323387 -0.092946597521 0.023416201468 0.079471865904 -0.082106993072 0.019842933468 0.081190104042 -0.085942894754 
0.0064202170907 0.097941444092 -0.11100637957 -0.0072973783326 0.075139774634 -0.089911760181 -0.031522431535 0.066558846137 -0.089391149904 
-0.057810685018 0.071944492557 -0.10570862422 -0.094255333345 0.088043771204 -0.13822156753 -0.33568537665 0.11524304018 -0.25508995949 
-0.38489475633 0.14571977137 -0.28699781396 -0.60630257987 0.41270446196 -0.25925528451 -0.55075113195 0.42953555065 -0.34561036946 
-0.55857368599 0.43620254986 -0.30487166186 -0.62877630881 0.39267040114 -0.24178211628 -0.69554918071 0.37541562483 -0.23935240764 
0.73139454508 -2.50897805 6.9578720689 -0.18046929283 0.08935788933 -0.8676025281 -0.17896636708 0.046356030609 -0.86882356945 
-0.16803114128 0.016403773853 -0.85202951597 0.56998440227 -1.7770840201 2.1130871967 0.55831805412 -1.7619325778 1.8924667488 
0.49823635522 -1.7447189522 2.269466551 0.60907262691 -1.7735390948 1.9856347505 -1.766430374 -0.70547107478 0.12980334301 
-1.7678367902 -0.57391599378 0.14399801681 -1.7562272402 -0.85111266537 0.031986203711 -1.6791354906 -0.74029449451 -0.055512662348 
-1.8285182581 -0.79344821875 0.19269209612 -1.5975290447 -0.56984291891 -0.055535986473 0.78054686727 -2.0083662802 5.3652016305 
0.11944572369 0.39073075104 4.8759321024 0.035011289066 0.61328328401 6.2776989432 0.055026191662 0.72125185763 5.7015351722 
0.19132038927 0.1259073458 4.3962655928 0.0088850365333 0.21604820767 -0.3198191807 -7.5525594384 -2.6245729198 9.1637272706 
-7.9299061733 -3.1927088345 9.9858480967 -8.7257287867 -0.69494269775 8.4709281371 -8.6229705523 1.1554672328 6.1165790903 
-2.1632372772 -4.1570590938 4.8306533907 -2.0809868181 -4.2855117153 5.0838428853 -1.4404319996 0.079782155022 -0.4084190154 
-1.3874880028 0.071818430897 -0.47737430631 -1.5047523207 -4.2824874645 4.5717264155 -1.7466025032 -4.3259099219 4.8374128362 
-0.49359506647 0.52629661878 0.14953979471 -2.1567604331 -0.71198366825 1.8429924421 -2.0976874921 -0.56650643593 1.9057363539 
-2.1282346503 -0.70991126775 2.2022542817 -2.184799941 -0.78524013882 1.2866828643 -2.1290997556 -0.60406786087 1.4782894887 
-2.1786160243 -0.84161745565 2.1681467342 -2.008544217 -0.58560924422 2.1026312998 -2.0170514556 -0.44187570264 1.6083732497 
-1.9548751046 -0.71617305274 2.4696983515 -2.0627047312 -0.82104835273 2.746447266 0.1276715379 -0.31796955507 0.41107332014 
0.12318308788 -0.32417505901 0.41583527676 0.15729275757 -0.39435520636 0.50963516746 0.15670628973 -0.40715690494 0.51761505048 
0.1076588551 -0.26177152151 0.3399560344 0.089878692911 -0.19857395762 0.26368376838 0.10174548558 -0.3234803975 0.39637206331 
0.13949391745 -0.40013059196 0.5012202379 0.16877026188 -0.47931413107 0.59586138918 0.18595077651 -0.48522400866 0.61443572834 
-0.044713871294 -0.30250194009 0.24493413 -0.033625862616 -0.22203640157 0.18877649536 -0.069200509359 -0.39008352591 0.28700583398 
-0.042827194275 -0.38567165473 0.30951966638 -0.34932817139 -1.0453408296 1.7488217886 -0.29625680016 -1.0775750804 1.70954549 
-0.35876277515 -1.1723755009 1.6779222269 -0.27532067499 -0.9436187962 1.7919800466 -0.45218644798 -1.1282064297 1.8223950196 
-0.42007597592 -0.75773976267 1.8964036288 -0.48759494584 -0.91720055166 1.9200127397 -0.24986640503 -1.0867454721 1.67732047 
-0.3260018037 -1.1614998007 1.6517596977 -0.2106348989 -1.0004442442 1.7509367659 -0.37329941239 -1.264881345 1.5985822813 
-0.40910488574 -1.2676195161 1.6591046338 -0.15002249467 -1.0429325203 1.7206602586 -0.21456378298 -1.1235437248 1.6383929432 
-0.27240031415 -1.2061505724 1.5911457844 -0.33249632696 -1.308693784 1.5304045119 0.0029150730095 0.12157607349 -0.20851189522 
-0.0036958877113 0.16053947156 -0.25924304802 -0.0013660593025 0.011960717781 0.60083869395 0.0061751401254 0.0050467901487 0.58875478266 
-1.0569826629 -0.1338437902 -0.43967700054 -1.1171327544 -0.16736524937 -0.44672814919 -0.053934616039 -1.01208178 1.5450395701 
0.17219854524 -0.10167626044 0.58805815445 -1.122323461 0.3166287937 -2.3166691136 -0.30997953375 0.27650990636 -2.0988531174 
-0.51636347637 0.27343189767 -2.1117765382 -2.224929555 -4.0042257891 4.5211363215 -2.3451116718 -3.9900613657 4.7866133286 
-1.2764380979 0.16041619749 0.32039497803 -1.2056752625 0.22686949648 0.24561731355 -0.22444515973 0.31948486494 -1.0296687851 
-0.22268719012 0.21697085369 -0.98241682093 0.013020779649 0.34558261641 -0.33580250524 -0.24613387556 -1.9237003606 1.1926020102 
-0.29077401564 -2.021487128 1.3097941702 -0.30190287167 -2.0214999197 1.2079707022 -0.33652356429 -2.0875041864 1.3162084625 
-0.41208706824 -2.2726839086 1.5266383581 -0.26498680896 -2.2173102665 1.5665039567 -0.42921562315 -2.2576087561 1.4802783078 
-0.17374593676 -1.9320146848 1.3008357594 -1.1798685154 -0.058195400565 -0.33687060977 -2.3643537896 -6.1961978965 3.4065700087 
-2.2846496871 -6.0820595443 2.8991727366 -2.7108136936 -6.527350857 3.2134623715 -2.6184428644 -6.3621150525 4.0807278549 
-2.2445919568 -6.0690635519 4.0150907043 -2.8159087854 -6.4975466067 3.6949121197 -2.0109109288 -5.651281465 2.9717302048 
-1.9127878292 -5.5429463881 3.4113124412 -1.7404029858 -5.08858839 2.2041261197 -3.1215418925 -6.8495092493 2.8495836972 
-3.1934628267 -6.8925267077 3.4784061399 1.7266170388 -0.69902807555 3.2552336568 1.4368803985 -0.53364591941 2.3187341597 
1.6705099834 -0.72785515214 2.9879780372 1.5728734743 -0.59478615602 2.6496493915 1.957960313 -0.84681932373 4.2226441939 
1.2287376818 -0.46684902594 1.903148501 1.2426338541 -0.53538476245 2.0996956614 1.9484086245 -0.84723795115 3.8915922984 
-0.098990595107 0.1044904816 -0.67914263274 -0.38795199443 -1.6035323213 1.4234430483 -0.25652843908 -1.3041773702 1.4978934936 
-0.31310219174 -1.5661873033 1.2776295422 -0.42097830548 -1.4828765688 1.5969245104 1.7474512245 -3.77863088 6.6034147601 
1.7334639977 -3.6966144462 6.6491902569 1.5949299519 -3.6245089974 6.9021583005 1.8913394642 -3.8437545314 6.2473325864 
1.6368519248 -3.6170433008 6.7481023003 1.7269121902 -3.6449185977 6.4867050767 1.8182736885 -3.7360748878 6.2617746269 
1.5436950986 -3.5801041191 6.9376457714 1.4519002619 -3.5738032421 7.1560339352 1.2818290606 -3.1871691013 7.1174405411 
1.2126442145 -3.3755664874 7.3049602304 1.459225807 -3.4317905247 6.9636480419 1.4231333991 -3.3362944086 6.9884690835 
1.2235229526 -3.0922510416 7.055592813 -0.77255672201 0.36359429897 -0.18428469576 -0.91822236213 0.32173230166 -0.1271513769 
-0.8457030513 0.36233876976 -0.14338767204 0.03811417192 -0.03000035311 -0.12034418443 -0.009223113913 0.0087630356369 -0.32515137233 
-0.032178671262 0.0227370175 -0.33801983886 -0.0030106848994 0.23171821409 -0.33484826718 -0.001528829603 0.23328207313 -0.34509622472 
-0.01798490355 0.25378042815 -0.36361976079 0.0074844682388 0.21371751837 -0.32523046649 0.081665502781 -0.59494899731 1.3545881603 
1.6339758306 -3.4953242796 6.5071492436 1.642674699 -3.5602324303 6.5631009155 1.7177752845 -3.600043671 6.2508295513 
1.7661638371 -3.6323071078 6.1619833946 -0.48519857879 0.44354695902 -0.35136287453 -1.7980261069 -2.0315886953 1.7789430542 
-0.21700254965 1.0073619129 -1.4651577242 -0.28052501739 1.0454330676 -1.4706860677 -0.12843521009 0.44706312718 -1.1025716474 
-0.10593106062 0.53578154606 -1.1866943093 -0.13416295206 0.37114967457 -1.0741328185 1.3528252613 -2.7788273011 4.1517867544 
1.281804533 -2.7047796639 3.8886339342 1.3003121788 -2.6749672205 4.0062167173 1.3447028941 -2.8309033222 4.0630681067 
1.3994985218 -2.8114264463 4.3850681085 1.4421002424 -2.9534269151 4.4528556221 1.2744794653 -2.7303518418 3.8135738901 
1.221455752 -2.6687475608 3.6821503306 1.2419594807 -2.6129001372 3.7878529051 1.2083674511 -2.5975891739 3.5913934005 
1.3213924391 -2.6548430023 4.1575162657 1.237984417 -2.5487895561 3.8267353306 -0.23998548614 -1.3050970863 0.70604564232 
-0.23430036517 -1.4255472695 0.83990995171 0.22256088258 -0.5788784713 0.72867537715 0.18899096758 -0.48541019942 0.61503071218 
0.21855176359 -0.62995585427 0.77176264374 0.26476519625 -0.74755019253 0.91270658559 0.27981382684 -0.74996843263 0.92600690153 
0.23200194346 -0.62642901542 0.77489915106 0.19047089022 -0.50613121801 0.63152546231 0.15362274077 -0.40802238983 0.51162567767 
0.15375981918 -0.51990914224 0.61750989857 0.20083904695 -0.66239605867 0.78057791183 0.11467087851 -0.41853333041 0.49218991608 
0.070477155764 -0.28908214263 0.33622413824 0.084937975638 -0.37656289219 0.42671960953 0.031674092922 0.024985913802 -0.01385676908 
0.011802870723 0.038821561025 -0.038378105804 0.31504012994 -0.90638266687 1.0869860651 0.31964655126 -0.85567582227 1.0598606275 
0.36132049201 -0.96684707569 1.1947582239 0.24761941526 -0.7903593106 0.92789348512 0.30152832464 -0.89100844753 1.0607351901 
0.35629473882 -0.19852013237 1.5153850472 0.37438813786 -0.22901168876 1.1866072633 0.27103915265 -0.1830070738 0.74111264578 
0.21081444178 -0.1499278386 0.45328335904 0.29729543045 -0.1689176701 1.6076390303 0.32642729948 -0.16381717876 1.8640762149 
0.22326168582 -0.12479101074 1.1510689199 0.22137385726 -0.10259535006 1.42343784 0.28206098336 -0.12937840089 1.9392938948 
0.34341221236 -0.10106419029 2.6860207972 0.42664906707 -0.22619839421 2.0614847705 0.45481309998 -0.28002287153 1.520757283 
0.10025276899 -1.7600453247 3.8124113639 -0.18242661275 0.35697184382 -0.41793528065 -0.19481354722 0.36722783909 -0.41881099673 
-0.37539042068 -0.38009816407 0.031427979046 -0.33174452127 -0.35211202445 0.050388070269 -0.36894670197 -0.29969473344 0.0042289284288 
-0.42688761645 -0.33076180275 -0.015996418345 -0.45305091044 -0.43310744907 0.0020178997903 -0.43009935582 -0.51399444609 0.04695818534 
-0.34180349276 -0.47712896466 0.11955345978 -0.33729704533 -0.29568212423 0.031964670509 -0.25958842127 -0.45111102891 0.18832760147 
-0.26779217381 -0.3073322644 0.082304335543 -0.42118707867 -0.25481873051 -0.037483413904 -0.3463709772 -0.21569699139 -0.022471464766 
-0.48974760317 -0.56257287855 0.020038460432 -0.54568668097 -0.50195181892 -0.030441953563 -0.51764352436 -0.36312581803 -0.071178541943 
-0.49707791675 -0.2652250334 -0.088880856647 -0.15642565759 0.36478643167 3.3674412171 -0.10264682913 0.3490370092 3.1249061787 
-0.077781069218 0.25491835562 3.0358409625 -0.17541237304 0.48303854808 3.6003252793 -0.24837403742 0.50996118333 3.9777932805 
-0.29654706147 0.44523907802 4.07663606 -0.047799222468 0.26121056018 2.8544280168 -0.014506010849 0.27108991829 2.8834683515 
-0.082543749825 0.40514292256 3.3867520036 -0.020864284495 0.020867693402 -0.032899934911 -0.03744009477 0.020833710826 -0.041095550476 
-0.022434006118 -0.010411441589 -0.0010745746732 -0.075023840027 0.03714739039 -0.076598389188 -0.072837434907 -0.012093195937 -0.025998539553 
-0.043421415818 -0.020657651514 -0.0020661688332 -0.18537074233 -0.31455471468 1.9722652068 -0.066419379459 -0.21471155682 1.8412191343 
-0.44903521167 -0.56567811008 1.9796751914 -0.39778986409 -0.37127244456 2.0049313547 1.4463092404 -3.0181277433 4.3100473264 
1.3474433903 -2.8745289937 3.9537094845 0.048651149252 -0.046977946973 -0.044119044383 0.059286589016 -0.072546932795 -0.02349841391 
0.068146669423 -0.10442938221 -3.1363189422e-05 0.069128951552 -0.15300401189 0.043136932407 0.051453455688 -0.074475940806 -0.015824064608 
-0.85853668842 -1.7281952632 -0.053709587198 -0.90552807569 -1.6020132985 -0.14748124004 -1.0091935105 -1.7035021109 -0.09670091313 
-0.74017371676 -1.6144981751 -0.10012553222 -0.7077215428 -1.802526472 0.097663690908 -0.96473689223 -1.8143838808 0.11869302608 
-0.80827256188 -1.8738204781 0.30825172673 -0.78979582499 -1.4710963472 -0.15954873289 -1.099067414 -1.7566004186 -0.017672295968 
-0.48674838217 -0.93128190345 0.10347077643 -0.52862992727 -0.85604150979 0.088455546268 -0.57940225409 -0.878898539 0.030407586562 
-0.43935843932 -0.87475798322 0.16134046527 -0.35745441996 -1.0128161967 0.29403033006 -0.33906913842 -1.0580744755 0.30878465414 
-0.5649326791 -0.95611702622 0.01204278002 -0.44895337901 -1.0193951269 0.15867848568 -0.58009730741 -0.78400167133 0.035521277558 
-0.4990821201 -0.70078296329 0.071631234451 -0.4455617837 -0.77576603598 0.14577038895 -0.67128679227 -0.83167207475 -0.029015116296 
-0.63943788276 -0.90481856429 -0.024523116866 -0.43154052846 -0.65499861281 0.10658301163 -0.37535988732 -0.60623375124 0.14896335203 
-0.55235304216 -0.61337381974 -0.0092100815898 -0.38420591442 -0.78594364899 0.19735996784 -0.35381504757 -0.72450513745 0.20917771807 
-0.64748122117 -0.55573980964 -0.12087970698 -0.68241400888 -0.47306798802 -0.15679776961 -0.64215724823 -0.42621081052 -0.12559344659 
-0.11897634001 0.083948243678 -0.14350698458 -1.2413075343 0.14261836462 0.8987040701 -1.2336125334 0.20715256404 0.82569325646 
-1.2092483671 0.2644494148 0.83217809337 -1.2630991465 0.053637067169 0.94458299962 -1.2431969768 -0.0057277546825 1.0218766825 
-1.2521212958 0.10808846599 0.94782261349 -1.2410878501 0.17339734703 0.89231127492 -1.2090024226 0.2843665231 0.78190645091 
-1.2414894542 0.25622126622 0.76212356952 -1.2747477234 0.17639592567 0.84259234349 -1.2332816746 0.28227778503 0.90912596538 
-1.2156949757 0.37083736843 0.8354636413 -1.2018291285 0.36050944287 0.71511830839 -1.2729793737 0.090114614882 0.90226424817 
-1.2727618867 0.1802380818 0.93926095228 -1.3342326401 0.15246642616 0.90939703314 -0.072146133804 0.28132748081 -0.36171001052 
-0.42796401964 -1.2353659253 -0.6744031103 -0.40267344325 -1.1670718233 -0.62813110325 -0.2951564087 -0.62419782516 0.21915633696 
-0.26093301535 -0.55092628171 0.23876729484 -0.62843999892 -0.68786539571 -0.044917462222 -0.17326581555 0.071077871184 -0.15467673672 
-0.11372740158 0.043886854778 -0.10135663341 -8.1219055572 -5.2430135034 -4.1391349227 -7.423849409 -5.4512782368 -3.2307017565 
-1.5287171681 0.24152018529 1.0313778433 -1.5202636704 0.17028335942 0.84679064806 -2.5585902685 -6.4944237297 4.6752494142 
-2.1506545863 -5.9411722769 4.5700965671 -1.8492653604 -5.39740545 3.9140831112 -3.1683760345 -6.768338134 4.4753761131 
-2.9967470464 -6.73973448 4.759782191 0.14079745862 -0.081208687919 -0.17832556694 0.16694345604 -0.085612874505 -0.31968683499 
1.3385420438 -0.46259505133 2.0571418196 1.6341679091 -0.64652504674 2.8921727877 -2.16735478 -3.5199367155 7.2778119221 
-2.3880832514 -0.32924327443 2.6401384196 -2.1312749201 -0.36392727382 2.6258324477 -2.3005619728 -0.46932494864 2.8171171452 
-2.0822764317 -0.21018170201 2.3476365959 -2.3692553169 -0.11848203271 2.3132784977 -2.6495732904 -0.14882722586 2.4915952121 
-2.8920322047 -0.2350507066 2.7949529651 -2.645845931 -0.51255013836 3.080979023 -1.7966821846 -0.264794605 2.3670468873 
-1.8550308629 -0.31612265289 2.4726218885 -1.9580847467 -0.54943649186 2.7856295133 -2.1185837232 -0.82502676776 3.1876901083 
0.14892484128 0.79379518164 -0.37123195573 -0.81414740466 -1.3200446678 -0.19866215123 -0.90812513608 -1.2146122228 -0.25325629171 
-0.67888006478 -1.3451425457 -0.16018405658 -0.62360099788 -1.515605395 -0.029031157481 -0.71717088295 -0.94850254221 -0.097656563567 
-0.62990299528 -1.0056058307 -0.058356758666 -0.68821067894 -1.0442642226 -0.11713735975 -0.77008241807 -0.87264294087 -0.11030347233 
-0.85182862089 -0.89448157542 -0.22879543903 -0.81847599069 -1.0196171561 -0.20617315028 -0.52484456819 -1.1237347145 0.069688665788 
-0.59685229067 -1.1580813076 -0.021606414821 0.17734212488 0.69618799448 -0.3022987658 -0.39197754973 0.39269413403 -0.24999361584 
-0.34148805991 0.39961964011 -0.27999094914 -0.38905128781 0.4024759288 -0.2141994308 -0.47645577545 0.43098440111 -0.20408711185 
-0.39468339971 0.41815261646 -0.30207045281 -0.45282953612 0.41466568149 -0.26337141098 -0.48617842124 0.41367433742 -0.22163930761 
-0.34718187273 0.42696865938 -0.33103135334 -0.30290120804 0.42997181434 -0.33660205429 0.34073958717 -0.21289231253 3.858849716 
0.41293912704 -0.44114300947 3.7854504508 0.28065862159 -0.095826436024 3.98915708 -0.0012018866164 0.15199462764 -0.17057126584 
-7.2049932347e-05 0.14534737415 -0.16207084555 1.3589943251 -3.0611105058 6.7658612028 1.4197507581 -3.1603480112 6.7367916576 
-0.1469914334 0.26222684408 -0.022814599091 -0.13448163062 0.24176272024 -0.051612182372 -0.25272832086 -1.6615774173 0.61315661504 
-0.18674596938 -1.6303174817 0.62745560936 -1.0071745563 1.5605911523 -1.8783892264 -0.91622325835 1.3374939877 -1.8207467084 
-0.85691828796 1.5401513141 -1.8540548778 -1.0781068327 1.3722948809 -1.8686500856 -1.2500758561 1.5654869352 -1.999144202 
-1.0499368502 0.98265749029 -1.8345303993 -0.82149770733 0.95890816045 -1.6743183838 -0.78306803434 1.2126735784 -1.69327605 
-0.66364286801 1.4100448242 -1.7214899502 -6.8236261346 -6.0612274018 -2.7087361309 -5.2369630342 -4.9529706644 -2.7571203815 
-10.035851019 -7.7613335075 -2.9070419768 -9.1984769067 -7.765759271 -1.4556377346 -0.0096762503094 0.077982026342 -0.75635053919 
0.015354359768 0.034820011439 -0.69077581941 -0.39482921262 0.10183896592 -1.0844740988 -0.37663853201 0.28633406119 -1.1472603302 
-0.39205291323 -0.01156448409 -1.0715015562 -0.099214735493 0.3817154435 -1.1120213865 -0.10201708639 0.31978171542 -1.0746888219 
-0.10770310605 0.4351098228 -1.1226716398 -0.079179041539 0.55254142861 -1.2124844745 0.10491085578 -0.42329469341 0.26462395511 
0.085047055934 -0.28401846113 0.15845700909 0.1044392296 -0.36215815161 0.18802502245 -4.8161298788 -7.3302219995 1.4013618513 
-3.9073182246 -7.0434884204 1.3631476295 -6.8448307822 2.0665597124 -1.9966753426 -7.0824858574 2.0230687714 -1.5185841833 
-8.0377518244 2.3735195321 -2.8070279741 -7.9582477894 2.3356085602 -0.18939626551 0.024085767093 0.024110631297 -0.1004073295 
0.018043935337 0.059804089089 -0.13568350571 0.029690609312 0.028045994828 -0.11100737634 0.031226258371 -0.012545807044 -0.062718040449 
0.01250889239 0.064145448003 -0.1395554265 0.019794721669 0.062958762061 -0.13585370768 0.028401014292 0.029875136347 -0.10463102885 
0.037071638124 -0.0029532076583 -0.078238939155 -2.4454886092 0.56839796119 -1.4845692217 -2.5346667622 0.62617543405 -1.7460226201 
-0.11646775563 0.35419411056 -1.069206147 -0.1169696849 0.29922272658 -1.0317525842 0.41794204624 -1.0017636181 10.365229211 
1.2518777924 -1.1010816793 10.665837038 -1.2763379131 -0.028089679618 2.0303238113 -1.5034896375 -0.12055333545 2.1297853287 
1.1665954783 0.68718131306 -0.61505896747 1.0459790992 0.61427424295 -0.85173768771 1.1291757358 0.63305202852 -0.86816761277 
1.3974535361 0.90170082526 -0.30490289411 -3.8589081324 -0.50486567655 4.0037065974 -3.3479708862 -0.23881550666 3.1513582763 
-3.4252191067 -0.52762234782 3.6632172144 -3.5663178676 -0.80503019258 4.1062574585 -4.1715873459 -0.84119366857 4.5785022827 
-0.56866890822 0.39569324516 -0.23161408749 -0.69068387829 0.38585540756 -0.20384854407 -0.63556528386 0.40713202454 -0.20353225767 
-0.53148303443 0.42111132753 -0.26726950519 -0.56176823892 0.41436856219 -0.21116138761 -0.52777976394 0.41293861594 -0.22266365723 
1.258178331 -2.4201258031 5.3076563342 1.1018540856 -2.3455079743 5.4404250506 1.227018402 -2.4210484044 5.4664856711 
1.195271033 -2.323629116 5.1600266994 1.3369523169 -2.5566862403 5.4864221594 1.288527538 -2.4026950868 4.7852336717 
1.3520772513 -2.5180607672 5.0871321112 0.94256840574 -2.3477031265 5.7484397346 1.0318813633 -2.2987408287 5.2682686857 
-11.972328437 -9.9737358147 0.087902133855 -0.0024317597182 0.16851623936 -0.90759213901 -0.0062881996951 0.12334099074 -0.85489846754 
0.056290525839 0.21070340263 -0.97879324783 0.13730877618 -0.39778660395 -0.07690382734 0.1158845812 -0.36808374245 -0.081542678896 
0.12384678833 -0.39321654521 -0.011835293069 0.10739247247 -0.35026410035 -0.16641491064 0.078678153013 -0.3365321961 -0.14030780014 
0.089802637111 -0.35171636683 -0.045656827562 -1.2056279374 -0.61364959149 1.9807008669 -1.0375710294 -0.68024145034 1.7346426272 
1.2955280391 1.3984824846 1.509042476 1.1642964973 1.3076284576 1.68889495 1.1562833883 1.3523871134 1.051719595 
0.8153730484 1.113901089 0.6752961504 0.98171105646 1.2508681927 0.66414990236 0.070828636451 -0.13718471025 0.1850312768 
0.089127426272 -0.18229779255 0.24521125331 0.086469208633 -0.20774455824 0.26449756033 0.069783298695 -0.12843716716 0.17649574112 
0.051536475991 -0.074599966578 0.10763805707 0.045292747562 -0.032858051942 0.060185520353 0.058583302739 -0.083418447855 0.12050894594 
0.072551613993 -0.14686136493 0.19472462784 0.096233387947 -0.22758046384 0.29326243889 0.089655602854 -0.19664921091 0.25611739265 
0.12987664954 -0.32539698971 0.40989769664 -0.4693654441 -0.18306964513 -0.10299332329 -0.54695051676 -0.17197894339 -0.16526514101 
-0.61496530791 -0.2307219548 -0.18296539125 -0.62171031386 -0.2829854772 -0.19411728394 -0.3826926746 -0.15460543532 -0.073373637811 
-0.46846750334 -1.6095407853 1.7540243373 -0.48391412834 -1.3449541252 1.8256368973 -2.1100419162 0.49157861765 -1.433265862 
-1.9128247978 0.46576774716 -1.441804835 -0.99958194851 -2.0581864219 6.2500906885 -0.88499364082 -1.7584756957 6.1237598573 
-0.82854405954 -1.6861566458 5.6766553642 -0.97490971297 -2.0829404941 6.0464842414 -1.2268343331 -2.5485417366 6.8443520896 
-1.1059262642 -2.1650081318 6.7549882302 -0.74300663171 -1.4024965074 5.5407643209 -0.80474675851 -1.4809758323 5.9604509673 
-1.0384434341 -1.9188112577 6.8234294061 -0.78438369389 -1.6889991158 5.479675845 -0.67534920123 -1.3505149853 5.1736888105 
1.529895057 -3.0517683878 4.9249607417 -2.0431180965 -1.5222900538 4.4120230772 -1.9422596094 -1.7560664178 4.1661103595 
-1.7093230719 -1.702073265 3.9536463363 -1.7972553471 -2.0909241117 4.3489534563 -2.10300771 -2.1590222307 4.6643164209 
-2.3964669718 -1.8495800057 4.6094922665 -2.3207194001 -1.291621809 3.9076205785 -1.8968327792 -1.3182371226 3.6764979705 
-1.5773937871 -1.903834136 3.9845196857 -1.658453764 -1.2202211633 3.4072466437 -1.5401521949 -1.409520994 3.4737093661 
-2.0163729657 -2.6014048637 4.9574335965 -1.6559238501 -2.3780214499 4.376004465 -2.6374568327 -2.448092468 5.3830955987 
-2.4472386859 -2.8394058435 5.509924863 -0.023891999707 -0.10765977016 -0.16223608257 -1.3531222425 0.26284260998 1.0291568061 
-1.4544860727 -0.52830290594 2.1458831347 -0.93728195714 -2.1124997284 5.8368912588 -0.50882379557 -1.1739123644 4.4436365445 
-0.6098583237 -1.469601873 4.705161799 -1.2024765955 -2.6178324828 6.6557317043 -0.94143260549 0.44485048461 0.025866917697 
-1.0152087512 0.3766973713 0.055419560828 -1.1121140723 0.28720377362 0.15397140207 -0.70715810831 0.41373610288 -0.17016386435 
-0.7582829812 0.38480086235 -0.16566856383 0.20129463929 0.7929559899 -0.40117595751 -0.5246180168 -1.438200577 0.058022972013 
-0.56427498517 -1.3099996459 0.011353438958 -0.69380691536 -1.2074234825 -0.14300539636 -0.786975826 -1.1478883396 -0.19643307967 
-0.19634876244 -0.52294418194 0.27818702741 -0.17919252265 -0.41851663626 0.23032783453 -0.20020537502 -0.29762275439 0.12236027011 
-0.20132627952 -0.60601615346 0.30576326364 -0.13478176178 -0.44363725567 0.2719000296 -0.14967581223 -0.63220680244 0.37709070895 
-0.15071101619 -0.54423351338 0.3182747838 0.40777155857 -1.1059242302 1.3530405076 0.38610969788 -1.0853063064 1.3088358026 
0.084863259668 -1.6185594498 1.6842998242 0.0044602913168 -1.7008151904 1.4659226416 0.13593397525 -1.6616019574 1.7164027641 
0.18006520591 -1.3924163361 2.167265813 0.23195779729 -1.4934694112 2.1137408381 -0.13252986238 -1.7395589419 1.2810322575 
-1.2790049028 0.0069397037705 1.1179567202 -0.23448756319 -0.76778916716 0.36630875784 -0.60738514655 0.24428353329 -0.4068449112 
-0.11864489758 0.2068323611 -0.9340645588 -0.063623385548 0.13752650199 0.010553698126 -0.058382188293 0.13393477606 0.057902380802 
-1.2930518528 0.14914942184 0.414809399 -1.4047042816 0.086792286206 0.65136760571 -1.2323018003 0.21306098079 0.33023666075 
0.068392198295 0.30611003084 0.057722791794 0.16158916315 0.44620808076 0.25713627161 0.16217443764 0.34760705028 0.39492140699 
0.022796486238 0.25858828049 -0.052025689764 -0.027451194082 0.16736871437 -0.13172553511 0.11993318354 0.45245762149 0.066639763914 
2.060222594 -1.1076926203 9.9839404473 2.5442866217 -1.2679683936 8.8716373886 2.5500292299 -1.1709516606 8.5051096271 
1.3607028356 -0.84792214059 10.544803097 1.8333837042 -0.77689480431 10.347755914 2.3028888564 -1.0025055757 8.7443944002 
2.4661373095 -1.0971279566 6.2445244408 0.63245748149 -0.78366970144 10.508937822 -0.21918901979 -0.97156229862 8.3309793217 
-1.4229032467 -1.9763354228 0.57076612921 -1.4098257978 -1.7972778503 0.040130433976 -1.2934012992 -1.8903630272 0.18823256509 
-1.2904700717 -1.9840078472 0.4881852078 -1.4081276507 -1.5984292688 -0.17713835186 1.2563476931 -3.0722312594 3.6063715701 
1.1954005044 -2.9437114795 3.4797358141 1.2976588506 -3.0899220846 3.7047951067 1.1685455487 -2.9176502194 3.3577275847 
1.4126493921 -3.3028672404 3.9511654376 1.4143055832 -3.3927614923 3.9650381546 1.0774911867 -2.7408953647 3.1739403962 
1.0769806164 -2.6814988107 3.162338903 1.2357406254 -2.9565553422 3.5602155509 1.4009720442 -3.2690658314 3.9937654092 
1.3720981746 -3.1679889409 3.9220409633 -0.55260558124 -1.1956771205 1.9693848452 -0.55861892655 -1.0356420716 1.968057755 
-0.65267700949 -1.1421356862 2.1406496468 -0.54601233696 -1.6516575556 1.9863737351 -0.62640302472 -1.4861935776 2.1796026058 
-0.7012306528 -0.988947827 2.1832994824 -0.59074492802 -0.90749202611 2.0311284504 -0.030036312529 0.060623069425 -0.69335369807 
-0.06115427338 0.1010250049 -0.74204166782 -0.060152904834 0.09260621274 -0.74512186206 -0.027701969014 0.056104853744 -0.72561790419 
-0.91429835012 -0.63369110428 -0.31843759091 -0.8889635278 -0.77110915975 -0.26598730951 -0.91636004857 -0.5278947311 -0.30601926596 
-0.78892422726 -0.70101318126 -0.19058931536 -0.80875435897 -0.55300861188 -0.24910107819 -0.055719158895 0.14515781743 -0.85798333166 
-0.063274734624 0.10581600414 -0.77736632388 -0.063993779996 0.18998853856 -0.91510827457 -0.086415531032 0.12044280038 -0.76748222691 
-0.030974965732 0.23009091532 -0.98472142788 -0.25516203486 0.22140863545 -0.99827764819 0.1386302167 -0.56843184414 0.64179498593 
0.10065808118 -0.492930253 0.54244008839 -0.72687140263 -0.010214223077 -0.31465349107 -0.74791032554 -0.070505425079 -0.32260908898 
-0.67762147844 -0.062869051516 -0.29165825219 -0.66786665964 0.0041394892585 -0.29980026268 -0.69302022765 0.062640795248 -0.33414393277 
-0.83712572061 -0.021371485417 -0.36413296007 -0.82653181001 0.04826595627 -0.37419346305 -0.72973388672 -0.14954207095 -0.28283407967 
-0.87215466074 -0.15540442861 -0.35450003026 -0.91081850186 -0.080797487381 -0.39671624848 -0.61353972096 -0.026829298543 -0.27737723121 
-0.66310000981 -0.15007912212 -0.2536045539 -0.62443952488 -0.086725093993 -0.26586021026 0.2192916264 -0.076083926128 -0.55244794459 
-1.3115945518 -4.1192474476 4.152373882 -1.1718867378 -4.164275714 4.3578967261 0.4642880867 -1.6923303945 1.6386603754 
0.33576111066 -1.637636655 1.3712451609 0.22984187453 -1.5676185625 1.2039854334 -0.51059263426 -0.11003951345 -3.1086066113 
-0.94138116556 0.12201561248 -2.9871756552 -0.87877818524 -0.017516594115 -3.1407478955 -1.261364106 0.23400866057 -2.9903116096 
-1.7818774509 0.37462149296 -3.1582811258 -1.4223539836 0.091390376311 -3.3913289444 -0.6444552642 -0.3504622043 -3.4337602577 
-0.20473333268 0.081160027189 -0.87812950572 -0.20961123462 0.14065606793 -0.90729651795 0.077555877702 -0.2127513753 0.081419158716 
0.018284846632 -0.25843646624 0.26543395989 0.039462152478 -0.32003861523 0.33497600678 -2.1616215024 -3.523676699 -1.5300559013 
-3.7747293438 -4.7723930409 -1.895386148 -2.9319821644 -3.9357968874 -1.8604965467 -0.79500559251 0.62895436507 0.53514828943 
-0.90673830293 0.61141100131 0.44586519939 -0.0042779688887 0.1341183978 -0.22275395809 -0.011781590086 0.17325825076 -0.27127375602 
-0.0038697188503 0.097703551957 -0.16742826004 -0.012853237858 0.14383232144 -0.22466858342 0.01194591209 0.050461662475 -0.12183622699 
-0.026702801424 0.18894407972 -0.27809046202 -0.026266785291 0.20884979063 -0.31164579213 -0.014187789783 0.19689704775 -0.30275185346 
-0.22475146503 0.25873176591 1.3181132385 -0.14906990724 0.21347485095 1.14850155 0.86163891543 0.58131817226 -0.84877434639 
1.2894897688 1.0689059283 -0.12754922128 1.1861660722 1.0417397028 -0.21691605776 1.1850913312 0.92740092967 -0.27580247575 
1.5838331234 1.1581171024 0.082799175142 1.5067135786 1.2445798715 0.17090851542 1.3014844822 1.1937939871 -0.0037032508499 
1.4012987716 0.99638479868 -0.15115846545 1.1242419717 1.1168156583 -0.18629981135 1.0683304662 1.0028601256 -0.32206929046 
1.114059963 0.92004410782 -0.34568964876 -0.10002034317 0.27245446793 -1.0266416447 0.18476991317 -0.093208355472 0.99004665443 
-1.3417076131 -0.40128361577 -0.26868869965 -1.4264187088 -0.42710104391 -0.20013040762 -1.4544687275 -0.54718488217 -0.21662157592 
-1.2493805361 -0.3239286716 -0.39512768664 -1.2700467726 -0.26404462272 -0.33425208573 -1.2984569768 -0.47882730344 -0.34842847742 
1.5280729463 1.3655151875 0.36222375564 1.871925777 1.466208223 0.70244053706 1.7664750532 1.3230262339 0.33885797482 
1.7568113828 1.5315064779 0.80842824654 1.569194426 1.4737775754 0.67972768227 1.4369685797 1.359766608 0.32214734043 
1.2264013932 1.2606524037 0.04013020094 0.24040288742 -1.0712967265 2.678116477 0.27737585564 -0.56453884503 3.3996189107 
-0.12553520457 -0.020974413831 -0.041740821206 -0.33882997955 -0.60007726713 -0.13077478416 -0.31570291644 -0.61113777268 -0.030620831886 
-0.31163489793 -0.4923163177 -0.26356332297 -0.32615118096 -0.55265806383 -0.022492416455 -0.30737661805 -0.67743327821 -0.068088882893 
-0.30283411417 -0.65550922331 0.077310514156 0.070251171627 -0.72052383602 9.6142526 0.0061484979356 0.146557567 -0.16603455407 
0.052878680416 -0.28872913357 -0.31093380694 0.044321089877 -0.29491290759 -0.27676828059 0.092107777643 -0.31134499936 -0.28393358509 
0.061817993172 -0.15925309421 0.058748797733 0.048916129158 -0.085200891945 -0.0027714339954 -0.045746013721 0.20594721537 -0.27094129693 
-0.046352473905 0.23486833263 -0.32542524292 -1.2495905002 -1.9551470932 3.6129298286 -1.3001109746 -2.3500645643 3.8971071274 
-1.2780137572 -1.6202581838 3.3827429591 -0.60359451977 0.079474207267 -0.31398679648 -0.55351868167 0.052076774187 -0.2990396133 
-1.1604311003 -2.6823408065 6.412872772 -0.40033746033 -1.1274557027 -0.5014465993 -0.25173917904 -0.18507757676 0.007477613247 
-0.01517678621 0.049147294556 0.69581816669 -0.028885681509 0.06036382767 0.58325522513 -0.035083468895 0.084451229786 0.38909389917 
-0.058412484877 0.12001560024 0.36722630493 -0.039967794931 0.68066709363 -1.3021233798 0.060202081451 0.85792424146 -1.4436874192 
0.052826636355 0.97550881737 -1.4870476019 -5.6173325879 -8.0012522469 3.1570933951 -4.5975259491 -7.4260865986 2.2552094155 
-5.5490864387 -7.9912511974 0.84077892981 -6.1336312214 -7.9455418887 2.5202560276 -3.8285442357 -7.3798806043 2.3829313388 
-5.2083200498 -6.5295480011 -1.4250321261 -0.47547230606 0.44537472174 -0.32102339683 -0.49722987001 -0.977132067 4.5474504858 
-0.50255361744 -0.98651693774 4.7115120044 -0.66314227801 -1.1809005572 5.6029072408 -0.94489811711 -1.6273436021 6.6296190451 
0.24231523389 0.40896706251 0.6206575535 0.1960580881 0.57838177837 0.10733730855 -0.23646652149 -1.794137146 0.96175197196 
-0.34099211952 -1.846133014 0.81871922625 -0.41729332138 0.44387621609 -0.36737244156 -0.40563020631 0.44088163522 -0.3479524922 
-2.9120479244 -1.9573032492 5.141715596 -3.0297656045 -1.3628116015 4.4813456954 -0.15123622325 0.35544502015 -0.4236199013 
-0.16170423252 0.36204852734 -0.42306197116 -0.20532889054 0.3743185639 -0.41865134695 -0.82462680936 -0.4431784376 -0.27001138727 
-0.88400680145 -0.41061031471 -0.29941950929 -0.72755453015 -0.35863126051 -0.22523400445 -0.78213808398 -0.31908678082 -0.27278150024 
-0.85975219383 -0.29576351924 -0.32583801239 -0.02488010102 0.14339358527 -0.20156107845 0.0089695922331 0.035471666138 -0.094098880124 
-0.015333848106 0.10293260041 -0.15272367093 0.20378295775 0.22963983066 -1.0573762095 0.15120394777 0.2635329859 -1.0797548632 
0.30343946998 -0.10032806769 0.94863663124 0.30659430408 -0.072796638402 0.44190957293 -27.932395871 -3.1561687264 6.3979586152 
-31.072441133 2.1296052575 -1.6553311621 0.3331822369 0.27520856448 5.6546703075 0.30963917305 0.22443267288 5.141294811 
0.36036776232 0.061518653003 4.3058796105 0.39011960602 -0.032430121027 3.7580820424 0.23665491524 -0.8055087098 0.92341760147 
0.31187605238 -0.98776034819 1.1524103843 0.19499302527 -0.69052285106 0.7997509087 0.22485889097 -0.79033593652 0.90854043418 
0.29239778422 -0.98132257047 1.1249537956 -1.3133723719 -3.3119262333 6.576005389 -1.9682270617 -3.7664233261 3.6258143668 
-2.0595331086 -3.7859957868 3.6413741264 -2.1248979656 -3.8478655458 4.0047611556 -2.0737928921 -4.0073197817 4.2831637788 
-1.8937474199 -3.9544031118 3.9677982488 -1.6077908862 -3.7310600557 3.2975335122 -1.6940597439 -3.8569379111 3.6877141242 
-2.2263597823 -3.8382899603 3.9181248886 -2.2514667429 -3.8851399725 3.6990681917 0.16614462383 -0.099562965218 0.080135879275 
-3.6974717747 0.79530244527 1.3516394504 -3.2428892448 0.71870808524 0.97562984537 -3.1499282997 0.64873184634 0.98835670437 
-0.080180358252 0.16443438354 -0.066800219513 -0.074009368966 0.1620482731 -0.067730133281 -0.094566727409 0.18514192616 -0.020442507656 
-0.1124555785 0.21092565523 -0.10714161266 -0.059807190857 0.046162401821 -0.44013789092 -0.077111866005 0.069244086297 -0.55748480896 
-0.031334889024 0.23205644369 -0.17333956023 -0.078581252275 0.15612964825 -0.24216925301 0.039886633744 0.40179590633 -0.11334947983 
-0.023207550318 0.37251570592 -0.22315036977 -0.087358783618 0.27584695308 -0.27689997028 -0.08125986036 0.10187190217 -0.25560686106 
-2.3591162139 -3.6035254961 7.0205535114 -2.0835769427 -3.3770353156 7.4001369594 -1.798443302 -3.3569044584 7.6365753355 
-0.61241954004 -0.44471574472 7.0062459189 -0.62675447845 -0.50635323402 6.8462436959 -0.7666188122 -0.68793148803 7.3655034976 
-0.71546602113 -0.57245851627 7.291601157 -0.6375686839 -0.34108760691 7.0600742231 -0.50202723638 -0.25324498749 6.1717845319 
-0.53581595841 -0.13315618952 6.5919471983 -0.52629885732 -0.29074130957 5.9016406834 -0.797164994 -0.76610129385 7.277336722 
-0.6271049316 -0.50441749788 6.3022104216 -0.89233977841 -0.95886328174 7.7337918699 -0.41417149923 0.8193758172 -1.394419581 
-0.46516601163 1.1089159766 -1.524385628 1.0137295055 -0.4864928436 10.239059598 0.42767490737 -0.43090513009 9.9666436987 
0.20587701662 -0.52293495392 9.6882033545 1.6911934863 -3.5445393748 4.9499729101 1.6190383044 -3.3950166927 4.7870524251 
-1.185156285 -0.30473845226 0.62390872966 -1.1716179656 -0.32493608383 0.81427887756 -1.1301941729 -0.41916670146 0.82517958092 
-1.1838827161 -0.25077669166 0.37996990062 -1.1305837739 -0.38225510988 0.58388164277 -1.2335721598 -0.1687798183 0.35762446544 
-2.0617423253 -3.9814852868 7.6401544842 -0.098905349133 0.20692245681 -0.91959079374 -0.11202604732 0.18676139551 -0.90826304962 
-1.3838630646 -1.40263762 -0.33282720552 0.088421195763 -0.1699279071 0.048353352796 1.4046735614 -2.7305536223 4.7514614554 
1.4029581321 -2.7758873255 4.5957946025 -1.1538951773 0.25571517713 -2.8178151956 -0.22861104501 -1.8298021928 0.94868348502 
-0.33979975777 -2.0734642107 1.0891733722 1.2166430923 -2.7233526431 3.5749962884 1.2602657698 -2.7454777359 3.7245592671 
1.3299607126 -2.9039418093 3.8759189273 1.2631377235 -2.831014067 3.6837163897 1.0718836455 -2.5119175775 3.1582836383 
1.0238841476 -2.4176451423 3.0624491203 1.1470128416 -2.5809305756 3.434889866 1.4403321139 -3.0592478425 4.262372803 
1.3959807805 -3.0368779449 4.0646118403 -0.18028431634 -0.18326056465 0.051058066005 -0.17413625177 -0.08204365528 -0.012118774263 
-0.19452130366 -0.11924092223 -0.001573911274 -0.071853726848 0.13608099441 1.0380768527 -0.022363742062 0.056676226819 1.1214436707 
-0.081471252636 0.13212585845 1.1410168775 -0.024790118582 0.073494338866 0.99873890794 -0.018017275732 -0.011671082328 1.3256761517 
-0.072634895324 0.058906290938 1.3496270538 -1.7879817038 -0.92599125438 3.1877726456 -1.6299817062 -0.49259225691 2.6183736266 
-1.4315007111 -0.83443902006 2.8150505361 -1.2417199741 -1.0571794535 2.8151090824 -6.1331861478 -8.2054006253 5.3117206523 
-5.3068116855 -7.3364581237 5.3659064146 -5.5310844509 -8.1141510002 4.7795393181 -6.0501520548 -8.6030459099 4.7379708049 
-5.2537779581 -8.2473562322 3.7937252268 -6.3611551627 -8.4852407213 4.1080848456 0.0042940166104 -1.6185480206 0.90211862279 
-0.21003685234 -0.072858994472 -0.039361814204 -0.25722241341 -0.1230954181 -0.033949796988 -0.17192239011 -0.013094464116 -0.070534955141 
-0.21820172575 0.0015905500256 -0.10657790938 -0.28328866382 -0.070274174659 -0.079789816428 -0.10148076402 -1.5847229786 0.71753358483 
-0.85345246216 0.030727503832 2.0461771455 -1.0120595047 -0.12347466833 2.0349235097 -1.2968355847 -0.19601734282 2.1682842886 
1.1961701847 -2.2953333881 4.4800828307 1.022620711 -2.1688239365 4.794174581 0.35330565717 -0.66185710425 3.29138513 
-0.13408696833 0.29988718053 -1.0236610011 1.6623574408 1.0851555717 -0.022482451027 1.8576563567 1.2624535761 0.24908536949 
-0.95369397966 -2.3065158217 5.7589488808 -0.80191806612 -1.86778781 5.3007350866 -0.77647005647 -2.9785962577 1.2155215506 
-0.73427614321 -2.9331968138 0.86941774969 -1.0679352412 -3.6692778492 1.4001924525 -0.96714844907 -3.4062372195 1.5422853981 
-0.73058602075 -2.6866286238 1.5758167091 -0.65246716278 -2.5312923897 1.3102194311 -0.83957585406 -3.0494599165 1.5945109535 
-0.67462025334 -2.7136944912 1.0334424382 -0.67444233685 -2.8314550368 0.54746292856 -0.60446564875 -2.5497630181 0.82613253534 
-0.76338254184 -3.0890171335 0.31361819777 -2.154592511 -3.6639671002 7.0479394541 -0.22090490765 -0.6094784989 3.5958432189 
-0.40763546605 -0.87475367043 4.0078731586 -0.051831160994 -1.5494866595 0.7555145026 -0.00022103216182 -1.5066512039 0.80659996007 
-0.31660765961 0.071640934722 -0.21455799455 -0.25419718755 0.072054573969 -0.18749963046 -3.4189415149 -6.9985938038 4.261593302 
-3.9087051512 0.61489488529 -4.0940100087 -3.3021877935 0.65538782997 -3.574517937 -2.6080422214 0.55377443887 -3.5511706806 
-6.3387309266 1.4590103514 -4.5639986683 0.079010103532 -0.12877652293 0.029899655717 0.042273646653 -0.021990201733 -0.049717175863 
0.050381635209 -0.054636424743 -0.014609346844 0.056168794222 -0.070746413873 -0.0156835025 0.023765085823 -0.013559183867 -0.048031167046 
-0.35780566505 -0.076220873669 1.8977980095 -0.21454555983 0.0013758747771 1.8130190667 -1.6406890318 -3.4734139281 2.8589673073 
-1.3775390037 -3.3049944178 2.8029046944 -1.317697154 -3.4526903387 2.8429466295 -2.0061302474 -3.656037093 3.0402802986 
-1.923821593 -3.4789438021 2.9836219733 -1.6310608826 -3.2264636268 2.8954096333 -1.4160293781 -3.6537782456 2.9753520016 
-1.7767281685 -3.7082514859 3.0513217819 -1.4076597031 -3.040805958 2.8552275978 -1.1610627912 -3.3961531301 2.8780474471 
-1.0500438866 -3.5754750819 2.9735533854 -1.0051079971 -0.565929144 0.95427265319 -1.0215115514 -0.54775382871 1.2183352712 
-1.4673774133 0.3328136014 1.2038335221 -1.6077669555 0.35435606706 1.3455858803 1.3020056415 -2.9439405226 3.7795954365 
1.1567511377 -2.6862587882 3.3862263922 0.64468428655 -1.7275806295 2.0848617717 0.64310893053 -1.7466592045 2.1030152238 
0.72864093132 -1.8558035007 2.3025287264 0.67454782644 -1.7477876347 2.1429584157 0.77277100498 -1.921045097 2.404443665 
0.63775143098 -1.6886238737 2.0733425696 0.59050172647 -1.6708318922 1.9775465372 -0.075310350937 0.16641009953 0.094345205445 
-0.086523745547 0.17121954039 0.04174175811 -0.044455051042 0.11665482822 0.14268004461 -0.25163322434 -2.0159095826 1.1355537423 
-0.34389770383 -2.0983486919 1.2242741139 -0.42953107572 -2.1882959623 1.3391619926 -0.10139498143 -0.7826064243 1.5244161585 
-0.072775726699 -0.74765877727 1.4439973721 -0.14030355371 -0.81438009014 1.5772164823 0.18564870155 0.97950163621 -1.5579790708 
0.12831244535 0.97682437637 -1.5159872469 0.1157601117 0.86469357358 -1.4511022031 0.17058346853 0.83899230777 -1.5128121289 
0.15522954341 1.1416221954 -1.6252882897 0.097360922475 0.7633185114 -1.431227203 0.04282034332 0.72945046994 -1.3724855683 
-0.060020970197 0.88795946812 5.2438637431 -21.752373129 6.2671595622 -3.7684122665 -17.708231762 4.8322407029 -8.1094345915 
1.3945298002 -0.74297215972 2.7189839855 1.5335400771 -0.75378444405 3.4619313482 -0.62485946874 -1.8998598267 0.53629272794 
-0.91817376956 -1.9169061303 0.46176119838 0.29380284267 -1.5313541229 2.2492461117 0.29341164572 -1.5820039613 2.2430252789 
-4.8187074818 1.1467279164 -3.3069023844 -0.015040572516 -0.12743467395 1.6261884682 0.043935336014 -0.22950574891 1.5654562143 
0.5186753913 -1.7256746444 2.7647255048 0.43451743131 -1.7326488438 2.3611095414 0.43820096182 -1.6783777245 2.6192445773 
0.51421612406 -1.6598396813 3.0630379548 -1.7773383778 -0.093514021832 2.1116075047 -1.8235293817 0.036576683488 2.0063131088 
-4.3893428426 -7.7704295827 3.0683229296 -2.9746806435 -6.9155013031 5.7139446801 -2.9484592951 -6.9912214056 5.7322064967 
-2.6314525318 -6.7649431389 6.0203777504 -2.7524545919 -6.6929233554 5.7169343046 -3.1722421685 -6.567815027 5.0390417287 
-3.2029104386 -6.8087241682 5.3663815235 -2.5428792295 -6.7163473346 6.2666389498 -2.6690516592 -6.8996219621 5.7292377332 
-3.0674838843 -6.2662608441 4.7098106537 -2.9053775991 -6.7348468006 5.1630728136 -2.2805516987 -6.0146334439 6.142148668 
-2.2715795497 -6.0417466278 5.7320335488 1.5682085887 -3.2199570532 4.7425314748 1.5604701835 -3.1542796276 4.7731115787 
0.034360463966 0.034217471321 -0.022392652206 0.039352640487 0.0041588301239 0.016660087877 -1.9655288476 0.31537226088 1.6199328028 
-1.1388041296 -0.27592595296 0.28770338338 -1.2908562479 -0.095580795117 0.046682449385 -1.061459896 -0.39106802682 0.43526757739 
0.051988240198 -0.072237273565 0.10650622363 0.31508967387 -0.052822404256 0.067946676251 0.37363304385 -0.04130328716 -0.14919239904 
0.34679799662 -0.059361300849 -0.18470860314 0.32890270204 -0.075922838263 -0.028476647865 0.33678126782 -0.020278755204 -0.25500411894 
-2.2303913094 -3.9315157533 3.5038324296 -2.369477114 -3.8797578514 3.7753786433 -2.3982028031 -3.8627031733 4.0907128507 
-2.5714759509 -3.9081937382 4.1808619859 -0.77663653109 -0.23061852052 -0.27636034908 -0.70599475061 -0.24421210311 -0.24060023632 
0.87347178002 -2.1677916646 2.6745649921 0.93778499612 -2.2908567989 2.8215921857 0.97308296447 -2.3724494948 2.9170157622 
0.73324343481 -1.8755429802 2.3049547999 0.74068171051 -1.8636977973 2.3018057574 0.91187246104 -2.2547158139 2.7569200373 
0.83682011668 -2.0712978025 2.5672711915 0.78442483266 -1.994743524 2.436456698 0.90077391378 -2.1948535117 2.7531740557 
1.0061223186 -2.453235979 2.9860378149 -2.9101114204 -0.82293387783 3.6784895408 0.8150211266 -1.9279915652 4.2816112618 
0.95356238288 -2.0260660846 3.8575391519 1.056661153 -2.1135477033 3.7015048427 1.0334258564 -2.1088658921 3.3630394761 
0.95035192103 -2.0313433323 3.0551785303 1.3015093972 1.4320398909 0.9035489008 1.4526805132 1.4476570571 0.89594419764 
1.4632787654 1.4755777197 1.2064016971 1.0234706258 1.2576651942 0.45546619222 1.2315250616 1.3489304685 0.52712409537 
1.6367518801 1.5496573829 1.0829697782 1.3669739996 1.3833018717 0.46285902627 1.7357924189 1.565294802 1.4003505939 
1.11412437 -2.4770308188 3.3126363697 0.99489012813 -2.3264017558 2.9979061973 1.0538378762 -2.3531330084 3.160361447 
0.98348922252 -2.2728298013 2.9729875264 -0.99259994892 -0.014354157344 -0.42300231495 -0.97737154371 -0.064575218609 -0.43068146372 
-0.92914092288 -0.0082250283537 -0.40793888552 -0.95037950156 0.049423056241 -0.40916652351 -1.0187812192 0.042234637582 -0.42945434265 
-1.0599875844 -0.081675536457 -0.4410738904 -1.0974902502 -0.049909142915 -0.44110003158 0.0031714851005 0.10890799426 -0.16655623055 
0.0037938803716 0.11874539788 -0.1815820613 -4.6390345211 -7.8721603642 4.1333808133 -0.124571813 -0.96140461891 0.56311246126 
-0.068092706916 -1.0216518179 0.61938155232 -0.063731132315 -0.96720011955 0.62427584219 -0.14567772816 -0.9028601855 0.53198385138 
-0.11515675756 -1.0890571914 0.6018157292 -0.25174497208 -0.8640363556 0.37855515897 -0.21522978396 -0.99266006125 0.45997041565 
0.0050186741983 -1.1227768343 0.75764703917 -0.02831430696 -1.1965935188 0.73236036517 -0.044913641944 -0.94075893883 0.6309579562 
-0.10295404415 -0.89143197872 0.56822874546 0.014549506941 -1.0154323148 0.71541210671 0.42424160448 -0.14068254797 -0.87613747837 
-0.52606769102 0.22148552205 -1.4766348681 2.4561340258 -1.9933154149 5.6022833218 2.1606121414 -1.7274159834 5.7632774565 
2.1624772281 -2.2458087495 5.4967836194 2.4187242613 -2.4637754488 5.3266855206 1.5183113276 -3.5358276856 6.9045759841 
-0.31623987766 -0.039360374924 7.0661202554 -0.42136809516 0.056081656404 6.7710145136 -0.25081015944 -0.052449912878 7.0043426545 
-0.27633939667 0.21563407017 6.5401478115 -0.37076639305 0.26829415096 6.4007369315 -0.53697737193 -0.13897248528 6.9181258976 
0.037581050949 -0.0030798923077 0.023644447866 -0.32940098463 0.42283032946 -0.10449023722 0.020672800564 0.082497181822 -0.080105528576 
-0.0031803843576 0.093620667395 -0.13248402347 0.19184443515 -0.5121616267 0.62748723756 0.18944267391 -0.54197379933 0.64569402616 
0.20974636654 -0.58898434163 0.70257971595 0.12822304607 -0.30738286288 0.39102881259 0.16701540295 -0.43181272897 0.53472875581 
0.20862471475 -0.59357211785 0.7128063033 0.22410827554 -0.6353160577 0.76392068025 1.8179737199 -0.82338480696 4.9531812552 
1.7991710491 -0.74978623427 4.7379745725 -1.3294188107 -3.3799608549 2.5985469582 -0.43150859679 -1.4537260097 -0.48986589827 
-0.47537485394 -1.7673410595 -0.41391044859 0.34062698207 -0.085698930464 -0.30292491188 -12.160230329 3.8238636389 -3.4277149536 
1.0381016117 1.1125490806 1.8750248078 0.72286740532 -1.8504476042 2.2966469835 0.64781046901 -1.7686183361 2.1346380229 
0.49480234663 -1.5368854842 1.7549213051 0.52776206379 -1.6016547397 1.8155793822 -1.5574557941 -1.9823473387 0.88462310121 
-1.2635185162 -2.0450787819 0.79433249102 -1.4106367203 -2.0338719738 1.0400418167 -0.027559859857 0.080533043978 0.81367469372 
0.0020054873853 0.030468037084 0.85966671652 -0.22652213037 -1.4620642667 0.4434049791 -0.18007683759 -1.4046028712 0.48515089259 
0.29410629474 -1.0324555056 1.1605710782 0.35870255659 -1.126207439 1.301530307 0.22066300566 -0.86815233946 0.95829390067 
0.19785276387 -0.90406147796 0.95511265066 0.27031800792 -1.0642510034 1.150172897 0.39220381325 -1.1780120009 1.3843683173 
0.4679028061 -1.3388994747 1.5892129451 0.73664494277 -1.9086287638 5.0535862702 -0.88993643957 0.60783530599 -1.6474064237 
-0.41025831945 -0.10527151084 5.2387407609 -0.4367899773 -0.033916122784 5.4393843232 -0.35213871675 -0.14943618734 4.6124295738 
-0.50148822222 -0.33872895876 5.389074501 0.84879943289 -2.0732612343 2.619792809 0.78091081514 -1.9606343261 2.4467077079 
0.88222958989 -2.1180422636 2.6930588882 -0.3384242143 -0.74318127418 4.2666321612 -1.3997031042 0.0056368236526 -0.15045631222 
-1.4498012414 0.078225522361 -0.2867741846 -1.2338119142 -0.12834245813 -0.017419705901 -1.3194128395 -0.011889466232 -0.230089461 
1.5781707512 -3.2848285476 4.692423707 1.4631845753 -3.1718989627 4.2344803259 -0.26946394118 -0.71877295682 3.2831221949 
-0.14200957616 0.13900046026 -0.88886832612 -0.15069652833 0.32771607434 -0.29479772803 -0.17497307281 0.35131646251 -0.31495069114 
0.013975682146 0.089244936673 -0.15778831909 0.010585910259 0.10004063565 -0.17018949646 0.013103789291 0.07620789813 -0.13621343425 
0.0029428682078 0.089123011742 -0.13672819137 0.018225200973 0.058779990496 -0.12340484637 0.018480761714 0.064032610505 -0.13247433088 
-0.93254389035 0.1283142562 -0.42324740464 -0.8416971688 0.12561584977 -0.41183859712 0.60260440298 -1.5464590683 1.9063886781 
0.69863703501 -1.7627586116 2.1718355675 0.61159714527 -1.5846575973 1.9569028286 0.65263397805 -1.6820118711 2.0507521568 
0.62703316046 -1.6067363586 1.9821190049 0.26426573471 0.70814422615 0.075957715274 0.66322650972 1.07035974 0.39569959829 
-1.152171087 -2.8053640043 3.7817272322 -1.2211352595 -3.0489087953 3.8507853186 -1.2641281191 -2.9217118791 4.0632886404 
-1.1521607188 -2.5034457423 3.7547484261 -1.029241485 -2.7828854976 3.3851080198 -0.97068500359 -2.2943408302 3.2548854629 
-1.4022449193 -3.4784178608 4.3505809224 -1.1658484191 -3.2130140642 3.520221945 -1.2375757792 -3.2781081307 3.7442437886 
-1.354334077 -2.8236549066 4.2311057788 -1.4531560037 -3.3612464417 4.5613141952 -0.32923885164 -0.91253113296 3.4520356338 
0.43902303325 -0.27446783131 1.1910650587 0.31093461867 -0.20835092703 0.73203138042 0.041929678627 -0.084014145388 0.0089531333365 
0.026642515609 -0.043150121534 -0.011393645125 0.030246826391 0.015121167369 -0.083854777175 -0.67560910039 0.61113080608 0.52236229382 
-0.6564906892 0.59310170698 0.41908541817 -4.8936512992 -1.7840416457 6.4070044234 -6.2826593611 -3.1331700053 8.7815596783 
-5.3271094494 -2.8763485065 7.9161296838 -0.52572211699 -1.864768207 0.46474001364 -3.8558473235 -7.4427607853 3.1877302367 
-0.00030891044454 0.019682289395 0.34316758982 -0.053662098219 -3.2120944017 2.5799123896 0.24831548962 -3.1705652136 2.630604748 
0.2729190259 -3.3337153249 2.7388701902 -0.21474240739 -3.3315170813 2.7163542929 -0.55397864342 -3.1502692896 2.6542586098 
0.53679580601 -3.2168847567 2.7933970417 -1.2044158715 0.89199817153 -1.87438224 -1.1106559087 -2.7889462435 6.2035358766 
-1.4007200042 0.12434185731 0.83208225544 -1.3589442533 0.14882959383 0.84727168973 -1.4060099432 -0.00088828818209 1.1762148443 
-1.3450468463 0.093721412464 0.98411415907 -0.11446500867 0.24374329297 -0.98546592777 -0.12126593024 0.2393738127 -0.98123262168 
-1.560864338 -0.27410706592 2.3153090379 -1.2735271153 -0.37347262359 2.2998481177 -0.11830303329 0.23081604925 0.053279991927 
0.2215632718 -1.736992043 1.6868074465 -0.11041531286 -0.20153034985 0.15451992004 -0.66551557616 0.24181004222 -1.6849236922 
-0.82599174747 -2.9643989511 2.6376579327 -0.87095326264 -3.0518088909 2.6966743522 -1.0694873329 -2.9102253763 2.6565368937 
-0.66424240578 -3.2834870019 2.7551057012 -1.0338870632 -3.2351427437 2.7817788119 -1.1724612476 -2.981784489 2.7373279936 
-1.3624514319 -2.826924114 2.7619624938 -1.3346125237 -2.7133749004 2.7660287059 0.0078495954048 0.014173654943 -0.056649106017 
0.03035365306 0.02868881392 -0.014744365717 -0.040898794573 0.17261007339 -0.21548343631 1.5828774021 -3.2727758932 6.2398027039 
-0.40658177706 0.46605197151 -0.1109627187 -0.41445155716 0.4503681737 -0.14229153222 0.030978680912 0.051153738094 -0.040146852003 
0.039581861597 0.013524143862 0.0074934880305 0.26663751364 -0.074014838198 -0.47085216482 -0.048039761008 -0.54472678 8.2733266629 
-2.0024191269 -4.5093174079 6.0948435843 -1.9410672749 -4.4335520619 5.2547541456 -2.1678568751 -4.2220382172 7.205171669 
-2.1240143757 -4.0240683883 7.3219191737 -2.1518738704 -4.2911404282 7.6527300166 -0.42065394447 -0.11487083996 -0.11774585277 
-0.54183906307 -0.070416532279 -0.2062771415 0.38003011701 -3.1519793391 7.8404113658 0.63998737535 -3.2106842435 7.7474393502 
-0.022571077133 -1.2893459035 0.71754282065 0.018015469376 -1.276223613 0.78402993032 -0.085362737352 -1.1925708932 0.64019676914 
0.11634674853 -1.4159437219 0.97163801753 -0.13982985368 -1.2079071698 0.54865097452 0.066526090834 -1.4419123142 0.89210002526 
-0.073835988228 -1.3589495992 0.66345116954 0.15991541719 -1.3884161905 1.0515562157 0.09164515526 -1.3100283537 0.95988684757 
-0.19259663649 -1.1187182611 0.51639617004 -0.0080455834431 -0.31156666768 0.28741663683 -0.0039542205528 -0.40035212226 0.36116106558 
0.81506190495 1.1707377931 0.32580493607 0.25459232469 -0.1935534011 0.37470068251 0.1905475378 -0.17381629669 0.11491207582 
-2.3521461432 -1.447790529 2.39923622 -2.2860902958 -1.4961879305 3.1103956684 -2.2387582115 -1.6217568607 3.2689736398 
-0.10292001937 0.15639465616 -0.84600785824 0.81870206648 -1.9799466625 2.5346450683 0.83261760583 -2.0071203886 2.5543944779 
0.78345517872 -1.9458246752 2.4901304293 -0.46422647382 0.10524786096 -0.29148720567 -0.4158628571 0.059569063038 -0.24448522277 
-0.40225341673 0.0004378605562 -0.19379713199 -0.30917137989 0.0050648106224 -0.15276655988 -0.7436803839 0.46988077145 1.8008212789 
-0.74705583313 0.32613293483 1.9267206325 0.91009067053 -2.0133362863 4.5312933877 -0.42186061588 -1.3946703782 -0.4026156553 
1.8141301572 -3.7644527584 5.299534497 1.7492837135 -3.6979131908 5.0162426897 1.7743447877 -3.6771922893 5.1505285428 
1.8161543332 -3.8074847514 5.0440150929 1.8527539155 -3.873308448 5.5869376328 1.8734894541 -3.8616892211 5.8270537035 
1.8090254586 -3.7153829923 5.3633964455 1.8421580997 -3.7534878587 5.7742838436 1.7515949148 -3.7400758396 4.7669288163 
1.6815730541 -3.5881906269 4.8401394506 1.6389247799 -3.5960437331 4.609877173 0.17148871914 -0.70838362336 0.78582898775 
-1.3806193717 -0.7708357284 -0.35701943869 -1.6178470027 -0.86280291683 -0.18126261881 -0.70070261993 0.18724204251 -0.41144874183 
-0.63103128602 0.19001428282 -0.38858452691 -0.51760140455 -0.9077304836 5.1844254687 -0.7736339567 -1.2705738909 6.145850504 
-1.0636632886 0.071000343975 -0.42358600885 -1.1225630045 -0.0085095911847 -0.4295342952 -2.2951698021 0.59838819062 -2.11724152 
-2.461070714 0.6168359018 -2.1141541188 -2.2013333507 0.58574382998 -2.2968479664 -2.2611272885 0.58099386992 -1.8224828255 
-2.0333093618 0.53802814339 -2.2420997634 -2.0940851958 0.54761561159 -1.9379973091 -2.4937506944 0.63502654999 -2.283783795 
-2.8045588878 0.67676005205 -1.994803916 -1.8749838204 0.51679107025 -2.4015059642 -1.8971691759 0.54339295039 -2.4470675707 
-2.2753314771 0.62859970292 -2.4827797278 -0.12215424965 0.29757765098 -0.28198382405 -0.11026405891 0.28316776293 -0.26682028934 
-0.11671784815 0.25596968159 -0.21494162478 0.013322270303 0.048033615808 -0.091956162623 0.02694938706 0.017140414367 -0.073538734001 
2.0824508645 -1.1628292338 6.0057438869 1.8519686705 -1.4481731732 5.7885288388 1.8853023665 -2.063327518 5.5209024894 
1.7042694926 -2.6083264654 5.1733571804 1.9577903478 -2.7216085202 5.0986943392 -0.61559560669 -3.2388249604 3.1142555306 
-0.61006330707 -3.1437304957 2.7041102028 -3.3670710582 0.8891418855 -2.8609559937 -3.3615004758 0.91622940055 -2.6447471489 
-3.7775233773 0.96168359875 -2.461476033 -2.7585419994 0.73179740772 -3.0325546548 -4.2915480294 1.0976536295 -2.7515294091 
-2.7594556974 0.73900794091 -2.6207394416 -3.2779516572 0.82568547478 -2.3125097985 -5.0211167729 1.3288688247 -2.1409475459 
-4.3054479008 1.0956721908 -1.9799150861 0.006372409086 0.12362208798 -0.13327794581 0.0071524094382 0.1266830739 -0.1382139548 
0.94831708801 -2.3722382757 2.8270925297 0.85284599838 -2.1628253876 2.5879257872 1.3856139552 -3.0107091483 4.7740970626 
1.3241920323 -2.9229420455 4.8561360105 1.1276260581 -3.2693736738 4.4774380938 1.2672782466 -3.3323097239 4.3871814992 
1.6259204757 -3.089803696 4.6496635587 1.5411268146 -2.4847411653 5.1976793825 1.455664311 -2.8014402467 4.8885768594 
1.0510555657 -3.2284410306 4.4846435602 1.0221904488 -3.6072810935 4.130458803 0.88102155708 -3.5537026112 4.13245719 
-0.98757252915 -0.99594549775 2.507452754 -1.0322320792 -0.84758556619 2.4343419952 -0.86939427565 -0.88571436016 2.3160217338 
-0.85692295814 -1.0543171748 2.4177695849 -0.95781587243 -1.273429262 2.6681455152 -1.1044748889 -1.4217348008 2.9653574659 
-1.2113579095 -0.58775943381 2.4186698363 -0.90056161545 -0.71513988845 2.2335455609 -0.75326037603 -0.82429602518 2.1652790966 
-1.0831347208 -0.24970764688 0.11421628817 -0.14047144753 0.35334142105 -0.42082621599 -0.11004506631 0.33631731069 -0.42016166412 
-0.13573613458 0.35577990166 -0.4190840497 -0.16739928727 0.36670336081 -0.41486317346 -0.12133961349 0.34256487143 -0.42426318508 
-0.19473144033 0.37642063356 -0.41576424081 -0.089316456854 0.32323422168 -0.41936284649 -0.067978993763 0.30625826002 -0.4097189247 
-0.077783255617 0.30914926755 -0.41014483267 -0.11003773618 0.33415468922 -0.41158479369 -0.15467815739 0.36441877369 -0.40623717526 
-0.11769289765 0.33763596069 -0.40389304858 0.026956336118 0.069191537795 -0.063139316423 -2.7169555834 -3.1035099349 4.1300903768 
-2.5051799795 -2.9007369797 4.0763524133 -2.6566168085 -3.1648687745 3.9261497392 -2.8825097672 -3.4173378417 4.0022622278 
-3.1993783945 -3.7644881375 4.1885614391 -3.0093528494 -3.4008381563 4.3801931062 -2.3925904131 -2.8341456858 3.8243858423 
1.0033292614 -3.632803356 4.0254554392 1.2051141407 -3.4059730339 4.2237492447 0.41318480039 -1.1068655791 1.3356844708 
0.36826384484 -0.99488130183 1.2078392727 0.40451389368 -1.0837798852 1.3192220316 0.52940467041 -1.389268844 1.6962834875 
0.45689625276 -1.235301936 1.4856527429 0.36387082216 -0.98914676035 1.1853785094 0.49340938679 -1.2711604898 1.5529590493 
0.3652250536 -0.98382346026 1.2067485901 0.29447075877 -0.82490648822 0.99479232215 0.30710959638 -0.83069939571 1.0063387433 
0.40272018363 -1.0626837846 1.3186913148 0.44074323993 -1.1602395905 1.4270866586 -2.1236992907 -4.2463719801 7.9870687952 
-0.32108607479 -1.0187958491 -0.17290137438 -0.29280880127 0.29815867775 -0.32197717531 -0.28486077344 0.34808919028 -0.34551819779 
-0.24189260931 0.34329846972 -0.36256439155 -0.15360874675 0.41973003112 -0.34417367497 2.3028452664 -0.83662023921 6.5737509927 
0.27335867834 -1.1205752258 1.1905258723 -1.9187070284 -0.95985867236 3.6012658209 -2.0603631475 -1.0900923044 3.591679378 
-0.76622390636 -2.7655093079 1.6008783022 -0.89974374818 -2.8536802106 1.6481103932 -1.8406684213 0.19909055461 1.9515820771 
-1.6315440424 0.46159217111 1.9212957245 -0.123747749 0.029921641062 1.5827793589 0.01406796885 0.11281424451 -0.12129764077 
0.56271067433 -0.43027727041 0.83555143267 0.54437094714 -0.43807952354 0.7278271235 -0.15164967489 -0.77918407211 0.46559482148 
0.71622290084 -0.26441863159 1.0623625598 1.5557698607 -0.69824737783 2.8595757501 0.94645845084 -0.41399546573 1.5120957198 
0.53384812118 -0.14347564844 0.73169081891 0.43731129682 -0.13459217238 0.58826712385 0.52841921976 -0.26340748541 0.7597167591 
0.083613976595 0.044437457882 0.096756041617 0.20193784894 -0.10058170679 0.2650622556 0.26298310054 -0.24408267888 0.35760357169 
0.41884269468 -0.26712055386 0.9231182346 -0.7825831021 -3.6214841354 3.669132079 -0.64663953377 -3.261018794 3.7008079361 
-0.76217076033 -3.5597121762 3.9278125103 -0.080255291207 -0.0098935666139 -0.27030238892 -0.065644019514 -0.090460412855 -0.2717285967 
-0.4831414498 0.11324224425 6.3430487915 -0.43128376131 0.32649899824 6.0854613688 -0.14211691117 0.10435915284 6.4781398881 
-0.23328918385 0.40682363219 6.1494282167 -0.29960336422 0.42768504741 6.1225809014 0.076951616606 -0.2836847214 -0.36606254015 
-1.2187577923 -0.13236132289 -0.38246099782 -2.7134199581 -4.1113549445 5.1296370811 -2.7794106868 -4.0766469027 5.1260808054 
-2.6749765781 -3.9934013118 5.3967680151 -2.7469180688 -4.1201770355 4.7963905693 -2.5726698371 -4.0568284885 5.1563933467 
-2.5959679102 -4.0510617369 4.6901818674 0.4403133419 -1.1536291816 1.4357273372 0.55209752447 -1.4006674353 1.7298094667 
0.50707464761 -1.3199247111 1.6394587963 0.29638801191 -1.2381981858 2.4867651467 -0.67225529038 0.59257245708 0.222374055 
0.9443680753 1.0361391028 -0.35415124913 0.97049032612 1.1305965537 -0.25300388689 0.91253576247 0.95049802205 -0.4627927601 
0.84689746832 0.98936472206 -0.45612277384 0.94155399587 0.87512024086 -0.49303328946 -1.0922011964 -1.8852962984 0.28242137878 
-1.0856017942 -1.9908737867 0.58294391234 0.0018179515148 0.22794404891 -0.35077907968 -0.017147447614 0.25686540949 -0.37533450546 
-0.86916787462 -0.66445398242 0.98036885483 -1.3371136661 0.10668011334 -0.64273393957 -1.2766175732 0.072178817988 -0.54714484934 
-1.5781908123 -2.7183865161 2.9051624685 -1.5874033167 -2.8832141675 2.886735428 0.12173124234 -0.41307030257 0.10330143881 
0.047837414371 -0.27336708892 -0.077286501594 0.038300340168 -0.28595934576 -0.19795942083 -1.788251966 -0.58347553153 2.2399533769 
-0.08770725045 0.18788646542 0.17407905359 -0.037549637354 0.094515113512 0.26919520115 -0.28267334099 -0.098527669557 -0.077752832954 
0.02389261558 -3.1329857095 7.976115796 0.34096867958 -0.097035549869 0.20708644503 0.33206031947 -0.1001806246 -0.12968647667 
0.32349302348 -0.099491475456 -0.27217705879 0.8462328538 0.48909782363 -1.2633563056 0.89080112961 0.54809765741 -1.1175749392 
0.63882313728 0.45953128609 -1.3297793193 0.64294482423 0.4293658336 -1.4462213814 -1.3318519376 -4.2707563067 1.7551276347 
-0.25380728156 -1.5154687588 0.42566435378 -1.0677223145 -1.8533632391 3.2312489088 -2.44164782 -3.9985520714 4.7530523921 
0.81867413684 1.1464488267 0.11925444356 0.62237100418 1.057275451 0.042758158251 0.61706511651 1.0157048276 -0.070508899364 
0.97467288915 1.2011488532 0.14610462177 0.81782170045 1.1194951804 -0.11930679428 0.52924485132 -0.87291724929 4.1413794573 
0.51621818904 -1.2122243373 3.6081142167 0.54153015378 -1.2594022006 3.8858093903 -3.94219383 -4.7558247365 4.6718285948 
-3.8488438621 -4.4483159722 4.827052911 -3.5451598558 -1.3435962617 4.7792528394 -2.1458168569 -0.88166383964 0.97072346608 
-2.0269864563 -0.92002372528 0.55577931786 -1.9159224321 -1.0111412587 0.28946821992 -0.62442091489 0.12632523927 -0.3424077019 
-0.70215679514 0.1205888473 -0.37005402534 1.0736213572 -2.127164829 4.2217492774 -0.098331078186 0.13690408115 -0.7898412186 
-0.082253066022 0.12994805154 -0.81463722261 0.41208078391 -1.4419168372 2.7626737534 0.34675132866 -1.2958207717 2.6126072859 
0.41478008286 -1.2412111465 2.8998023738 -2.3399274819 -3.0614272299 3.2928063182 -2.1446625355 -2.8732275964 3.2618657828 
-2.0490573678 -2.9292961982 3.1666974031 -2.8061883729 -3.5955807933 3.6871153847 -2.4631055888 -3.104357619 3.5450344459 
-2.2304736035 -3.368980537 3.1478398226 -2.6887926113 -3.785621912 3.515905825 -1.9904407909 -2.7880988311 3.2520970072 
-2.2072008921 -2.7981177149 3.4812120004 -1.8312499259 -2.8484039262 3.0954860085 -2.0053767347 -3.0588094432 3.1016857312 
0.51600210783 0.95302482264 -0.22282841946 1.3970774789 -2.6570847271 5.1669618401 1.6028296316 -3.6000966335 4.3217398105 
1.5255131849 -3.463365137 4.2424804678 1.0934148375 1.2538876137 0.056146174074 -1.5455496982 -5.5662858047 7.7648150371 
-0.12498859797 -4.4966750669 6.0798230256 -0.83280917375 -4.8360435411 7.1768216159 -4.8407519191 -6.2768865805 11.006876494 
-3.4932351995 -7.0242794997 9.9017478709 -1.2319278895 -6.1661100644 7.0604567806 -3.6997836435 -6.0573986435 9.666165995 
0.63457951848 -3.1578757282 5.2312966535 0.091216782977 -3.6506725601 6.0851087165 0.28242133922 -4.19475291 5.2983795418 
-0.39163889354 -3.7875733882 6.4535762685 -2.2501503614 -5.0743275464 8.4325597402 -0.45532091191 -2.0831762095 -0.16487528024 
-0.44847405929 -1.9227048246 -0.22430322628 -0.51379869176 -2.0780344773 -0.33207215656 -0.44836622496 -2.1731753062 0.15006203148 
-0.40192765036 -1.9056479852 0.043531377923 -0.54952484927 -2.4978990786 0.25552347058 -0.55661325844 -2.3522398585 -0.13639507498 
-0.43280358258 -1.6665269008 -0.23884555244 -0.39465169048 -1.7653124603 -0.031747307575 -0.61788895979 -2.2581113056 -0.52879613519 
-0.0094054718211 -0.23812519387 -0.38605774105 -0.050360902848 -0.23045556577 -0.40013414477 -0.051791587851 -0.21689383768 -0.38641037984 
-0.016228649397 -0.23978152753 -0.34992714572 0.036079776165 -0.26556635265 -0.37823712535 -0.0072923393914 -0.24655755926 -0.4101344332 
-0.10761682534 -0.23282073451 -0.42240453966 -0.096482710091 -0.22535158658 -0.40383162747 -0.06518357494 -0.24061404996 -0.43321913791 
-0.047202858174 -0.18662465518 -0.31286857153 1.5420264418 -3.3455782245 4.4084552381 1.3939044618 -3.1338972407 4.007992726 
1.3051044053 -3.0242096658 3.770436813 1.2084483597 -2.8627342602 3.5675909109 -0.94493258942 -3.8936357708 4.2053115049 
-7.0642490465 -4.3870410933 10.228772417 -0.36842548147 0.44819339312 -0.024818582103 0.03343351909 -0.26149692074 -0.45375550887 
-0.011267898229 -0.25903548469 -0.4629348102 0.88985214949 1.1466144539 -0.22734917002 0.029249845113 1.2289307859 -1.629585111 
-0.14134898484 0.054299112147 -0.35528118922 -0.12224481578 0.026424285372 -0.34805558198 -0.15156585785 0.12947437936 -0.34636863735 
-0.21709193311 0.13532802011 -0.37197378152 -1.1800064531 0.30062871439 -2.6339510764 -0.04372446921 0.19418636292 6.2446844034 
-6.4131100111 -5.6079446357 11.015656731 -5.8278394735 -4.9344763389 9.9024817373 -5.8447250199 -6.0480924006 10.535519015 
-9.2320473386 -2.6279173321 10.711372382 -7.7719113324 -4.7403531496 11.656839428 0.26643532724 -0.75084160002 0.90844915955 
0.20755567686 -0.57930867593 0.70676746026 0.021035910718 0.10529410428 -0.11062718867 -1.4815890458 -4.5679225041 2.4644485297 
-1.8039233111 -0.87253887934 3.1881768942 -1.5004045199 -1.076172036 3.3953358242 -4.7189689169 0.86396422516 2.4319796614 
0.4811981242 -1.2565286065 1.55679685 -1.2706884669 1.3144791977 -1.978167835 0.37258248814 -1.0935677669 1.3057794378 
-1.2505960681 0.20926896636 0.42665142367 -1.306811316 0.15323427958 0.55586347837 -0.1608273912 1.0206536337 5.3700200377 
-0.15793520669 0.9324144123 5.2869560075 -0.069690673663 1.0099583877 5.4033711869 -0.23505981664 0.98799181841 5.3346905522 
-0.214785951 1.0726308955 5.4103982426 -0.13879215296 1.0819938425 5.5131989213 -0.22313833681 0.908849946 5.3474203773 
0.3721188424 -1.6947972402 2.3335653014 0.38694083309 -1.5777400502 2.5784247259 0.47138479763 -1.5169237198 3.0087122832 
1.1898504071 -2.2825402082 4.0013699483 1.2371334043 -2.363179084 4.125694715 1.1828009191 -2.2939348095 3.810911954 
1.1448390906 -2.2167233414 3.7270988579 1.2456318669 -2.4017311267 4.0426021025 1.3246691164 -2.4802737191 4.5462951096 
1.0726037461 -2.1793800685 3.3655718662 1.0743580715 -2.1771929624 3.3467846733 1.1586169252 -2.2856421196 3.6310773025 
-0.18123127231 -1.8199912129 0.97936624101 -0.29097058502 -2.0465985458 1.1221599928 -0.4058864437 -2.1986745075 1.2285523895 
-0.46894988375 -2.2872200325 1.338044715 -0.38098608823 -1.9204393626 0.30264370766 -0.33992846011 -1.8539699085 0.37365700334 
-0.36848515908 -1.8222831984 0.19914306416 -0.38165675639 -1.9856228459 0.52773751258 -0.47531676037 -2.2490845617 0.52230102164 
-0.33740454182 -1.7488275348 0.32428611648 -0.30012450277 -1.718751251 0.49285556154 -0.32798759081 -1.7920143555 0.6959715983 
-0.37035392749 -1.6965887719 0.16990969386 0.65285029837 -0.1478831731 9.8093121099 1.3842247752 -0.37702726845 10.221620018 
1.0490349406 -0.1224968452 9.8900365134 0.56438718661 0.23378418658 9.1704798893 0.24394147194 -0.069972059112 9.2196603234 
0.24996195202 0.23800369366 8.9165878104 0.15314149622 -0.26261979515 8.9132438014 0.88050496606 -3.2394289141 3.0948658384 
0.60479014334 -3.4033354781 3.070476099 1.5464840119 -3.3586545756 3.4187742619 1.0828904435 -3.3909408188 3.4336428076 
0.18756087546 -3.5123444081 2.9021815556 0.33295669584 -3.4672759596 3.1178836494 0.74019660919 -3.4253918252 3.402061409 
-0.075974970212 -0.26168643292 -0.48533506259 -0.053637582802 0.096908881585 -0.78679180765 -0.71232626422 0.57713867689 0.062028455491 
-0.54166434862 0.27069730419 -1.9206175299 -7.0833617942 -7.8357357412 -0.99960732172 -0.36003509506 0.4919190877 -1.2598082129 
0.21870121381 -0.1084878987 -0.077572636559 1.047710368 -0.25826295557 1.4484958262 -1.7911278232 -3.0934927485 3.023088931 
-1.8058621436 -2.6238143814 3.1048561762 -0.91804386443 -0.44815240468 0.45511342381 -0.58112546315 -1.7086528316 0.15157729587 
-0.33881163855 -0.89080624273 0.27350141385 -0.0054212662122 -0.19719960754 -0.20934857302 -1.4967289973 -3.9962469122 3.9463903271 
-1.7502442445 -4.1338685389 4.295055189 -1.7169445769 -3.3438951311 5.0841442265 -1.7342275898 -4.6360089971 5.6053285994 
-1.713286107 -4.7143872665 5.2460572594 -1.9176087529 -5.4292009818 5.7111434049 -1.9897080973 -5.4731939901 5.3479109102 
-2.340256319 -6.0050097897 5.3894460192 -2.0184890899 -5.3687980888 6.2887187978 -1.750797132 -4.8984057286 4.8088086764 
-2.071471183 -5.6834386623 5.0076916492 0.32136939599 -0.11804597962 -0.12620273076 0.29113814879 -0.10341879712 -0.29344774701 
0.31435316634 -0.10912006885 0.051583837347 0.27644376808 -0.12132988361 -0.1168057273 0.29387860132 -0.11697747465 -0.22502184894 
-0.80087029951 -2.8805167868 1.9554765128 -0.91652815618 -2.9909297345 2.1670931452 -0.59200363511 -2.5481848587 1.7232507838 
-0.6097665206 -2.5582530658 1.6509414938 -0.74008178859 -2.8905409398 2.0882111083 -1.0654511914 -3.2251452433 2.4844491149 
-0.84925806422 -3.132055662 2.4345437009 -2.6377522992 -6.5612884167 5.4086055128 -2.4917778408 -6.4160230109 5.210124083 
0.30648425215 -0.1094279991 0.45995047578 0.23905568112 -0.11040639143 -0.23152696635 -0.72006289653 0.53521284592 -0.040845878648 
-0.63187286697 0.57194033813 0.050052683677 -0.62004835785 0.58516920232 0.10542815976 -0.66943698535 0.55922919504 -0.017057137598 
-0.79680591801 0.50797267174 -0.034695728365 -0.87180692148 0.50138128393 0.013857605519 -0.68277016192 0.52553146378 -0.074945194379 
-0.75166810349 0.51622276899 -0.066460996079 -1.2895698465 0.20485579956 0.61840179623 -0.16028557847 -1.1639612373 1.5373936379 
-0.21707549025 -1.3391564338 1.3922582189 -1.1708788669 -0.15756893587 -0.44389525571 -1.4126678556 0.82300160512 -1.9819582652 
-1.5380229188 1.2477600007 -2.1339997629 -1.5630317374 1.677322376 -2.276690143 -1.2440117344 -3.4783881048 3.6549345147 
-1.4285214419 -4.1835773986 3.9304538061 -1.4782776297 -4.1113693515 4.4980935832 -1.2461164217 -3.7446311935 3.4176142256 
-1.0694196309 -3.3342795031 3.0223223666 -0.9395841564 -2.7693680189 2.9221548587 0.3478264295 -1.5914919976 1.399340566 
0.57708737283 -1.7415961737 1.8864814048 0.50250021463 -1.6963273653 1.752430801 0.25645943087 -1.5397599864 1.2411468579 
-0.043933217233 -0.87091082115 0.61628702858 0.047328940746 -0.97163228168 0.75958819329 -0.094127005902 -0.79412534206 0.54056374695 
0.033728189271 0.2766588995 -1.0648087827 -0.028692291152 0.17775619081 -0.21903067042 -0.032635628389 0.17567056765 -0.21433806575 
-0.044109627772 0.17977227079 -0.21175660673 -0.045870154527 0.18258634488 -0.21722677187 1.5179817287 -3.3799593307 4.3290809886 
0.061254368016 0.1042967159 2.0786839621 -1.197770618 -3.4364707128 2.7990335422 -1.3887361286 -3.4937099636 2.8772222446 
-1.2624209147 -0.56834127748 -0.39362245771 -8.2880648562 -6.099400163 12.437799862 -4.7699273673 -7.2918781445 10.722357708 
-2.6464264876 -7.5334269663 8.5665112643 0.25957514277 -1.4547306473 1.2139252582 0.65347859659 -3.8674652907 3.8406996306 
0.54666881742 -3.8506274565 3.8491074923 0.61292686332 -3.6230709377 4.0572753635 0.49888591125 -3.8536006948 3.7686270876 
-0.50917102887 0.2386676169 -0.37875851156 -0.43845004334 0.23987739484 -0.36539848949 0.30855881381 0.38340278927 6.307767884 
-0.12139462839 -0.6890239925 1.2244696283 -0.10319957578 0.062124012706 -0.12280675907 -0.12252397739 -0.053207154966 3.2269776009 
-0.78481925757 -0.0071865144843 -0.37398612619 -0.67511912647 0.004419735619 -0.37369259515 -0.26599792261 -1.2889987311 0.47777577626 
-3.8502590281 -1.6364690572 5.3132959505 -1.2839774575 0.21911357477 0.75849957177 0.48943124837 -1.2887040826 1.5883772143 
-0.11963553379 -2.3333438448 1.8866943809 -0.18852409793 -2.4042641666 1.9264285594 -0.28489053999 -2.5990280899 2.1753144475 
-0.29299057829 0.24363716701 1.5493562602 -0.36464354672 0.21321481303 1.6315322201 -0.34434049913 0.31964453938 1.4476089356 
-0.49670319151 0.36318940755 1.5733359063 -0.537585301 0.1291644192 1.9040205608 -0.44224518955 0.41786287646 1.2998601167 
1.3085574235 -2.4472867037 5.0774126088 1.648816373 -1.8720927332 5.475384862 0.25442452346 -0.7149285669 0.85085209673 
-1.420827449 -0.65409157834 -0.29836778134 -0.044341245426 -0.00017251281204 -0.033135733407 -0.13498162998 -3.4922917868 2.9680854721 
-0.33284646218 -3.4949564705 2.8166611517 -0.79441949532 -1.3494992737 2.4596059144 -2.398737958 -5.9955479384 6.6274805845 
-2.2326524684 -5.5040377509 6.827168687 -2.3320740662 -6.3866017225 7.1662368965 -2.4626463614 -6.8799328195 6.5753403917 
-2.0423845031 -4.7114916628 6.4468334788 -2.4407184384 -5.4881677579 7.3282188446 -2.2495713089 -4.9094242534 6.8830706723 
-1.9550741061 -4.5260940795 6.1252253377 -3.8767483678 -4.0883259763 -2.4666683318 0.098093990467 0.61796441775 5.9110475526 
0.05751781027 0.61032003035 5.395894533 -0.067105578969 0.75488916823 5.3178906472 -0.058067803336 0.81359110236 5.6751563526 
0.077669855246 0.69435986268 6.1556319249 0.25816270677 0.60678674905 6.8479327954 -0.59963876096 -1.9743837639 2.0169940652 
-0.55386142213 -1.9279952539 1.8634774245 -0.63280717053 -2.1394325365 1.9036880555 -0.804855416 -2.1810748248 2.6384680985 
-0.68671220699 -1.88992614 2.374230538 -0.69625811839 -2.2291153373 2.1407010043 -0.56397226466 -2.0681456327 1.6519722157 
-0.48353440455 -1.8146319858 1.6323575712 -0.62765797079 -2.204369649 1.6286457637 -0.69655083346 -2.4047214159 1.8674407686 
-0.59741143018 -2.5274787131 1.5588314889 -0.12761732921 -2.1610957949 1.6044445192 -0.025404809271 -2.0293270874 1.6303821537 
-0.37760249301 -2.4250233642 1.7655138263 -0.35680887275 -1.3678422795 0.26982564534 -0.43592905257 -1.3985107196 0.19833229843 
-0.35584464549 -1.4604509779 0.29755923009 -0.48089577089 -1.2998540512 0.14347433114 -0.25857875837 -1.2655314287 0.3619938148 
-0.37216365958 -1.2341050468 0.2700759278 -0.42868525916 -1.5156022972 0.21483218511 -0.33235467825 -1.5333500712 0.32743195834 
2.0643390729 -0.72965509685 9.1814611861 1.682727567 -0.55658988306 9.6396880093 0.61979477538 -3.8377093272 3.7883849701 
0.12782762294 -4.0589960272 3.6531234726 0.15805436309 -3.9554633957 3.591311224 0.96354103073 -3.6542294366 3.9082263017 
0.10648957478 0.51592185345 -0.068646503059 0.043130402549 0.49932871778 -0.18589129728 0.31809745713 -0.1054184102 0.9543232295 
0.32338507695 -0.10376523259 0.67072219998 -0.78631899225 -3.2020217659 2.6591376514 -0.67840730151 -3.0178652265 2.3369153064 
-0.99235732949 -3.4052948621 2.8300374953 -1.0244282448 -3.558229186 3.0828843783 -0.81177639285 -3.4228501594 3.0758586863 
-0.51946066282 -2.9312921006 2.2862725695 -0.55387086794 -2.6662998459 1.9163230006 -3.0942790978 -6.8557828568 5.4341494885 
0.014056321902 0.092981486505 -0.095272515974 -4.8046191608 -7.4150813874 5.0484621375 -4.8847236252 -6.451287682 5.254894611 
-4.7382487686 -6.7558139538 5.114600873 -4.4281310066 -7.3560802133 4.8962422783 -4.258931945 -7.6601708889 4.3807247573 
-5.2015684484 -6.3875535872 5.5141888304 -4.5306553268 -5.4634522554 5.2918348392 -4.7180350032 -5.8766311702 5.0731202436 
-11.17198259 -3.7143912268 11.791106469 1.7305531423 -3.198534664 4.4504565323 1.3521290002 -3.5247732794 4.037988597 
-3.826359287 -7.459251706 4.0310749221 -1.0143263164 0.32174367701 -0.055301562949 0.62418478641 -2.3163646136 6.6409966475 
-1.1160247123 0.53289773285 0.55877576684 -1.0640331662 0.58620392149 0.57465282909 0.71602218143 0.8735464093 -0.61527923031 
-1.2155831239 -0.186462469 -0.43403191456 -0.0536876398 -0.76077066493 0.55690880875 0.023160576849 -0.87319257045 0.70321426538 
-0.10079983065 -0.65027124326 0.43871233158 0.00044232211589 0.21727151172 -0.34308591158 -0.016776249044 0.24912780559 -0.37328342336 
0.49031933078 -1.1325422972 3.4342241328 0.29290127716 -1.6539522808 2.155547531 0.46877008851 -0.81746887842 3.663602372 
0.27624525941 -1.4398908167 1.2624009506 0.20476356908 -1.3590387666 1.1464205754 0.41705710572 -1.5764293476 1.5637195018 
0.18795451612 -1.3562939261 1.1228933171 0.38168906044 -1.4869415444 1.4984388121 0.26368848112 -1.3412488752 1.2444242726 
-1.1839269114 -0.091385319714 -0.43606257198 -1.1746580243 -0.021228805437 -0.40356783055 -0.52409990248 0.13948245657 -0.32253561923 
0.1424892555 0.32805435283 -1.1293653046 0.074681246284 -0.64699866539 1.3795362746 0.097291365649 -0.58565472692 1.3340427647 
-7.9081555483 -8.4887924601 3.1120396992 -7.9927645984 -8.9811129307 4.0308685896 -8.2872576331 -8.7300740527 1.0294709361 
-0.035742104718 0.073705961707 -0.83314010935 -0.0027912557831 0.045176024618 -0.82361895919 0.0053542490953 0.031307263137 -0.8141579352 
-0.07390510104 0.11220038148 -0.84679296489 -0.063332448538 0.10178097141 -0.84682176546 -0.037250479432 0.067776893145 -0.84030833105 
-0.053941787288 0.085851255933 -0.81938826729 -0.0028062297405 0.039784288835 -0.80547874369 0.032551805269 0.010398889757 -0.82051372481 
-1.1714678348 -3.2571454593 -0.94539197469 -2.5400878221 -4.0868957792 3.3752034295 -2.1001084781 -4.0082377921 3.2341937278 
-2.4567757669 -4.2426629909 3.3642190785 -0.71857968762 -0.60188344043 0.71584497207 -1.6882885619 -0.79730596379 2.7044251705 
0.009406749391 -0.10420583702 0.0084677286301 0.40352078033 -0.90937818299 3.1410700169 -2.3233754742 -3.7967155593 6.6898770661 
-0.34092032699 0.43138322225 -0.37197226002 -0.29201362601 0.97417414303 5.1724785641 -0.30533724426 0.9405783203 5.3092201367 
-1.0291884658 -3.9237927011 3.8044530631 -1.160217765 -3.9084335196 3.6899490113 -0.12184268647 -0.25379556525 -0.47478357507 
-1.184357998 -3.5323039978 3.0412865029 -1.3329237205 -3.6315352043 3.1647300932 -0.54545362226 0.56151207345 0.040706303859 
-0.56329797838 0.54208665849 -0.062908841121 -0.87021341833 0.47218392243 -0.038578637765 -0.80501830226 0.49013740281 -0.086150822342 
0.53694545201 0.62846211785 1.4271210033 -3.3404751852 -6.8971329125 5.1616690163 -2.8723763477 -6.7647211217 5.1993149081 
-3.5946344951 -6.966482214 4.9590808065 -3.7742707679 -6.678807375 5.0029558926 -3.4732059736 -6.6004729754 5.1003537296 
-2.4019771697 -7.2855302158 7.7808429997 -2.2149715974 -7.5256615671 6.9837824333 -2.4848737076 -7.371798507 8.2354851142 
-2.7435295315 -6.7159842885 8.6980178657 -2.1671086118 -7.2255234242 6.4738486299 -2.4625224448 -7.301782678 7.0812800742 
-2.4543277875 -6.5889187441 7.8698136428 -1.6527045295 -6.6886197099 5.3371870593 -1.5541181741 -6.7951574484 5.5389152882 
-2.0140087542 -7.4416253067 6.7993037103 -2.9818789743 -7.578026806 8.5253533513 -3.4476709387 -6.5403409121 9.1151726196 
2.1371785816 -2.8204998938 4.8895868693 2.5353730538 -2.6473984832 4.9952264496 0.043892531042 -0.032318088035 -0.045104191105 
-10.301330005 -9.2157824674 1.6710840671 -0.5173415476 1.3200174116 -1.6288445106 -0.4450610752 0.12078646167 5.5354167596 
-0.37275729867 0.2644247482 4.8501562811 -0.1279835212 1.0401832001 5.73622012 -0.2518316822 0.99937881218 5.1780929576 
-0.17501537958 0.94707831529 5.3911141879 -3.6558348667 -4.9576673499 4.2125709544 -3.5113152223 -5.090678336 4.162025151 
-3.7880045666 -5.4385875117 4.4208757407 -3.2566610862 -4.5140504007 3.8980668803 -4.0545946429 -5.749349178 4.6906507385 
-3.8557811131 -4.9047327266 4.4417232897 -3.276149642 -4.1243230301 3.9992805998 -3.0793454188 -4.6616417838 3.7397938598 
-3.625232595 -5.8032343102 4.5959919761 -3.358769767 -5.3927613146 4.1340284319 -3.9191500164 -6.1496022811 4.7378905995 
-0.22221873463 0.39888588546 -0.39251792372 -0.25595748927 0.40454428765 -0.39890991524 -0.57524913689 0.19401891772 -0.37181155014 
0.00046144985058 0.012821396698 0.44770438571 -0.18497056465 -0.21597132827 -0.46642215431 -0.17076272932 -0.24117204003 -0.47098679673 
-0.080534813874 -0.50393361458 0.35816166496 -0.020992027523 -0.54663838407 0.45406931501 -5.2626579151 -4.2432234386 9.1152685507 
-0.10264111754 0.32898440196 -0.42119329682 -0.1707765793 -0.82980609172 1.6148524154 -0.20649144756 -0.86286573877 1.7057141674 
-0.14181738979 -0.95550372071 1.8062448616 -0.42249822728 0.28469158457 5.687057484 -0.26307672906 -1.1404306519 0.38021602855 
-2.0576664376 -0.036216501627 2.0822894087 -2.2843015074 0.0061792945844 2.0758249739 -2.1080020002 0.076312846393 1.9950006477 
0.020010883421 0.087453644734 -0.086692229332 0.027198771904 0.052511821568 -0.042385369002 -0.119410136 0.17836443738 -0.92999169652 
-0.11820425464 0.18799545057 -0.93050063022 -0.12434322004 0.2343026985 -0.96114732099 -0.13045956934 0.18541678407 -0.92221660319 
-0.091895485595 0.14022661866 -0.88788572336 -0.096204130972 0.12008194959 -0.88658415319 -0.12605627946 0.13592737698 -0.89876283333 
-0.10053621518 0.19982113009 -0.92187989667 -0.091319772973 0.14913812435 -0.87766665325 -0.62790851915 -0.12389492095 2.0349665081 
1.1213724808 -2.4382723771 3.3855327804 1.1197833894 -2.4355757689 3.4581901525 -1.0661514672 -5.815050274 4.5224004664 
-0.70121617262 -5.7642719314 4.7412547954 -2.0302112437 -6.7360843731 5.4150883111 -1.2934694841 -5.7318616095 4.2095679927 
0.71853177041 -1.8511561669 2.2621535172 -4.615871259 -6.3999778018 9.758969684 -3.6664777027 -7.2146559765 9.3336781058 
-4.5356721321 -5.4702034329 9.5179344151 0.031234663341 -0.25657950796 -0.42006892938 -0.018121973031 -0.24926231271 -0.4346823245 
-1.2469080608 -1.7561202041 -0.063879802328 0.2917509021 0.29228302213 -1.1449720578 0.37994301794 0.20816171994 -1.1105061969 
0.26420250091 0.33555751572 -1.171783955 -0.045787127001 0.9946308635 5.8641677635 0.025609573719 0.84122800933 5.4075548511 
-0.42329858371 -1.7657423997 0.4618812511 -2.1663344295 -0.96083801518 3.0098872122 2.1982118556 -2.9997887693 4.543954728 
1.7773675875 -3.3232393534 4.2086438488 1.8122503233 -3.2438127344 4.1083755495 2.2111754918 -3.1580046388 4.1791016969 
-1.5332807757 0.16745224373 -2.0423128378 -1.7481690462 0.5892762136 -2.2334586735 1.3844638623 -2.6092565729 4.8137518328 
-0.28625762296 -0.3728052213 -0.36521590628 -0.28994200793 -0.4052341299 -0.27240531001 -0.61608566693 -1.3552762788 3.3357360868 
-0.049525225665 0.19641104649 -0.23197885489 -0.043937946188 0.19077433376 -0.22749389766 1.5275070257 -3.3237617107 6.6265573959 
0.62422623293 -2.1457397563 5.6478091109 1.1530856406 -2.0801521288 5.3492070066 1.3367337418 -1.4347509696 5.646512509 
0.90890285178 -1.179885461 5.723823413 0.10745839261 -2.3555789949 6.0842114745 -0.91848512585 -4.0757156309 7.1617023227 
-4.0614927294 -4.6548134323 8.5683198949 -3.5015885246 -5.4837197585 8.7035874089 0.11796846762 0.40292529534 4.6564452571 
-0.02021272691 0.56933217503 4.6099818925 -0.13190488728 0.72305819541 4.6730413283 -0.21563427224 0.87413982547 5.0194492182 
0.76340259045 -1.9074106868 2.3996036505 0.69490460627 -1.8059296122 2.2362151178 0.89552755077 -2.1068433838 2.7321961769 
-0.61744692067 -3.5531768286 2.9512331892 0.12037645303 -3.5926657328 3.2076418352 -0.2308017682 -3.7378705967 3.1401978025 
-0.78286715261 -3.5368110798 2.8644951985 -0.49866690295 -1.6234010715 0.16888859714 -0.39358845577 -1.6356966842 0.32386847242 
-0.30931685434 -0.46562132546 -0.43177855092 -0.30434101294 -0.4556501637 -0.14346149688 -1.1683868213 0.088106126431 -0.62926422139 
-1.1916383681 0.064714612836 -0.5778806198 -0.30854572625 -0.41516219799 -0.51212358043 -0.14481668005 0.34743962682 -0.34985067409 
-0.20414516394 0.38191246003 -0.35161445253 -0.17293173561 0.37208284856 -0.36428231214 -0.85227718763 -2.164857739 2.8916311406 
-0.86298259566 -1.744006936 2.7938714172 -0.75941304931 -1.8071698366 2.5965442645 2.0274315928 -0.9294122065 4.9505815565 
2.1015898972 -0.96366680439 4.6337497113 0.18295344136 -0.09450295061 0.59662058378 -2.2839771948 -3.8826384194 4.2880050154 
-2.1980600318 0.33906508745 -2.5810852518 -1.5105463581 -4.4503047341 3.2532934019 -1.2796653173 -4.4234084211 3.3063140095 
-1.634926623 -4.7630815373 3.3797522731 -1.8777930663 -4.7080424595 3.381273179 -1.1697049036 -4.1506072576 3.2144586817 
-1.9261010588 -4.2680249333 3.2531014536 -1.5128677945 -4.0522335028 3.1422820491 -0.77467097032 -4.1914283974 3.286737923 
-0.98152700957 -4.7114824469 3.5427525292 -1.4733088471 -5.180091346 3.6760671898 -2.2059474208 -5.4380613075 3.8109664493 
-2.0812224768 -5.752793209 4.0554037973 0.16435259751 -0.053239802636 1.1397665565 -3.8809844966 -7.1280823828 4.7658858297 
1.1024517707 -3.0032419747 4.7571215827 0.43420609667 -1.2330042146 1.4846098087 0.53114551425 -1.425851564 1.7394244033 
0.61672663983 -1.5911136946 1.9399936375 -0.27174356446 -1.5042959508 0.49509606307 -0.31712231298 -1.4918279209 0.31485748517 
-0.49172503794 0.26705304448 -1.748179929 0.54866097639 -1.4942449596 3.75080456 -0.93176305535 -2.3966897682 5.5839931891 
-0.73048304088 -1.8392751995 4.8880174233 1.6490569198 -1.8387369337 5.9798104186 -3.3846163813 -3.394659962 7.0365371443 
-3.21359657 -2.4464151602 5.9096852038 -2.8510577244 -3.5582596681 6.6074821146 -2.1904803925 -3.4462397255 5.6850012096 
-2.3069203538 -3.797875155 6.1343686891 -0.3464778173 0.89898459312 5.0064435633 -0.29871444353 0.87222304327 4.8340491613 
-0.3567752093 0.79830812111 4.8215914549 -0.35855879475 0.76355247672 5.030415394 -0.32253555974 0.80077762686 5.3746739121 
-0.2768504361 0.68149962325 4.3666449669 -0.21059771796 0.69289016193 4.3354025971 -1.4889154803 -7.0726901522 6.3682087636 
-1.7909074194 -7.2154639804 7.2607642196 -0.31462234829 -5.3936517436 5.2560297953 0.033429918939 -4.6624810398 4.2736736642 
-0.85425743797 -6.1371801068 6.3134191277 -0.469136423 0.19117941028 -0.33912585867 -0.5325362804 -2.1920683135 1.2040546531 
-0.49812715155 -2.1353582794 1.0883036965 -0.56862002291 -2.3265441396 1.0322372455 -0.47064954162 -1.9705219301 1.3193199726 
-0.40796671182 -1.8325327939 1.2031398738 -0.49381744602 -2.1725901469 0.87258213196 -0.41639765583 -1.9167317137 0.96892186084 
0.099863283535 -1.2013841471 0.91551947815 0.022703777763 0.17702569329 2.4339834382 0.10693248663 0.038895000973 1.6859188422 
0.082958868676 0.10538080332 2.2075058762 0.022686912975 0.29548965964 3.2324013615 0.070590670491 0.18244360631 2.7567964085 
0.029820254344 -0.053482309973 0.52129336854 -1.0242014792 0.63427258563 1.2388907025 -0.78492579838 0.5584372295 1.5055166749 
-0.90942268606 0.64334968271 1.1823166977 -0.60363008306 0.49516549247 1.3546469924 -0.1094003024 0.22099644896 -0.15631632966 
-0.030344707884 0.053989812011 -0.77810957514 -0.31256220666 0.63241509923 5.801403877 -0.24558885289 0.59812984418 5.8715041653 
-0.39955029753 0.5163780363 5.8917511423 -0.35811620494 0.67353551783 5.525641774 -0.25250403026 0.77371975586 5.6089944669 
-0.23373902136 -0.61625603618 2.8295766827 1.3310130079 -3.4605966869 7.2169965174 1.3286319888 -3.4370422342 7.2022483373 
-0.49355379997 0.49028309083 -0.1255420839 -0.4696800344 0.512902666 -0.059194056906 -0.053693348906 -0.6277938284 0.46554389352 
0.48756855402 -1.3203075141 1.5531972125 0.5371473661 -1.442538509 1.7203661814 0.60067959986 -1.6106667751 1.8750888511 
0.41049323343 -1.1327146307 1.3402711903 -2.0032561888 0.51185612234 -1.6651607598 -1.7195534846 0.44559523363 -1.5447164203 
-1.7084582169 0.44945349378 -1.6690451 0.38557739344 -0.30677466836 -0.69360697331 0.32374674971 -0.28709459139 -0.61358776059 
0.38872969237 -0.28984615812 -0.71191875009 -0.88687960059 -0.042964614532 -0.3212589712 -1.129599981 -0.011196834267 -0.37024761311 
-0.99649825054 0.0060487835465 -0.42183790653 -1.012419597 -0.094894835817 -0.22354299671 -0.98208478708 0.030623426777 -0.49220964254 
-0.56878196347 -0.67692711933 2.0100502007 -0.60634052507 -0.57392843548 2.0258468635 -0.59678301318 -0.38415233366 2.0340007261 
-0.01544991773 0.22801603685 -0.34970827821 0.28333605676 -1.2680781477 2.3277665483 0.47950194144 -1.4930989807 3.1672577614 
-0.27179138803 -1.5696150665 0.77787685098 -2.4462340102 1.0641584721 -2.9422329709 -0.62074411222 -2.5500247132 1.5016594583 
-0.12058052628 -1.0714364376 1.6592936682 -0.06357592797 1.0407587286 6.1680275482 0.79305647315 0.83660548079 -0.6074713682 
1.3628462211 -2.6221208006 4.4990866747 1.3332948067 -2.5463960231 4.3918113223 1.2889184488 -2.528694702 4.0804614258 
1.2104142189 -2.4123225696 3.8197235911 -0.46254863365 0.45061643287 -0.16247029875 -0.36190691967 -1.2477950805 -0.18212481936 
-0.39280501673 -1.2087961394 -0.3333236224 -0.48407221202 -2.2746138468 1.2209363076 -0.54930472008 -2.3955587389 1.3377933544 
-1.2804253517 0.35523418919 -2.4924689623 2.2424477145 -1.0154555183 6.287769062 2.4028618023 -0.8965441597 7.4322380804 
-1.4654623592 0.46365477039 1.4624748633 -1.304252105 0.39496084999 1.0721843417 -2.9916791483 -5.1042757625 3.7961722956 
-2.8711945128 -5.4439079638 3.9858146847 -3.1974068981 -5.7997882297 4.2986440056 -2.5334079684 -4.7557801088 3.5707985456 
-2.3869712015 -4.8874913231 3.6216093786 -2.6407108524 -5.78042171 4.1765678062 -3.3855689941 -6.1679553981 4.7075388272 
0.35590370619 -0.27879405467 0.49336434013 0.14881913884 0.27059700309 3.9372959275 0.050619885918 0.36144789214 3.9506501736 
-0.10269332998 0.29529566703 -1.988056327 -0.30167452118 0.2921035736 -1.9585050913 0.079468109823 0.24451495159 -2.0689848953 
0.25231519469 0.25502951228 -1.950089102 0.21275952245 0.31032394142 -1.8084878987 -0.09619421966 0.32276964409 -1.8566299721 
-0.33553591406 0.29287714441 -1.8093903892 0.17035603999 0.15501229055 0.61138574504 -0.22951886949 -1.4987512993 3.1356245533 
0.52745251718 -1.4661929007 1.7772398159 -0.37350112045 -1.565794312 -0.11764110341 -0.35064183089 -1.4206863155 0.028024896343 
0.18548389919 0.72146655772 7.7729296554 0.059080364769 0.71369390992 7.4452610715 0.21895581686 0.56810715028 8.2594060327 
0.2286373703 0.8048154361 7.505991969 0.047463429124 0.90181069641 6.993328046 0.48891749153 0.48035010242 8.5529567109 
0.018039197705 0.87354398048 6.8343949083 0.0074276745088 0.87424865483 6.3808843221 0.074274967869 0.47122139054 7.4692811315 
-0.072986314256 0.12288615415 -0.82631172778 -0.086032822989 0.14659367814 -0.84206091964 0.94947194312 -2.0617997607 2.9643769814 
0.16395324919 -0.038188708847 1.4405800849 -0.39405745921 -1.4416451269 -0.25703817854 0.66168254055 -1.721486306 2.0920534891 
0.59162614528 -1.6092422126 1.9757491389 -5.4066261236 1.410020088 -1.4275459257 -0.076492746744 -0.28980262168 1.7543997736 
-1.2993869237 -3.7364624429 3.4539804269 -1.2113104465 0.32877490053 0.62483318688 -1.2474403441 0.27624396423 0.62225311429 
-0.93412276648 0.36802503806 -0.083523653555 -0.56723073212 0.52252216825 1.0774838817 -0.71155759114 0.57539599947 1.0533518846 
-0.72805928219 0.60263392102 0.85549798285 -0.64009409415 0.5915161182 0.82347188209 -0.29756427999 -1.7576210346 0.71480383859 
-2.2761240454 -1.3161885742 3.1219894662 -2.3137927888 -1.183927821 2.774034799 -0.04685917828 0.26282724337 -0.37009496485 
-0.031741509953 0.24297978163 -0.3560393818 0.3782694419 -0.3620401104 0.35017917563 0.29991302436 0.22652420664 1.0460185804 
-3.8661887533 -7.3122576993 4.545486615 -0.69931024202 -0.67207046129 2.0691351595 -0.094914615725 0.21440354433 -0.92707802714 
0.2791232824 -0.25565461078 0.20145315415 -0.1142002228 -4.5573861744 3.8130581511 -0.59400228946 -4.8406453005 3.7812763922 
1.1666566492 -3.446489607 7.4057633394 1.1653406447 -3.5003482148 7.4626806559 0.43881351393 -1.4925478445 1.598657197 
0.40791609956 -1.4334502933 1.5369239942 0.34219879987 -1.3910445365 1.3953321748 0.51287394341 -1.608983163 1.782422777 
0.56042095018 -1.6779570926 1.8843102214 0.33669254802 -1.3485652654 1.3991467664 0.28828109541 -1.2952123485 1.294965881 
-0.089492713932 0.16658964174 -0.86317713606 -0.085015498677 0.15629956866 -0.86061144282 -0.4641400571 0.066605796108 -1.1903169753 
0.98974913737 -2.2529106076 3.0189120975 -0.32482013736 -1.6552747637 1.0553850127 0.96696906518 -2.0757887449 2.9457899352 
0.87782767884 -2.0243920034 2.7562189531 0.95719430248 -2.0824130628 2.9601027752 1.075026398 -2.2204121884 3.2944887613 
0.91460826918 -2.0541225633 2.822195153 0.74950326669 -1.8885174507 2.3754561859 0.68326351075 -1.814359001 2.1895638466 
0.85748859864 -1.9804394287 2.6588074317 -4.1627118853 -6.9228272548 4.9594930491 -0.053876676353 0.29352491438 -0.40322828565 
-0.048205999595 0.29330106688 -0.406656388 -1.9120292429 1.1099212267 -2.4243632884 -0.36214692787 -1.1231171758 0.28826515679 
0.68315436833 -1.8121356803 2.1303752541 0.6893048324 -1.8808985264 2.1546824162 0.61439635825 -1.6020733955 1.9374919511 
0.75087373742 -2.0265450238 2.3356469392 -1.5470988794 0.4339851985 -2.5045694082 -1.5755456708 0.42705003256 -2.2971413865 
-1.4931823271 0.40918187813 -2.6035943852 -1.6825452359 0.45095898202 -2.7839825913 -0.85720603804 0.63590553501 0.88102692724 
-0.8536541366 0.62094477998 0.69795865757 -2.1283826856 0.56487614265 -2.8791424676 1.3664102866 -0.91346975023 5.8519247916 
1.7951717991 -1.0295113361 5.9301512575 -0.091217389715 0.31122912894 -0.39190375566 -2.5504036765 -6.5082618159 4.8654617047 
-2.5549011873 -7.0686706916 5.8749198558 -1.9391916472 -6.115885857 4.467552807 -0.13844931534 0.35270999581 -0.39172390204 
-0.18673480368 0.38297217231 -0.38760847957 -0.83095655752 -0.21086391456 -0.034338800438 -0.036629792875 0.94156727819 6.1423808662 
-1.6865718721 0.44383318378 -1.971239206 1.4284934955 -1.1076531994 3.1726746241 -7.2806099521 1.7761329273 2.1608663512 
-6.7067701644 1.8059739077 1.2101952331 -6.4285590331 1.6766474981 1.4386625576 -5.9573751853 1.4190332975 2.0568199356 
-7.3358939615 1.539097835 3.6058411579 -6.1145247965 1.7025116788 0.099374036402 -5.1147766361 1.3516114917 0.27182731092 
0.42197957462 -4.0608310397 4.7712822228 1.0013080601 -3.2069626774 4.4473760909 0.097745777528 -4.1238163721 3.6016566671 
0.0072610917721 -0.73596964915 0.5997443683 0.036643158098 -0.69651354866 0.61420171704 -0.60258210706 0.42730115784 -0.19246841464 
-0.68188913989 0.44817441912 -0.16483941098 -0.77278874306 0.42544757428 -0.14547728038 -0.72629983822 0.45017331743 -0.15012311547 
-1.4373729025 -3.7986921438 3.5442564693 0.6852454145 -1.8318472527 2.2239637925 0.58714455763 -1.721936629 1.9399800747 
-1.172168203 -3.898123324 1.9804806703 -1.2717455695 -4.1762073466 2.6073857198 -1.0488313502 -3.591531689 2.1314548021 
0.2538403177 0.057643137435 3.4298008753 0.093189391681 0.23613267584 3.3666381284 -0.039265994187 0.44704963128 3.8294713727 
1.8421936451 -0.75420882254 6.2163504152 2.063259473 -0.7803217806 7.3645944359 -0.67972598543 -2.5713421303 1.4073161484 
0.54262148548 -3.5162289889 3.3193522639 -0.27209699808 -4.2413905082 3.4222861748 -1.5090824839 -4.6955419075 3.0952424669 
-0.74594475684 -0.34291776205 0.20842994039 -12.495826266 -5.3756357944 12.421647344 -0.37935325059 0.97354495022 -1.4550660155 
-0.80168028998 -1.0658306763 6.8583594349 -0.71128105911 -0.79794686342 6.7147734449 -0.89870424981 0.19619151017 -0.41673798845 
-0.85702822734 0.40414645892 -0.11071462443 0.25659621754 -1.1719884368 1.197846629 0.19734541739 -1.1380820018 1.0711780298 
0.60370306171 -1.518657895 1.8783808628 0.65888564434 -1.6843602505 2.0460924592 0.7328135117 -1.8987144233 2.2687181513 
-1.1469312082 -0.10560766122 -0.14854601723 1.1185856977 -2.7124174607 3.2635521075 -1.0236969076 0.37211118213 0.023351974683 
0.95618664047 -2.1858744297 2.9177662056 0.17737156643 -0.92923513486 0.9374361918 0.16127669542 -0.95836580048 0.92913608475 
-0.24805573508 -1.5274171479 1.0329103533 -0.24704917178 -1.5444636097 1.1369443784 -1.0593927387 -3.6403737974 7.215216749 
-2.5183924882 -5.5352690886 9.0212411818 0.44869040322 -1.3003855766 5.8679401182 -6.0766819085 -6.3441678291 10.755749285 
0.096187291685 -0.72756006041 0.701437617 0.079147496698 -0.64574115789 0.63499201157 0.059744982045 -0.64988741524 0.6171778595 
0.090937765742 -0.76915228455 0.71952058156 0.1333308705 -0.72820522923 0.7489291532 0.063495270777 -0.53829194977 0.54064886957 
0.027855490121 -0.5547711078 0.51914769503 0.11582073899 -0.63014649006 0.663522405 -1.1675952106 0.63280068777 1.3139709011 
-1.0092184 0.66032226918 0.99423236125 -1.0950548658 0.62026009539 0.95285326408 -1.4743027188 -3.3354225459 7.8002713832 
-1.17720078 -3.3050736618 7.8724105992 -0.38938082847 0.53905511976 5.5458168625 -0.73407311339 -0.48359405496 2.071476308 
-0.94897453809 -0.3525274018 2.1031761864 -0.76800538742 -0.26769816765 2.0551624677 -0.88919436606 -0.53279724573 2.1163714863 
-0.3780685747 0.63967768936 4.9470527625 -1.0051803649 0.13751542792 -0.41579577774 1.1688886433 -2.4051785362 3.6252234435 
0.99837368524 -2.1873794077 3.0710353919 -0.44426249645 -1.1982825963 3.8050617284 0.3619467504 0.40670930365 -1.5753004365 
0.2392051111 0.3521130591 -1.6688130703 0.44601446885 0.3707261581 -1.6274932352 0.38275125914 0.42419187919 -1.4436749885 
0.13115251234 0.3693681228 -1.5530074221 -0.07423783382 0.32176999249 -1.6526407446 -0.41562521883 1.3737272941 -1.6521868213 
-0.36759040892 1.2607373933 -1.6209329997 -0.2946306901 1.3483127499 -1.6343526643 -0.37348461182 1.5088025005 -1.7229607316 
1.1736244943 -0.52165967957 5.6740186599 0.25724594249 -3.872690231 3.5213688648 0.54871012705 -3.7415872864 3.6407818114 
-0.23820349594 0.41190619451 -0.37851003632 -0.41155181316 0.42628061042 5.3939781811 0.29140552248 -3.1740562501 7.9177183856 
-0.20146960842 -3.1069302314 8.0077185589 0.11252895042 -3.1505447371 7.9333611021 -0.0054797228718 -3.1702053892 7.9700128195 
-0.29955126622 -3.1781758986 8.0047097674 -0.4405861534 -3.188291531 7.9781691531 0.1564415662 -0.40074693969 0.50385068346 
-0.26530433648 -0.7678861462 2.9668407749 -0.27424242116 -4.0662782774 3.4104690951 0.89007116816 0.091802209651 9.4877817519 
1.3340984453 -0.20327496772 9.7947825105 2.2204888967 -0.78301015235 8.631209192 1.7873981001 -0.61048206015 8.8824374573 
-0.79935159721 -1.9986795001 4.9387761845 -1.0177723208 -1.3715576081 8.2917572037 -0.89317365953 -1.0792827679 7.583895765 
0.83623174242 -1.9487520147 2.6476280511 -0.939498169 -0.20545651408 -0.0076874039056 0.066981663541 0.129993085 7.4295251757 
0.021415713872 -0.10364666441 7.594986191 -4.4213623453 -3.7631701746 8.1222864364 -0.082927013269 0.44423171225 -0.30714935482 
-0.047079947895 0.42750002069 -0.274646816 0.3950705486 0.52131092815 1.0414321167 1.7813090437 -0.68323887886 5.5326108418 
-1.1745831846 0.52224922067 0.7417607272 -1.1200292809 0.58589814146 0.74973699425 -1.1720394485 0.55802662774 0.87280653247 
-1.2069290052 0.47015053172 0.82725989244 -1.1638512786 0.4769540835 0.55558412925 -1.2029043985 0.444567967 0.68031023145 
-1.039996654 0.62307628546 0.76078566152 -1.1760135962 0.58558035319 0.98726595178 -1.2715691754 0.51756700781 1.1004135299 
-0.93543902868 0.42199608573 -0.022455580744 0.76719043231 -1.9826908847 2.3395297808 -0.36172755525 0.54860467403 4.4883270458 
-0.33425432731 0.63729569442 4.5256187242 -1.9897782946 -4.239249252 4.6596548203 -0.26958696312 0.16566660293 -0.29507584295 
-0.59041405105 0.51584307714 -0.10219841762 -0.5460665521 0.47421987672 -0.15819774661 -0.059447865504 0.092069871322 -0.85480995932 
-0.037274796746 0.27760712201 -0.38789786348 -0.032840562813 0.26502108472 -0.38490707159 0.9741539042 -3.6007964913 3.6755987271 
1.3147827096 -3.4545208945 3.7527531292 -4.3116580226 -6.6767831393 4.9596393167 -0.88620636643 -0.33148363208 0.21522751798 
0.30764597727 -0.84022125674 0.99880161879 -0.17771400443 1.2579670977 -1.6026715631 -0.13852426844 1.1846728169 -1.5699614396 
-0.052490387107 1.3896710395 -1.6865078975 -0.018945708835 1.3495574863 -1.7005484557 -0.50371975704 -0.0010831341677 -0.24708240175 
-2.9884873728 -5.3902363181 7.9555483088 -0.85333642364 0.44653385889 -0.088751412221 -8.1588047134 -6.6575517245 11.779566519 
-0.037027086384 0.056264734514 -0.84725470862 0.069293115735 0.86409225118 6.6939705513 0.32624034965 -0.00215333715 -0.13383835633 
-0.52123009323 -0.085681642274 -0.19924516925 -0.45402513679 -0.083729016247 -0.15885418592 -0.38404686263 -0.077938463097 -0.1190242546 
0.52568521476 -3.2751673708 7.804901319 0.26746785621 -3.2135012803 7.9015067888 0.71739795064 -1.8552655043 2.2644884237 
0.81764817296 -1.9729000847 2.566545795 -1.1861680826 0.40363183516 0.56124307327 -1.0098157774 0.36180673053 -0.016805223581 
-0.2995325057 0.4324153572 -0.37005348054 0.90190492222 -2.3611040022 2.7262206678 0.88140016483 -2.3781514023 2.6909778413 
-0.54337368848 0.43635025277 -0.19904766312 -4.2291177177 -2.7620297478 7.0582469556 0.53205432059 0.34025110951 -1.2924259224 
0.51363526318 0.27941342478 -1.2109467082 -0.8276354583 -2.8258467277 1.9868613491 -1.287882018 -0.0082151826918 -0.34051266605 
-1.3825324657 0.61922535606 1.5572900501 -1.73910714 0.38263966146 1.7460289169 -2.0520717115 0.21159769773 1.9127469183 
0.16903260885 -0.000854982562 2.0077022992 -1.7253654872 -5.0797172312 4.2180620808 0.91871246541 -2.3448278563 2.7555350153 
-8.0210085354 1.6180478042 -5.4461703109 -1.3471501163 -2.4834281457 9.6186443612 -1.355837621 -2.327332145 9.342690471 
-0.3379204726 0.25255640789 -0.36853903865 -0.33734432029 0.21541693195 -0.35769424649 1.0602832589 -3.328129685 7.4405252255 
0.86296743345 -3.311655893 7.6271416218 -2.047870869 1.4547900884 -2.6018653131 0.57513894799 -3.2652630104 7.8123349361 
-0.96010675596 0.64556730818 0.82375760659 -0.99177276839 0.62643219289 0.63346647942 -0.6470975095 -2.734197362 0.049870071155 
-0.69699848347 -2.698942002 -0.28073392908 -0.80710109884 -3.1484832515 0.0027395031533 0.39541744758 -0.33624392467 0.44219275866 
-2.8322231502 -4.504268791 7.1953935096 -1.1024094615 -3.8348839426 3.0821161942 -0.74234010258 -3.9621579387 3.2367429956 
-0.30155940475 0.24926386813 -0.374477604 -0.17197142616 0.33550478557 -0.34424024318 -0.22494677456 0.25817743749 -0.3620236999 
-0.85623476068 -2.7401635202 -0.83459015169 0.69569976198 0.52190622671 -1.0836505707 0.54832917171 0.4615168717 -1.2325685679 
0.85623726839 -3.3658209851 7.6658969728 -4.4156036197 -5.8956409706 4.9299210021 1.6537882301 -3.3339173794 3.7687770969 
-0.39898215119 0.44073366141 4.8749461219 -0.38476370209 0.51151684663 4.7773699183 -1.1869047173 -1.8535710807 8.8050160692 
-1.3003517442 -2.3723824514 7.6037894382 -6.2549964566 1.2265795562 3.3654454791 0.21389681301 0.0089661724395 2.655730891 
-2.246445648 0.16666629271 1.8632519466 -0.9189864057 -3.2339126522 -0.53436414167 -0.049698777714 0.28301707784 -0.39524224129 
0.68638537463 0.79634587164 -0.67456909329 0.28055071152 -0.0028332997475 -0.38770127413 0.11974203034 -0.99122700768 0.88696504292 
0.14429206068 -1.1034776857 0.94985068569 0.841537782 -1.9426451357 2.628806687 -0.73739088614 -3.7431729713 3.1143088499 
-4.8291793067 1.22572701 0.62654946557 -4.2253127353 1.0559911245 0.6355268064 -4.6658315249 1.2153650444 -0.74173807999 
-3.8916301975 0.97260745008 -1.1506907473 -1.6159604054 -2.0555431111 1.5787413395 -0.94815314159 0.4102499153 -0.038997311126 
1.7124827833 -0.4991876715 8.0424545367 -0.26690031676 -3.9221175007 3.3464269134 -3.486215758 -4.3323671729 7.7559477435 
1.0881989131 -2.3332135704 3.3188487393 -1.0054288703 -1.3982043539 7.7532389748 -4.6411295118 1.2123223646 -1.3087350088 
-3.6557873529 0.90283385012 -1.7776766239 1.3219965993 -0.087480578346 9.3307254036 -3.7453997351 0.9059894303 0.83026185858 
0.042811475754 -0.41859906019 0.42369105907 -0.065011746491 0.29227670908 -0.39672214763 -0.12506938899 0.33553024335 -0.31649309944 
0.07813891588 -0.82557746689 0.73691413536 -0.31780798782 0.33440385744 -1.1459022617 -1.2746517284 -4.1260813501 3.1161589897 
-1.0518833448 -3.4340608951 2.5889615832 -1.4465014671 -4.5116714478 3.5162082931 -0.75726471635 0.46389695882 -0.13738553515 
1.0383286575 -2.7045214413 3.0550044479 -0.8210179395 -2.6941190229 2.2866808443 0.079648749172 -3.7785897528 3.4047892351 
0.46576687372 -3.6506627531 3.4384234838 0.87636093282 -2.0556399203 2.6922819757 -0.69223701493 0.47508861041 -0.15083557577 
-0.61593314509 0.46449161062 -0.17571853813 -0.64358794725 0.49887972648 -0.13678735103 -0.71653619083 0.49725650158 -0.12418379144 
-0.16178456005 0.24071160653 -0.34421357501 -4.5842750881 1.0390945989 1.5920949873 -6.2243331633 0.22566315729 -6.4960136764 

